M,n,prime_label,prime_value,scheme,profile,accounting_scope,boundary_policy,K_refresh_start,K_refresh_end,refreshed_state_elements,seed_refresh_model,seed_state_model,seed_state_elements,online_comm_per_party,seed_refresh_per_party,comm_per_party,comm_total,communication_value,lxyy_baseline_model,baseline_value,overhead_ratio,refresh_count
3,2,PRIME_MERSENNE_61,2305843009213693951,naive,n/a,per_party,fold_after,1,1,9,none,none,0,18,0,18,54,18,online_verify_reconstruction_units,14,1.2857142857142858,1
3,2,PRIME_MERSENNE_61,2305843009213693951,naive,n/a,total,fold_after,1,1,9,none,none,0,18,0,18,54,54,online_verify_reconstruction_units,42,1.2857142857142858,1
3,2,PRIME_MERSENNE_61,2305843009213693951,dpss_model,n/a,per_party,fold_after,1,1,9,none,none,0,18,0,18,54,18,online_verify_reconstruction_units,14,1.2857142857142858,1
3,2,PRIME_MERSENNE_61,2305843009213693951,dpss_model,n/a,total,fold_after,1,1,9,none,none,0,18,0,18,54,54,online_verify_reconstruction_units,42,1.2857142857142858,1
3,2,PRIME_MERSENNE_61,2305843009213693951,full_mask,n/a,per_party,fold_after,1,1,9,none,none,0,18,0,18,54,18,online_verify_reconstruction_units,14,1.2857142857142858,1
3,2,PRIME_MERSENNE_61,2305843009213693951,full_mask,n/a,total,fold_after,1,1,9,none,none,0,18,0,18,54,54,online_verify_reconstruction_units,42,1.2857142857142858,1
3,2,PRIME_MERSENNE_61,2305843009213693951,kernel_mask,n/a,per_party,fold_after,1,1,5,none,none,0,10,0,10,30,10,online_verify_reconstruction_units,14,0.7142857142857143,1
3,2,PRIME_MERSENNE_61,2305843009213693951,kernel_mask,n/a,total,fold_after,1,1,5,none,none,0,10,0,10,30,30,online_verify_reconstruction_units,42,0.7142857142857143,1
3,2,PRIME_MERSENNE_61,2305843009213693951,prss_local,local,per_party,fold_after,1,1,9,none,none,0,9,0,9,27,9,online_verify_reconstruction_units,14,0.6428571428571429,1
3,2,PRIME_MERSENNE_61,2305843009213693951,prss_local,local,total,fold_after,1,1,9,none,none,0,9,0,9,27,27,online_verify_reconstruction_units,42,0.6428571428571429,1
3,2,PRIME_MERSENNE_61,2305843009213693951,prss_local_seed_dpss,local,per_party,fold_after,1,1,9,dpss,one,1,9,10,19,57,19,online_verify_reconstruction_units,14,1.3571428571428572,1
3,2,PRIME_MERSENNE_61,2305843009213693951,prss_local_seed_dpss,local,total,fold_after,1,1,9,dpss,one,1,9,10,19,57,57,online_verify_reconstruction_units,42,1.3571428571428572,1
3,2,PRIME_MERSENNE_61,2305843009213693951,prss_local_seed_naive,local,per_party,fold_after,1,1,9,naive,one,1,9,2,11,33,11,online_verify_reconstruction_units,14,0.7857142857142857,1
3,2,PRIME_MERSENNE_61,2305843009213693951,prss_local_seed_naive,local,total,fold_after,1,1,9,naive,one,1,9,2,11,33,33,online_verify_reconstruction_units,42,0.7857142857142857,1
3,2,PRIME_MERSENNE_61,2305843009213693951,prss_local_seed_dpss,local,per_party,fold_after,1,1,9,dpss,M,3,9,12,21,63,21,online_verify_reconstruction_units,14,1.5,1
3,2,PRIME_MERSENNE_61,2305843009213693951,prss_local_seed_dpss,local,total,fold_after,1,1,9,dpss,M,3,9,12,21,63,63,online_verify_reconstruction_units,42,1.5,1
3,2,PRIME_MERSENNE_61,2305843009213693951,prss_local_seed_naive,local,per_party,fold_after,1,1,9,naive,M,3,9,6,15,45,15,online_verify_reconstruction_units,14,1.0714285714285714,1
3,2,PRIME_MERSENNE_61,2305843009213693951,prss_local_seed_naive,local,total,fold_after,1,1,9,naive,M,3,9,6,15,45,45,online_verify_reconstruction_units,42,1.0714285714285714,1
3,2,PRIME_MERSENNE_61,2305843009213693951,prss_local_seed_dpss,local,per_party,fold_after,1,1,9,dpss,M_squared,9,9,18,27,81,27,online_verify_reconstruction_units,14,1.9285714285714286,1
3,2,PRIME_MERSENNE_61,2305843009213693951,prss_local_seed_dpss,local,total,fold_after,1,1,9,dpss,M_squared,9,9,18,27,81,81,online_verify_reconstruction_units,42,1.9285714285714286,1
3,2,PRIME_MERSENNE_61,2305843009213693951,prss_local_seed_naive,local,per_party,fold_after,1,1,9,naive,M_squared,9,9,18,27,81,27,online_verify_reconstruction_units,14,1.9285714285714286,1
3,2,PRIME_MERSENNE_61,2305843009213693951,prss_local_seed_naive,local,total,fold_after,1,1,9,naive,M_squared,9,9,18,27,81,81,online_verify_reconstruction_units,42,1.9285714285714286,1
3,2,PRIME_MERSENNE_61,2305843009213693951,prss_commit,commit,per_party,fold_after,1,1,9,none,none,0,11,0,11,33,11,online_verify_reconstruction_units,14,0.7857142857142857,1
3,2,PRIME_MERSENNE_61,2305843009213693951,prss_commit,commit,total,fold_after,1,1,9,none,none,0,11,0,11,33,33,online_verify_reconstruction_units,42,0.7857142857142857,1
3,2,PRIME_MERSENNE_61,2305843009213693951,prss_commit_seed_dpss,commit,per_party,fold_after,1,1,9,dpss,one,1,11,10,21,63,21,online_verify_reconstruction_units,14,1.5,1
3,2,PRIME_MERSENNE_61,2305843009213693951,prss_commit_seed_dpss,commit,total,fold_after,1,1,9,dpss,one,1,11,10,21,63,63,online_verify_reconstruction_units,42,1.5,1
3,2,PRIME_MERSENNE_61,2305843009213693951,prss_commit_seed_naive,commit,per_party,fold_after,1,1,9,naive,one,1,11,2,13,39,13,online_verify_reconstruction_units,14,0.9285714285714286,1
3,2,PRIME_MERSENNE_61,2305843009213693951,prss_commit_seed_naive,commit,total,fold_after,1,1,9,naive,one,1,11,2,13,39,39,online_verify_reconstruction_units,42,0.9285714285714286,1
3,2,PRIME_MERSENNE_61,2305843009213693951,prss_commit_seed_dpss,commit,per_party,fold_after,1,1,9,dpss,M,3,11,12,23,69,23,online_verify_reconstruction_units,14,1.6428571428571428,1
3,2,PRIME_MERSENNE_61,2305843009213693951,prss_commit_seed_dpss,commit,total,fold_after,1,1,9,dpss,M,3,11,12,23,69,69,online_verify_reconstruction_units,42,1.6428571428571428,1
3,2,PRIME_MERSENNE_61,2305843009213693951,prss_commit_seed_naive,commit,per_party,fold_after,1,1,9,naive,M,3,11,6,17,51,17,online_verify_reconstruction_units,14,1.2142857142857142,1
3,2,PRIME_MERSENNE_61,2305843009213693951,prss_commit_seed_naive,commit,total,fold_after,1,1,9,naive,M,3,11,6,17,51,51,online_verify_reconstruction_units,42,1.2142857142857142,1
3,2,PRIME_MERSENNE_61,2305843009213693951,prss_commit_seed_dpss,commit,per_party,fold_after,1,1,9,dpss,M_squared,9,11,18,29,87,29,online_verify_reconstruction_units,14,2.0714285714285716,1
3,2,PRIME_MERSENNE_61,2305843009213693951,prss_commit_seed_dpss,commit,total,fold_after,1,1,9,dpss,M_squared,9,11,18,29,87,87,online_verify_reconstruction_units,42,2.0714285714285716,1
3,2,PRIME_MERSENNE_61,2305843009213693951,prss_commit_seed_naive,commit,per_party,fold_after,1,1,9,naive,M_squared,9,11,18,29,87,29,online_verify_reconstruction_units,14,2.0714285714285716,1
3,2,PRIME_MERSENNE_61,2305843009213693951,prss_commit_seed_naive,commit,total,fold_after,1,1,9,naive,M_squared,9,11,18,29,87,87,online_verify_reconstruction_units,42,2.0714285714285716,1
3,2,PRIME_MERSENNE_61,2305843009213693951,prss_dispute,dispute,per_party,fold_after,1,1,9,none,none,0,13,0,13,39,13,online_verify_reconstruction_units,14,0.9285714285714286,1
3,2,PRIME_MERSENNE_61,2305843009213693951,prss_dispute,dispute,total,fold_after,1,1,9,none,none,0,13,0,13,39,39,online_verify_reconstruction_units,42,0.9285714285714286,1
3,2,PRIME_MERSENNE_61,2305843009213693951,prss_dispute_seed_dpss,dispute,per_party,fold_after,1,1,9,dpss,one,1,13,10,23,69,23,online_verify_reconstruction_units,14,1.6428571428571428,1
3,2,PRIME_MERSENNE_61,2305843009213693951,prss_dispute_seed_dpss,dispute,total,fold_after,1,1,9,dpss,one,1,13,10,23,69,69,online_verify_reconstruction_units,42,1.6428571428571428,1
3,2,PRIME_MERSENNE_61,2305843009213693951,prss_dispute_seed_naive,dispute,per_party,fold_after,1,1,9,naive,one,1,13,2,15,45,15,online_verify_reconstruction_units,14,1.0714285714285714,1
3,2,PRIME_MERSENNE_61,2305843009213693951,prss_dispute_seed_naive,dispute,total,fold_after,1,1,9,naive,one,1,13,2,15,45,45,online_verify_reconstruction_units,42,1.0714285714285714,1
3,2,PRIME_MERSENNE_61,2305843009213693951,prss_dispute_seed_dpss,dispute,per_party,fold_after,1,1,9,dpss,M,3,13,12,25,75,25,online_verify_reconstruction_units,14,1.7857142857142858,1
3,2,PRIME_MERSENNE_61,2305843009213693951,prss_dispute_seed_dpss,dispute,total,fold_after,1,1,9,dpss,M,3,13,12,25,75,75,online_verify_reconstruction_units,42,1.7857142857142858,1
3,2,PRIME_MERSENNE_61,2305843009213693951,prss_dispute_seed_naive,dispute,per_party,fold_after,1,1,9,naive,M,3,13,6,19,57,19,online_verify_reconstruction_units,14,1.3571428571428572,1
3,2,PRIME_MERSENNE_61,2305843009213693951,prss_dispute_seed_naive,dispute,total,fold_after,1,1,9,naive,M,3,13,6,19,57,57,online_verify_reconstruction_units,42,1.3571428571428572,1
3,2,PRIME_MERSENNE_61,2305843009213693951,prss_dispute_seed_dpss,dispute,per_party,fold_after,1,1,9,dpss,M_squared,9,13,18,31,93,31,online_verify_reconstruction_units,14,2.2142857142857144,1
3,2,PRIME_MERSENNE_61,2305843009213693951,prss_dispute_seed_dpss,dispute,total,fold_after,1,1,9,dpss,M_squared,9,13,18,31,93,93,online_verify_reconstruction_units,42,2.2142857142857144,1
3,2,PRIME_MERSENNE_61,2305843009213693951,prss_dispute_seed_naive,dispute,per_party,fold_after,1,1,9,naive,M_squared,9,13,18,31,93,31,online_verify_reconstruction_units,14,2.2142857142857144,1
3,2,PRIME_MERSENNE_61,2305843009213693951,prss_dispute_seed_naive,dispute,total,fold_after,1,1,9,naive,M_squared,9,13,18,31,93,93,online_verify_reconstruction_units,42,2.2142857142857144,1
3,2,PRIME_MERSENNE_61,2305843009213693951,naive,n/a,per_party,fold_before,0,0,16,none,none,0,32,0,32,96,32,online_verify_reconstruction_units,14,2.2857142857142856,1
3,2,PRIME_MERSENNE_61,2305843009213693951,naive,n/a,total,fold_before,0,0,16,none,none,0,32,0,32,96,96,online_verify_reconstruction_units,42,2.2857142857142856,1
3,2,PRIME_MERSENNE_61,2305843009213693951,dpss_model,n/a,per_party,fold_before,0,0,16,none,none,0,25,0,25,75,25,online_verify_reconstruction_units,14,1.7857142857142858,1
3,2,PRIME_MERSENNE_61,2305843009213693951,dpss_model,n/a,total,fold_before,0,0,16,none,none,0,25,0,25,75,75,online_verify_reconstruction_units,42,1.7857142857142858,1
3,2,PRIME_MERSENNE_61,2305843009213693951,full_mask,n/a,per_party,fold_before,0,0,9,none,none,0,18,0,18,54,18,online_verify_reconstruction_units,14,1.2857142857142858,1
3,2,PRIME_MERSENNE_61,2305843009213693951,full_mask,n/a,total,fold_before,0,0,9,none,none,0,18,0,18,54,54,online_verify_reconstruction_units,42,1.2857142857142858,1
3,2,PRIME_MERSENNE_61,2305843009213693951,kernel_mask,n/a,per_party,fold_before,0,0,8,none,none,0,16,0,16,48,16,online_verify_reconstruction_units,14,1.1428571428571428,1
3,2,PRIME_MERSENNE_61,2305843009213693951,kernel_mask,n/a,total,fold_before,0,0,8,none,none,0,16,0,16,48,48,online_verify_reconstruction_units,42,1.1428571428571428,1
3,2,PRIME_MERSENNE_61,2305843009213693951,prss_local,local,per_party,fold_before,0,0,16,none,none,0,16,0,16,48,16,online_verify_reconstruction_units,14,1.1428571428571428,1
3,2,PRIME_MERSENNE_61,2305843009213693951,prss_local,local,total,fold_before,0,0,16,none,none,0,16,0,16,48,48,online_verify_reconstruction_units,42,1.1428571428571428,1
3,2,PRIME_MERSENNE_61,2305843009213693951,prss_local_seed_dpss,local,per_party,fold_before,0,0,16,dpss,one,1,16,10,26,78,26,online_verify_reconstruction_units,14,1.8571428571428572,1
3,2,PRIME_MERSENNE_61,2305843009213693951,prss_local_seed_dpss,local,total,fold_before,0,0,16,dpss,one,1,16,10,26,78,78,online_verify_reconstruction_units,42,1.8571428571428572,1
3,2,PRIME_MERSENNE_61,2305843009213693951,prss_local_seed_naive,local,per_party,fold_before,0,0,16,naive,one,1,16,2,18,54,18,online_verify_reconstruction_units,14,1.2857142857142858,1
3,2,PRIME_MERSENNE_61,2305843009213693951,prss_local_seed_naive,local,total,fold_before,0,0,16,naive,one,1,16,2,18,54,54,online_verify_reconstruction_units,42,1.2857142857142858,1
3,2,PRIME_MERSENNE_61,2305843009213693951,prss_local_seed_dpss,local,per_party,fold_before,0,0,16,dpss,M,3,16,12,28,84,28,online_verify_reconstruction_units,14,2.0,1
3,2,PRIME_MERSENNE_61,2305843009213693951,prss_local_seed_dpss,local,total,fold_before,0,0,16,dpss,M,3,16,12,28,84,84,online_verify_reconstruction_units,42,2.0,1
3,2,PRIME_MERSENNE_61,2305843009213693951,prss_local_seed_naive,local,per_party,fold_before,0,0,16,naive,M,3,16,6,22,66,22,online_verify_reconstruction_units,14,1.5714285714285714,1
3,2,PRIME_MERSENNE_61,2305843009213693951,prss_local_seed_naive,local,total,fold_before,0,0,16,naive,M,3,16,6,22,66,66,online_verify_reconstruction_units,42,1.5714285714285714,1
3,2,PRIME_MERSENNE_61,2305843009213693951,prss_local_seed_dpss,local,per_party,fold_before,0,0,16,dpss,M_squared,9,16,18,34,102,34,online_verify_reconstruction_units,14,2.4285714285714284,1
3,2,PRIME_MERSENNE_61,2305843009213693951,prss_local_seed_dpss,local,total,fold_before,0,0,16,dpss,M_squared,9,16,18,34,102,102,online_verify_reconstruction_units,42,2.4285714285714284,1
3,2,PRIME_MERSENNE_61,2305843009213693951,prss_local_seed_naive,local,per_party,fold_before,0,0,16,naive,M_squared,9,16,18,34,102,34,online_verify_reconstruction_units,14,2.4285714285714284,1
3,2,PRIME_MERSENNE_61,2305843009213693951,prss_local_seed_naive,local,total,fold_before,0,0,16,naive,M_squared,9,16,18,34,102,102,online_verify_reconstruction_units,42,2.4285714285714284,1
3,2,PRIME_MERSENNE_61,2305843009213693951,prss_commit,commit,per_party,fold_before,0,0,16,none,none,0,18,0,18,54,18,online_verify_reconstruction_units,14,1.2857142857142858,1
3,2,PRIME_MERSENNE_61,2305843009213693951,prss_commit,commit,total,fold_before,0,0,16,none,none,0,18,0,18,54,54,online_verify_reconstruction_units,42,1.2857142857142858,1
3,2,PRIME_MERSENNE_61,2305843009213693951,prss_commit_seed_dpss,commit,per_party,fold_before,0,0,16,dpss,one,1,18,10,28,84,28,online_verify_reconstruction_units,14,2.0,1
3,2,PRIME_MERSENNE_61,2305843009213693951,prss_commit_seed_dpss,commit,total,fold_before,0,0,16,dpss,one,1,18,10,28,84,84,online_verify_reconstruction_units,42,2.0,1
3,2,PRIME_MERSENNE_61,2305843009213693951,prss_commit_seed_naive,commit,per_party,fold_before,0,0,16,naive,one,1,18,2,20,60,20,online_verify_reconstruction_units,14,1.4285714285714286,1
3,2,PRIME_MERSENNE_61,2305843009213693951,prss_commit_seed_naive,commit,total,fold_before,0,0,16,naive,one,1,18,2,20,60,60,online_verify_reconstruction_units,42,1.4285714285714286,1
3,2,PRIME_MERSENNE_61,2305843009213693951,prss_commit_seed_dpss,commit,per_party,fold_before,0,0,16,dpss,M,3,18,12,30,90,30,online_verify_reconstruction_units,14,2.142857142857143,1
3,2,PRIME_MERSENNE_61,2305843009213693951,prss_commit_seed_dpss,commit,total,fold_before,0,0,16,dpss,M,3,18,12,30,90,90,online_verify_reconstruction_units,42,2.142857142857143,1
3,2,PRIME_MERSENNE_61,2305843009213693951,prss_commit_seed_naive,commit,per_party,fold_before,0,0,16,naive,M,3,18,6,24,72,24,online_verify_reconstruction_units,14,1.7142857142857142,1
3,2,PRIME_MERSENNE_61,2305843009213693951,prss_commit_seed_naive,commit,total,fold_before,0,0,16,naive,M,3,18,6,24,72,72,online_verify_reconstruction_units,42,1.7142857142857142,1
3,2,PRIME_MERSENNE_61,2305843009213693951,prss_commit_seed_dpss,commit,per_party,fold_before,0,0,16,dpss,M_squared,9,18,18,36,108,36,online_verify_reconstruction_units,14,2.5714285714285716,1
3,2,PRIME_MERSENNE_61,2305843009213693951,prss_commit_seed_dpss,commit,total,fold_before,0,0,16,dpss,M_squared,9,18,18,36,108,108,online_verify_reconstruction_units,42,2.5714285714285716,1
3,2,PRIME_MERSENNE_61,2305843009213693951,prss_commit_seed_naive,commit,per_party,fold_before,0,0,16,naive,M_squared,9,18,18,36,108,36,online_verify_reconstruction_units,14,2.5714285714285716,1
3,2,PRIME_MERSENNE_61,2305843009213693951,prss_commit_seed_naive,commit,total,fold_before,0,0,16,naive,M_squared,9,18,18,36,108,108,online_verify_reconstruction_units,42,2.5714285714285716,1
3,2,PRIME_MERSENNE_61,2305843009213693951,prss_dispute,dispute,per_party,fold_before,0,0,16,none,none,0,20,0,20,60,20,online_verify_reconstruction_units,14,1.4285714285714286,1
3,2,PRIME_MERSENNE_61,2305843009213693951,prss_dispute,dispute,total,fold_before,0,0,16,none,none,0,20,0,20,60,60,online_verify_reconstruction_units,42,1.4285714285714286,1
3,2,PRIME_MERSENNE_61,2305843009213693951,prss_dispute_seed_dpss,dispute,per_party,fold_before,0,0,16,dpss,one,1,20,10,30,90,30,online_verify_reconstruction_units,14,2.142857142857143,1
3,2,PRIME_MERSENNE_61,2305843009213693951,prss_dispute_seed_dpss,dispute,total,fold_before,0,0,16,dpss,one,1,20,10,30,90,90,online_verify_reconstruction_units,42,2.142857142857143,1
3,2,PRIME_MERSENNE_61,2305843009213693951,prss_dispute_seed_naive,dispute,per_party,fold_before,0,0,16,naive,one,1,20,2,22,66,22,online_verify_reconstruction_units,14,1.5714285714285714,1
3,2,PRIME_MERSENNE_61,2305843009213693951,prss_dispute_seed_naive,dispute,total,fold_before,0,0,16,naive,one,1,20,2,22,66,66,online_verify_reconstruction_units,42,1.5714285714285714,1
3,2,PRIME_MERSENNE_61,2305843009213693951,prss_dispute_seed_dpss,dispute,per_party,fold_before,0,0,16,dpss,M,3,20,12,32,96,32,online_verify_reconstruction_units,14,2.2857142857142856,1
3,2,PRIME_MERSENNE_61,2305843009213693951,prss_dispute_seed_dpss,dispute,total,fold_before,0,0,16,dpss,M,3,20,12,32,96,96,online_verify_reconstruction_units,42,2.2857142857142856,1
3,2,PRIME_MERSENNE_61,2305843009213693951,prss_dispute_seed_naive,dispute,per_party,fold_before,0,0,16,naive,M,3,20,6,26,78,26,online_verify_reconstruction_units,14,1.8571428571428572,1
3,2,PRIME_MERSENNE_61,2305843009213693951,prss_dispute_seed_naive,dispute,total,fold_before,0,0,16,naive,M,3,20,6,26,78,78,online_verify_reconstruction_units,42,1.8571428571428572,1
3,2,PRIME_MERSENNE_61,2305843009213693951,prss_dispute_seed_dpss,dispute,per_party,fold_before,0,0,16,dpss,M_squared,9,20,18,38,114,38,online_verify_reconstruction_units,14,2.7142857142857144,1
3,2,PRIME_MERSENNE_61,2305843009213693951,prss_dispute_seed_dpss,dispute,total,fold_before,0,0,16,dpss,M_squared,9,20,18,38,114,114,online_verify_reconstruction_units,42,2.7142857142857144,1
3,2,PRIME_MERSENNE_61,2305843009213693951,prss_dispute_seed_naive,dispute,per_party,fold_before,0,0,16,naive,M_squared,9,20,18,38,114,38,online_verify_reconstruction_units,14,2.7142857142857144,1
3,2,PRIME_MERSENNE_61,2305843009213693951,prss_dispute_seed_naive,dispute,total,fold_before,0,0,16,naive,M_squared,9,20,18,38,114,114,online_verify_reconstruction_units,42,2.7142857142857144,1
5,2,PRIME_MERSENNE_61,2305843009213693951,naive,n/a,per_party,fold_after,1,1,9,none,none,0,36,0,36,180,36,online_verify_reconstruction_units,14,2.5714285714285716,1
5,2,PRIME_MERSENNE_61,2305843009213693951,naive,n/a,total,fold_after,1,1,9,none,none,0,36,0,36,180,180,online_verify_reconstruction_units,70,2.5714285714285716,1
5,2,PRIME_MERSENNE_61,2305843009213693951,dpss_model,n/a,per_party,fold_after,1,1,9,none,none,0,34,0,34,170,34,online_verify_reconstruction_units,14,2.4285714285714284,1
5,2,PRIME_MERSENNE_61,2305843009213693951,dpss_model,n/a,total,fold_after,1,1,9,none,none,0,34,0,34,170,170,online_verify_reconstruction_units,70,2.4285714285714284,1
5,2,PRIME_MERSENNE_61,2305843009213693951,full_mask,n/a,per_party,fold_after,1,1,9,none,none,0,36,0,36,180,36,online_verify_reconstruction_units,14,2.5714285714285716,1
5,2,PRIME_MERSENNE_61,2305843009213693951,full_mask,n/a,total,fold_after,1,1,9,none,none,0,36,0,36,180,180,online_verify_reconstruction_units,70,2.5714285714285716,1
5,2,PRIME_MERSENNE_61,2305843009213693951,kernel_mask,n/a,per_party,fold_after,1,1,5,none,none,0,20,0,20,100,20,online_verify_reconstruction_units,14,1.4285714285714286,1
5,2,PRIME_MERSENNE_61,2305843009213693951,kernel_mask,n/a,total,fold_after,1,1,5,none,none,0,20,0,20,100,100,online_verify_reconstruction_units,70,1.4285714285714286,1
5,2,PRIME_MERSENNE_61,2305843009213693951,prss_local,local,per_party,fold_after,1,1,9,none,none,0,9,0,9,45,9,online_verify_reconstruction_units,14,0.6428571428571429,1
5,2,PRIME_MERSENNE_61,2305843009213693951,prss_local,local,total,fold_after,1,1,9,none,none,0,9,0,9,45,45,online_verify_reconstruction_units,70,0.6428571428571429,1
5,2,PRIME_MERSENNE_61,2305843009213693951,prss_local_seed_dpss,local,per_party,fold_after,1,1,9,dpss,one,1,9,26,35,175,35,online_verify_reconstruction_units,14,2.5,1
5,2,PRIME_MERSENNE_61,2305843009213693951,prss_local_seed_dpss,local,total,fold_after,1,1,9,dpss,one,1,9,26,35,175,175,online_verify_reconstruction_units,70,2.5,1
5,2,PRIME_MERSENNE_61,2305843009213693951,prss_local_seed_naive,local,per_party,fold_after,1,1,9,naive,one,1,9,4,13,65,13,online_verify_reconstruction_units,14,0.9285714285714286,1
5,2,PRIME_MERSENNE_61,2305843009213693951,prss_local_seed_naive,local,total,fold_after,1,1,9,naive,one,1,9,4,13,65,65,online_verify_reconstruction_units,70,0.9285714285714286,1
5,2,PRIME_MERSENNE_61,2305843009213693951,prss_local_seed_dpss,local,per_party,fold_after,1,1,9,dpss,M,5,9,30,39,195,39,online_verify_reconstruction_units,14,2.7857142857142856,1
5,2,PRIME_MERSENNE_61,2305843009213693951,prss_local_seed_dpss,local,total,fold_after,1,1,9,dpss,M,5,9,30,39,195,195,online_verify_reconstruction_units,70,2.7857142857142856,1
5,2,PRIME_MERSENNE_61,2305843009213693951,prss_local_seed_naive,local,per_party,fold_after,1,1,9,naive,M,5,9,20,29,145,29,online_verify_reconstruction_units,14,2.0714285714285716,1
5,2,PRIME_MERSENNE_61,2305843009213693951,prss_local_seed_naive,local,total,fold_after,1,1,9,naive,M,5,9,20,29,145,145,online_verify_reconstruction_units,70,2.0714285714285716,1
5,2,PRIME_MERSENNE_61,2305843009213693951,prss_local_seed_dpss,local,per_party,fold_after,1,1,9,dpss,M_squared,25,9,50,59,295,59,online_verify_reconstruction_units,14,4.214285714285714,1
5,2,PRIME_MERSENNE_61,2305843009213693951,prss_local_seed_dpss,local,total,fold_after,1,1,9,dpss,M_squared,25,9,50,59,295,295,online_verify_reconstruction_units,70,4.214285714285714,1
5,2,PRIME_MERSENNE_61,2305843009213693951,prss_local_seed_naive,local,per_party,fold_after,1,1,9,naive,M_squared,25,9,100,109,545,109,online_verify_reconstruction_units,14,7.785714285714286,1
5,2,PRIME_MERSENNE_61,2305843009213693951,prss_local_seed_naive,local,total,fold_after,1,1,9,naive,M_squared,25,9,100,109,545,545,online_verify_reconstruction_units,70,7.785714285714286,1
5,2,PRIME_MERSENNE_61,2305843009213693951,prss_commit,commit,per_party,fold_after,1,1,9,none,none,0,13,0,13,65,13,online_verify_reconstruction_units,14,0.9285714285714286,1
5,2,PRIME_MERSENNE_61,2305843009213693951,prss_commit,commit,total,fold_after,1,1,9,none,none,0,13,0,13,65,65,online_verify_reconstruction_units,70,0.9285714285714286,1
5,2,PRIME_MERSENNE_61,2305843009213693951,prss_commit_seed_dpss,commit,per_party,fold_after,1,1,9,dpss,one,1,13,26,39,195,39,online_verify_reconstruction_units,14,2.7857142857142856,1
5,2,PRIME_MERSENNE_61,2305843009213693951,prss_commit_seed_dpss,commit,total,fold_after,1,1,9,dpss,one,1,13,26,39,195,195,online_verify_reconstruction_units,70,2.7857142857142856,1
5,2,PRIME_MERSENNE_61,2305843009213693951,prss_commit_seed_naive,commit,per_party,fold_after,1,1,9,naive,one,1,13,4,17,85,17,online_verify_reconstruction_units,14,1.2142857142857142,1
5,2,PRIME_MERSENNE_61,2305843009213693951,prss_commit_seed_naive,commit,total,fold_after,1,1,9,naive,one,1,13,4,17,85,85,online_verify_reconstruction_units,70,1.2142857142857142,1
5,2,PRIME_MERSENNE_61,2305843009213693951,prss_commit_seed_dpss,commit,per_party,fold_after,1,1,9,dpss,M,5,13,30,43,215,43,online_verify_reconstruction_units,14,3.0714285714285716,1
5,2,PRIME_MERSENNE_61,2305843009213693951,prss_commit_seed_dpss,commit,total,fold_after,1,1,9,dpss,M,5,13,30,43,215,215,online_verify_reconstruction_units,70,3.0714285714285716,1
5,2,PRIME_MERSENNE_61,2305843009213693951,prss_commit_seed_naive,commit,per_party,fold_after,1,1,9,naive,M,5,13,20,33,165,33,online_verify_reconstruction_units,14,2.357142857142857,1
5,2,PRIME_MERSENNE_61,2305843009213693951,prss_commit_seed_naive,commit,total,fold_after,1,1,9,naive,M,5,13,20,33,165,165,online_verify_reconstruction_units,70,2.357142857142857,1
5,2,PRIME_MERSENNE_61,2305843009213693951,prss_commit_seed_dpss,commit,per_party,fold_after,1,1,9,dpss,M_squared,25,13,50,63,315,63,online_verify_reconstruction_units,14,4.5,1
5,2,PRIME_MERSENNE_61,2305843009213693951,prss_commit_seed_dpss,commit,total,fold_after,1,1,9,dpss,M_squared,25,13,50,63,315,315,online_verify_reconstruction_units,70,4.5,1
5,2,PRIME_MERSENNE_61,2305843009213693951,prss_commit_seed_naive,commit,per_party,fold_after,1,1,9,naive,M_squared,25,13,100,113,565,113,online_verify_reconstruction_units,14,8.071428571428571,1
5,2,PRIME_MERSENNE_61,2305843009213693951,prss_commit_seed_naive,commit,total,fold_after,1,1,9,naive,M_squared,25,13,100,113,565,565,online_verify_reconstruction_units,70,8.071428571428571,1
5,2,PRIME_MERSENNE_61,2305843009213693951,prss_dispute,dispute,per_party,fold_after,1,1,9,none,none,0,21,0,21,105,21,online_verify_reconstruction_units,14,1.5,1
5,2,PRIME_MERSENNE_61,2305843009213693951,prss_dispute,dispute,total,fold_after,1,1,9,none,none,0,21,0,21,105,105,online_verify_reconstruction_units,70,1.5,1
5,2,PRIME_MERSENNE_61,2305843009213693951,prss_dispute_seed_dpss,dispute,per_party,fold_after,1,1,9,dpss,one,1,21,26,47,235,47,online_verify_reconstruction_units,14,3.357142857142857,1
5,2,PRIME_MERSENNE_61,2305843009213693951,prss_dispute_seed_dpss,dispute,total,fold_after,1,1,9,dpss,one,1,21,26,47,235,235,online_verify_reconstruction_units,70,3.357142857142857,1
5,2,PRIME_MERSENNE_61,2305843009213693951,prss_dispute_seed_naive,dispute,per_party,fold_after,1,1,9,naive,one,1,21,4,25,125,25,online_verify_reconstruction_units,14,1.7857142857142858,1
5,2,PRIME_MERSENNE_61,2305843009213693951,prss_dispute_seed_naive,dispute,total,fold_after,1,1,9,naive,one,1,21,4,25,125,125,online_verify_reconstruction_units,70,1.7857142857142858,1
5,2,PRIME_MERSENNE_61,2305843009213693951,prss_dispute_seed_dpss,dispute,per_party,fold_after,1,1,9,dpss,M,5,21,30,51,255,51,online_verify_reconstruction_units,14,3.642857142857143,1
5,2,PRIME_MERSENNE_61,2305843009213693951,prss_dispute_seed_dpss,dispute,total,fold_after,1,1,9,dpss,M,5,21,30,51,255,255,online_verify_reconstruction_units,70,3.642857142857143,1
5,2,PRIME_MERSENNE_61,2305843009213693951,prss_dispute_seed_naive,dispute,per_party,fold_after,1,1,9,naive,M,5,21,20,41,205,41,online_verify_reconstruction_units,14,2.9285714285714284,1
5,2,PRIME_MERSENNE_61,2305843009213693951,prss_dispute_seed_naive,dispute,total,fold_after,1,1,9,naive,M,5,21,20,41,205,205,online_verify_reconstruction_units,70,2.9285714285714284,1
5,2,PRIME_MERSENNE_61,2305843009213693951,prss_dispute_seed_dpss,dispute,per_party,fold_after,1,1,9,dpss,M_squared,25,21,50,71,355,71,online_verify_reconstruction_units,14,5.071428571428571,1
5,2,PRIME_MERSENNE_61,2305843009213693951,prss_dispute_seed_dpss,dispute,total,fold_after,1,1,9,dpss,M_squared,25,21,50,71,355,355,online_verify_reconstruction_units,70,5.071428571428571,1
5,2,PRIME_MERSENNE_61,2305843009213693951,prss_dispute_seed_naive,dispute,per_party,fold_after,1,1,9,naive,M_squared,25,21,100,121,605,121,online_verify_reconstruction_units,14,8.642857142857142,1
5,2,PRIME_MERSENNE_61,2305843009213693951,prss_dispute_seed_naive,dispute,total,fold_after,1,1,9,naive,M_squared,25,21,100,121,605,605,online_verify_reconstruction_units,70,8.642857142857142,1
5,2,PRIME_MERSENNE_61,2305843009213693951,naive,n/a,per_party,fold_before,0,0,16,none,none,0,64,0,64,320,64,online_verify_reconstruction_units,14,4.571428571428571,1
5,2,PRIME_MERSENNE_61,2305843009213693951,naive,n/a,total,fold_before,0,0,16,none,none,0,64,0,64,320,320,online_verify_reconstruction_units,70,4.571428571428571,1
5,2,PRIME_MERSENNE_61,2305843009213693951,dpss_model,n/a,per_party,fold_before,0,0,16,none,none,0,41,0,41,205,41,online_verify_reconstruction_units,14,2.9285714285714284,1
5,2,PRIME_MERSENNE_61,2305843009213693951,dpss_model,n/a,total,fold_before,0,0,16,none,none,0,41,0,41,205,205,online_verify_reconstruction_units,70,2.9285714285714284,1
5,2,PRIME_MERSENNE_61,2305843009213693951,full_mask,n/a,per_party,fold_before,0,0,9,none,none,0,36,0,36,180,36,online_verify_reconstruction_units,14,2.5714285714285716,1
5,2,PRIME_MERSENNE_61,2305843009213693951,full_mask,n/a,total,fold_before,0,0,9,none,none,0,36,0,36,180,180,online_verify_reconstruction_units,70,2.5714285714285716,1
5,2,PRIME_MERSENNE_61,2305843009213693951,kernel_mask,n/a,per_party,fold_before,0,0,8,none,none,0,32,0,32,160,32,online_verify_reconstruction_units,14,2.2857142857142856,1
5,2,PRIME_MERSENNE_61,2305843009213693951,kernel_mask,n/a,total,fold_before,0,0,8,none,none,0,32,0,32,160,160,online_verify_reconstruction_units,70,2.2857142857142856,1
5,2,PRIME_MERSENNE_61,2305843009213693951,prss_local,local,per_party,fold_before,0,0,16,none,none,0,16,0,16,80,16,online_verify_reconstruction_units,14,1.1428571428571428,1
5,2,PRIME_MERSENNE_61,2305843009213693951,prss_local,local,total,fold_before,0,0,16,none,none,0,16,0,16,80,80,online_verify_reconstruction_units,70,1.1428571428571428,1
5,2,PRIME_MERSENNE_61,2305843009213693951,prss_local_seed_dpss,local,per_party,fold_before,0,0,16,dpss,one,1,16,26,42,210,42,online_verify_reconstruction_units,14,3.0,1
5,2,PRIME_MERSENNE_61,2305843009213693951,prss_local_seed_dpss,local,total,fold_before,0,0,16,dpss,one,1,16,26,42,210,210,online_verify_reconstruction_units,70,3.0,1
5,2,PRIME_MERSENNE_61,2305843009213693951,prss_local_seed_naive,local,per_party,fold_before,0,0,16,naive,one,1,16,4,20,100,20,online_verify_reconstruction_units,14,1.4285714285714286,1
5,2,PRIME_MERSENNE_61,2305843009213693951,prss_local_seed_naive,local,total,fold_before,0,0,16,naive,one,1,16,4,20,100,100,online_verify_reconstruction_units,70,1.4285714285714286,1
5,2,PRIME_MERSENNE_61,2305843009213693951,prss_local_seed_dpss,local,per_party,fold_before,0,0,16,dpss,M,5,16,30,46,230,46,online_verify_reconstruction_units,14,3.2857142857142856,1
5,2,PRIME_MERSENNE_61,2305843009213693951,prss_local_seed_dpss,local,total,fold_before,0,0,16,dpss,M,5,16,30,46,230,230,online_verify_reconstruction_units,70,3.2857142857142856,1
5,2,PRIME_MERSENNE_61,2305843009213693951,prss_local_seed_naive,local,per_party,fold_before,0,0,16,naive,M,5,16,20,36,180,36,online_verify_reconstruction_units,14,2.5714285714285716,1
5,2,PRIME_MERSENNE_61,2305843009213693951,prss_local_seed_naive,local,total,fold_before,0,0,16,naive,M,5,16,20,36,180,180,online_verify_reconstruction_units,70,2.5714285714285716,1
5,2,PRIME_MERSENNE_61,2305843009213693951,prss_local_seed_dpss,local,per_party,fold_before,0,0,16,dpss,M_squared,25,16,50,66,330,66,online_verify_reconstruction_units,14,4.714285714285714,1
5,2,PRIME_MERSENNE_61,2305843009213693951,prss_local_seed_dpss,local,total,fold_before,0,0,16,dpss,M_squared,25,16,50,66,330,330,online_verify_reconstruction_units,70,4.714285714285714,1
5,2,PRIME_MERSENNE_61,2305843009213693951,prss_local_seed_naive,local,per_party,fold_before,0,0,16,naive,M_squared,25,16,100,116,580,116,online_verify_reconstruction_units,14,8.285714285714286,1
5,2,PRIME_MERSENNE_61,2305843009213693951,prss_local_seed_naive,local,total,fold_before,0,0,16,naive,M_squared,25,16,100,116,580,580,online_verify_reconstruction_units,70,8.285714285714286,1
5,2,PRIME_MERSENNE_61,2305843009213693951,prss_commit,commit,per_party,fold_before,0,0,16,none,none,0,20,0,20,100,20,online_verify_reconstruction_units,14,1.4285714285714286,1
5,2,PRIME_MERSENNE_61,2305843009213693951,prss_commit,commit,total,fold_before,0,0,16,none,none,0,20,0,20,100,100,online_verify_reconstruction_units,70,1.4285714285714286,1
5,2,PRIME_MERSENNE_61,2305843009213693951,prss_commit_seed_dpss,commit,per_party,fold_before,0,0,16,dpss,one,1,20,26,46,230,46,online_verify_reconstruction_units,14,3.2857142857142856,1
5,2,PRIME_MERSENNE_61,2305843009213693951,prss_commit_seed_dpss,commit,total,fold_before,0,0,16,dpss,one,1,20,26,46,230,230,online_verify_reconstruction_units,70,3.2857142857142856,1
5,2,PRIME_MERSENNE_61,2305843009213693951,prss_commit_seed_naive,commit,per_party,fold_before,0,0,16,naive,one,1,20,4,24,120,24,online_verify_reconstruction_units,14,1.7142857142857142,1
5,2,PRIME_MERSENNE_61,2305843009213693951,prss_commit_seed_naive,commit,total,fold_before,0,0,16,naive,one,1,20,4,24,120,120,online_verify_reconstruction_units,70,1.7142857142857142,1
5,2,PRIME_MERSENNE_61,2305843009213693951,prss_commit_seed_dpss,commit,per_party,fold_before,0,0,16,dpss,M,5,20,30,50,250,50,online_verify_reconstruction_units,14,3.5714285714285716,1
5,2,PRIME_MERSENNE_61,2305843009213693951,prss_commit_seed_dpss,commit,total,fold_before,0,0,16,dpss,M,5,20,30,50,250,250,online_verify_reconstruction_units,70,3.5714285714285716,1
5,2,PRIME_MERSENNE_61,2305843009213693951,prss_commit_seed_naive,commit,per_party,fold_before,0,0,16,naive,M,5,20,20,40,200,40,online_verify_reconstruction_units,14,2.857142857142857,1
5,2,PRIME_MERSENNE_61,2305843009213693951,prss_commit_seed_naive,commit,total,fold_before,0,0,16,naive,M,5,20,20,40,200,200,online_verify_reconstruction_units,70,2.857142857142857,1
5,2,PRIME_MERSENNE_61,2305843009213693951,prss_commit_seed_dpss,commit,per_party,fold_before,0,0,16,dpss,M_squared,25,20,50,70,350,70,online_verify_reconstruction_units,14,5.0,1
5,2,PRIME_MERSENNE_61,2305843009213693951,prss_commit_seed_dpss,commit,total,fold_before,0,0,16,dpss,M_squared,25,20,50,70,350,350,online_verify_reconstruction_units,70,5.0,1
5,2,PRIME_MERSENNE_61,2305843009213693951,prss_commit_seed_naive,commit,per_party,fold_before,0,0,16,naive,M_squared,25,20,100,120,600,120,online_verify_reconstruction_units,14,8.571428571428571,1
5,2,PRIME_MERSENNE_61,2305843009213693951,prss_commit_seed_naive,commit,total,fold_before,0,0,16,naive,M_squared,25,20,100,120,600,600,online_verify_reconstruction_units,70,8.571428571428571,1
5,2,PRIME_MERSENNE_61,2305843009213693951,prss_dispute,dispute,per_party,fold_before,0,0,16,none,none,0,28,0,28,140,28,online_verify_reconstruction_units,14,2.0,1
5,2,PRIME_MERSENNE_61,2305843009213693951,prss_dispute,dispute,total,fold_before,0,0,16,none,none,0,28,0,28,140,140,online_verify_reconstruction_units,70,2.0,1
5,2,PRIME_MERSENNE_61,2305843009213693951,prss_dispute_seed_dpss,dispute,per_party,fold_before,0,0,16,dpss,one,1,28,26,54,270,54,online_verify_reconstruction_units,14,3.857142857142857,1
5,2,PRIME_MERSENNE_61,2305843009213693951,prss_dispute_seed_dpss,dispute,total,fold_before,0,0,16,dpss,one,1,28,26,54,270,270,online_verify_reconstruction_units,70,3.857142857142857,1
5,2,PRIME_MERSENNE_61,2305843009213693951,prss_dispute_seed_naive,dispute,per_party,fold_before,0,0,16,naive,one,1,28,4,32,160,32,online_verify_reconstruction_units,14,2.2857142857142856,1
5,2,PRIME_MERSENNE_61,2305843009213693951,prss_dispute_seed_naive,dispute,total,fold_before,0,0,16,naive,one,1,28,4,32,160,160,online_verify_reconstruction_units,70,2.2857142857142856,1
5,2,PRIME_MERSENNE_61,2305843009213693951,prss_dispute_seed_dpss,dispute,per_party,fold_before,0,0,16,dpss,M,5,28,30,58,290,58,online_verify_reconstruction_units,14,4.142857142857143,1
5,2,PRIME_MERSENNE_61,2305843009213693951,prss_dispute_seed_dpss,dispute,total,fold_before,0,0,16,dpss,M,5,28,30,58,290,290,online_verify_reconstruction_units,70,4.142857142857143,1
5,2,PRIME_MERSENNE_61,2305843009213693951,prss_dispute_seed_naive,dispute,per_party,fold_before,0,0,16,naive,M,5,28,20,48,240,48,online_verify_reconstruction_units,14,3.4285714285714284,1
5,2,PRIME_MERSENNE_61,2305843009213693951,prss_dispute_seed_naive,dispute,total,fold_before,0,0,16,naive,M,5,28,20,48,240,240,online_verify_reconstruction_units,70,3.4285714285714284,1
5,2,PRIME_MERSENNE_61,2305843009213693951,prss_dispute_seed_dpss,dispute,per_party,fold_before,0,0,16,dpss,M_squared,25,28,50,78,390,78,online_verify_reconstruction_units,14,5.571428571428571,1
5,2,PRIME_MERSENNE_61,2305843009213693951,prss_dispute_seed_dpss,dispute,total,fold_before,0,0,16,dpss,M_squared,25,28,50,78,390,390,online_verify_reconstruction_units,70,5.571428571428571,1
5,2,PRIME_MERSENNE_61,2305843009213693951,prss_dispute_seed_naive,dispute,per_party,fold_before,0,0,16,naive,M_squared,25,28,100,128,640,128,online_verify_reconstruction_units,14,9.142857142857142,1
5,2,PRIME_MERSENNE_61,2305843009213693951,prss_dispute_seed_naive,dispute,total,fold_before,0,0,16,naive,M_squared,25,28,100,128,640,640,online_verify_reconstruction_units,70,9.142857142857142,1
7,2,PRIME_MERSENNE_61,2305843009213693951,naive,n/a,per_party,fold_after,1,1,9,none,none,0,54,0,54,378,54,online_verify_reconstruction_units,14,3.857142857142857,1
7,2,PRIME_MERSENNE_61,2305843009213693951,naive,n/a,total,fold_after,1,1,9,none,none,0,54,0,54,378,378,online_verify_reconstruction_units,98,3.857142857142857,1
7,2,PRIME_MERSENNE_61,2305843009213693951,dpss_model,n/a,per_party,fold_after,1,1,9,none,none,0,58,0,58,406,58,online_verify_reconstruction_units,14,4.142857142857143,1
7,2,PRIME_MERSENNE_61,2305843009213693951,dpss_model,n/a,total,fold_after,1,1,9,none,none,0,58,0,58,406,406,online_verify_reconstruction_units,98,4.142857142857143,1
7,2,PRIME_MERSENNE_61,2305843009213693951,full_mask,n/a,per_party,fold_after,1,1,9,none,none,0,54,0,54,378,54,online_verify_reconstruction_units,14,3.857142857142857,1
7,2,PRIME_MERSENNE_61,2305843009213693951,full_mask,n/a,total,fold_after,1,1,9,none,none,0,54,0,54,378,378,online_verify_reconstruction_units,98,3.857142857142857,1
7,2,PRIME_MERSENNE_61,2305843009213693951,kernel_mask,n/a,per_party,fold_after,1,1,5,none,none,0,30,0,30,210,30,online_verify_reconstruction_units,14,2.142857142857143,1
7,2,PRIME_MERSENNE_61,2305843009213693951,kernel_mask,n/a,total,fold_after,1,1,5,none,none,0,30,0,30,210,210,online_verify_reconstruction_units,98,2.142857142857143,1
7,2,PRIME_MERSENNE_61,2305843009213693951,prss_local,local,per_party,fold_after,1,1,9,none,none,0,9,0,9,63,9,online_verify_reconstruction_units,14,0.6428571428571429,1
7,2,PRIME_MERSENNE_61,2305843009213693951,prss_local,local,total,fold_after,1,1,9,none,none,0,9,0,9,63,63,online_verify_reconstruction_units,98,0.6428571428571429,1
7,2,PRIME_MERSENNE_61,2305843009213693951,prss_local_seed_dpss,local,per_party,fold_after,1,1,9,dpss,one,1,9,50,59,413,59,online_verify_reconstruction_units,14,4.214285714285714,1
7,2,PRIME_MERSENNE_61,2305843009213693951,prss_local_seed_dpss,local,total,fold_after,1,1,9,dpss,one,1,9,50,59,413,413,online_verify_reconstruction_units,98,4.214285714285714,1
7,2,PRIME_MERSENNE_61,2305843009213693951,prss_local_seed_naive,local,per_party,fold_after,1,1,9,naive,one,1,9,6,15,105,15,online_verify_reconstruction_units,14,1.0714285714285714,1
7,2,PRIME_MERSENNE_61,2305843009213693951,prss_local_seed_naive,local,total,fold_after,1,1,9,naive,one,1,9,6,15,105,105,online_verify_reconstruction_units,98,1.0714285714285714,1
7,2,PRIME_MERSENNE_61,2305843009213693951,prss_local_seed_dpss,local,per_party,fold_after,1,1,9,dpss,M,7,9,56,65,455,65,online_verify_reconstruction_units,14,4.642857142857143,1
7,2,PRIME_MERSENNE_61,2305843009213693951,prss_local_seed_dpss,local,total,fold_after,1,1,9,dpss,M,7,9,56,65,455,455,online_verify_reconstruction_units,98,4.642857142857143,1
7,2,PRIME_MERSENNE_61,2305843009213693951,prss_local_seed_naive,local,per_party,fold_after,1,1,9,naive,M,7,9,42,51,357,51,online_verify_reconstruction_units,14,3.642857142857143,1
7,2,PRIME_MERSENNE_61,2305843009213693951,prss_local_seed_naive,local,total,fold_after,1,1,9,naive,M,7,9,42,51,357,357,online_verify_reconstruction_units,98,3.642857142857143,1
7,2,PRIME_MERSENNE_61,2305843009213693951,prss_local_seed_dpss,local,per_party,fold_after,1,1,9,dpss,M_squared,49,9,98,107,749,107,online_verify_reconstruction_units,14,7.642857142857143,1
7,2,PRIME_MERSENNE_61,2305843009213693951,prss_local_seed_dpss,local,total,fold_after,1,1,9,dpss,M_squared,49,9,98,107,749,749,online_verify_reconstruction_units,98,7.642857142857143,1
7,2,PRIME_MERSENNE_61,2305843009213693951,prss_local_seed_naive,local,per_party,fold_after,1,1,9,naive,M_squared,49,9,294,303,2121,303,online_verify_reconstruction_units,14,21.642857142857142,1
7,2,PRIME_MERSENNE_61,2305843009213693951,prss_local_seed_naive,local,total,fold_after,1,1,9,naive,M_squared,49,9,294,303,2121,2121,online_verify_reconstruction_units,98,21.642857142857142,1
7,2,PRIME_MERSENNE_61,2305843009213693951,prss_commit,commit,per_party,fold_after,1,1,9,none,none,0,15,0,15,105,15,online_verify_reconstruction_units,14,1.0714285714285714,1
7,2,PRIME_MERSENNE_61,2305843009213693951,prss_commit,commit,total,fold_after,1,1,9,none,none,0,15,0,15,105,105,online_verify_reconstruction_units,98,1.0714285714285714,1
7,2,PRIME_MERSENNE_61,2305843009213693951,prss_commit_seed_dpss,commit,per_party,fold_after,1,1,9,dpss,one,1,15,50,65,455,65,online_verify_reconstruction_units,14,4.642857142857143,1
7,2,PRIME_MERSENNE_61,2305843009213693951,prss_commit_seed_dpss,commit,total,fold_after,1,1,9,dpss,one,1,15,50,65,455,455,online_verify_reconstruction_units,98,4.642857142857143,1
7,2,PRIME_MERSENNE_61,2305843009213693951,prss_commit_seed_naive,commit,per_party,fold_after,1,1,9,naive,one,1,15,6,21,147,21,online_verify_reconstruction_units,14,1.5,1
7,2,PRIME_MERSENNE_61,2305843009213693951,prss_commit_seed_naive,commit,total,fold_after,1,1,9,naive,one,1,15,6,21,147,147,online_verify_reconstruction_units,98,1.5,1
7,2,PRIME_MERSENNE_61,2305843009213693951,prss_commit_seed_dpss,commit,per_party,fold_after,1,1,9,dpss,M,7,15,56,71,497,71,online_verify_reconstruction_units,14,5.071428571428571,1
7,2,PRIME_MERSENNE_61,2305843009213693951,prss_commit_seed_dpss,commit,total,fold_after,1,1,9,dpss,M,7,15,56,71,497,497,online_verify_reconstruction_units,98,5.071428571428571,1
7,2,PRIME_MERSENNE_61,2305843009213693951,prss_commit_seed_naive,commit,per_party,fold_after,1,1,9,naive,M,7,15,42,57,399,57,online_verify_reconstruction_units,14,4.071428571428571,1
7,2,PRIME_MERSENNE_61,2305843009213693951,prss_commit_seed_naive,commit,total,fold_after,1,1,9,naive,M,7,15,42,57,399,399,online_verify_reconstruction_units,98,4.071428571428571,1
7,2,PRIME_MERSENNE_61,2305843009213693951,prss_commit_seed_dpss,commit,per_party,fold_after,1,1,9,dpss,M_squared,49,15,98,113,791,113,online_verify_reconstruction_units,14,8.071428571428571,1
7,2,PRIME_MERSENNE_61,2305843009213693951,prss_commit_seed_dpss,commit,total,fold_after,1,1,9,dpss,M_squared,49,15,98,113,791,791,online_verify_reconstruction_units,98,8.071428571428571,1
7,2,PRIME_MERSENNE_61,2305843009213693951,prss_commit_seed_naive,commit,per_party,fold_after,1,1,9,naive,M_squared,49,15,294,309,2163,309,online_verify_reconstruction_units,14,22.071428571428573,1
7,2,PRIME_MERSENNE_61,2305843009213693951,prss_commit_seed_naive,commit,total,fold_after,1,1,9,naive,M_squared,49,15,294,309,2163,2163,online_verify_reconstruction_units,98,22.071428571428573,1
7,2,PRIME_MERSENNE_61,2305843009213693951,prss_dispute,dispute,per_party,fold_after,1,1,9,none,none,0,27,0,27,189,27,online_verify_reconstruction_units,14,1.9285714285714286,1
7,2,PRIME_MERSENNE_61,2305843009213693951,prss_dispute,dispute,total,fold_after,1,1,9,none,none,0,27,0,27,189,189,online_verify_reconstruction_units,98,1.9285714285714286,1
7,2,PRIME_MERSENNE_61,2305843009213693951,prss_dispute_seed_dpss,dispute,per_party,fold_after,1,1,9,dpss,one,1,27,50,77,539,77,online_verify_reconstruction_units,14,5.5,1
7,2,PRIME_MERSENNE_61,2305843009213693951,prss_dispute_seed_dpss,dispute,total,fold_after,1,1,9,dpss,one,1,27,50,77,539,539,online_verify_reconstruction_units,98,5.5,1
7,2,PRIME_MERSENNE_61,2305843009213693951,prss_dispute_seed_naive,dispute,per_party,fold_after,1,1,9,naive,one,1,27,6,33,231,33,online_verify_reconstruction_units,14,2.357142857142857,1
7,2,PRIME_MERSENNE_61,2305843009213693951,prss_dispute_seed_naive,dispute,total,fold_after,1,1,9,naive,one,1,27,6,33,231,231,online_verify_reconstruction_units,98,2.357142857142857,1
7,2,PRIME_MERSENNE_61,2305843009213693951,prss_dispute_seed_dpss,dispute,per_party,fold_after,1,1,9,dpss,M,7,27,56,83,581,83,online_verify_reconstruction_units,14,5.928571428571429,1
7,2,PRIME_MERSENNE_61,2305843009213693951,prss_dispute_seed_dpss,dispute,total,fold_after,1,1,9,dpss,M,7,27,56,83,581,581,online_verify_reconstruction_units,98,5.928571428571429,1
7,2,PRIME_MERSENNE_61,2305843009213693951,prss_dispute_seed_naive,dispute,per_party,fold_after,1,1,9,naive,M,7,27,42,69,483,69,online_verify_reconstruction_units,14,4.928571428571429,1
7,2,PRIME_MERSENNE_61,2305843009213693951,prss_dispute_seed_naive,dispute,total,fold_after,1,1,9,naive,M,7,27,42,69,483,483,online_verify_reconstruction_units,98,4.928571428571429,1
7,2,PRIME_MERSENNE_61,2305843009213693951,prss_dispute_seed_dpss,dispute,per_party,fold_after,1,1,9,dpss,M_squared,49,27,98,125,875,125,online_verify_reconstruction_units,14,8.928571428571429,1
7,2,PRIME_MERSENNE_61,2305843009213693951,prss_dispute_seed_dpss,dispute,total,fold_after,1,1,9,dpss,M_squared,49,27,98,125,875,875,online_verify_reconstruction_units,98,8.928571428571429,1
7,2,PRIME_MERSENNE_61,2305843009213693951,prss_dispute_seed_naive,dispute,per_party,fold_after,1,1,9,naive,M_squared,49,27,294,321,2247,321,online_verify_reconstruction_units,14,22.928571428571427,1
7,2,PRIME_MERSENNE_61,2305843009213693951,prss_dispute_seed_naive,dispute,total,fold_after,1,1,9,naive,M_squared,49,27,294,321,2247,2247,online_verify_reconstruction_units,98,22.928571428571427,1
7,2,PRIME_MERSENNE_61,2305843009213693951,naive,n/a,per_party,fold_before,0,0,16,none,none,0,96,0,96,672,96,online_verify_reconstruction_units,14,6.857142857142857,1
7,2,PRIME_MERSENNE_61,2305843009213693951,naive,n/a,total,fold_before,0,0,16,none,none,0,96,0,96,672,672,online_verify_reconstruction_units,98,6.857142857142857,1
7,2,PRIME_MERSENNE_61,2305843009213693951,dpss_model,n/a,per_party,fold_before,0,0,16,none,none,0,65,0,65,455,65,online_verify_reconstruction_units,14,4.642857142857143,1
7,2,PRIME_MERSENNE_61,2305843009213693951,dpss_model,n/a,total,fold_before,0,0,16,none,none,0,65,0,65,455,455,online_verify_reconstruction_units,98,4.642857142857143,1
7,2,PRIME_MERSENNE_61,2305843009213693951,full_mask,n/a,per_party,fold_before,0,0,9,none,none,0,54,0,54,378,54,online_verify_reconstruction_units,14,3.857142857142857,1
7,2,PRIME_MERSENNE_61,2305843009213693951,full_mask,n/a,total,fold_before,0,0,9,none,none,0,54,0,54,378,378,online_verify_reconstruction_units,98,3.857142857142857,1
7,2,PRIME_MERSENNE_61,2305843009213693951,kernel_mask,n/a,per_party,fold_before,0,0,8,none,none,0,48,0,48,336,48,online_verify_reconstruction_units,14,3.4285714285714284,1
7,2,PRIME_MERSENNE_61,2305843009213693951,kernel_mask,n/a,total,fold_before,0,0,8,none,none,0,48,0,48,336,336,online_verify_reconstruction_units,98,3.4285714285714284,1
7,2,PRIME_MERSENNE_61,2305843009213693951,prss_local,local,per_party,fold_before,0,0,16,none,none,0,16,0,16,112,16,online_verify_reconstruction_units,14,1.1428571428571428,1
7,2,PRIME_MERSENNE_61,2305843009213693951,prss_local,local,total,fold_before,0,0,16,none,none,0,16,0,16,112,112,online_verify_reconstruction_units,98,1.1428571428571428,1
7,2,PRIME_MERSENNE_61,2305843009213693951,prss_local_seed_dpss,local,per_party,fold_before,0,0,16,dpss,one,1,16,50,66,462,66,online_verify_reconstruction_units,14,4.714285714285714,1
7,2,PRIME_MERSENNE_61,2305843009213693951,prss_local_seed_dpss,local,total,fold_before,0,0,16,dpss,one,1,16,50,66,462,462,online_verify_reconstruction_units,98,4.714285714285714,1
7,2,PRIME_MERSENNE_61,2305843009213693951,prss_local_seed_naive,local,per_party,fold_before,0,0,16,naive,one,1,16,6,22,154,22,online_verify_reconstruction_units,14,1.5714285714285714,1
7,2,PRIME_MERSENNE_61,2305843009213693951,prss_local_seed_naive,local,total,fold_before,0,0,16,naive,one,1,16,6,22,154,154,online_verify_reconstruction_units,98,1.5714285714285714,1
7,2,PRIME_MERSENNE_61,2305843009213693951,prss_local_seed_dpss,local,per_party,fold_before,0,0,16,dpss,M,7,16,56,72,504,72,online_verify_reconstruction_units,14,5.142857142857143,1
7,2,PRIME_MERSENNE_61,2305843009213693951,prss_local_seed_dpss,local,total,fold_before,0,0,16,dpss,M,7,16,56,72,504,504,online_verify_reconstruction_units,98,5.142857142857143,1
7,2,PRIME_MERSENNE_61,2305843009213693951,prss_local_seed_naive,local,per_party,fold_before,0,0,16,naive,M,7,16,42,58,406,58,online_verify_reconstruction_units,14,4.142857142857143,1
7,2,PRIME_MERSENNE_61,2305843009213693951,prss_local_seed_naive,local,total,fold_before,0,0,16,naive,M,7,16,42,58,406,406,online_verify_reconstruction_units,98,4.142857142857143,1
7,2,PRIME_MERSENNE_61,2305843009213693951,prss_local_seed_dpss,local,per_party,fold_before,0,0,16,dpss,M_squared,49,16,98,114,798,114,online_verify_reconstruction_units,14,8.142857142857142,1
7,2,PRIME_MERSENNE_61,2305843009213693951,prss_local_seed_dpss,local,total,fold_before,0,0,16,dpss,M_squared,49,16,98,114,798,798,online_verify_reconstruction_units,98,8.142857142857142,1
7,2,PRIME_MERSENNE_61,2305843009213693951,prss_local_seed_naive,local,per_party,fold_before,0,0,16,naive,M_squared,49,16,294,310,2170,310,online_verify_reconstruction_units,14,22.142857142857142,1
7,2,PRIME_MERSENNE_61,2305843009213693951,prss_local_seed_naive,local,total,fold_before,0,0,16,naive,M_squared,49,16,294,310,2170,2170,online_verify_reconstruction_units,98,22.142857142857142,1
7,2,PRIME_MERSENNE_61,2305843009213693951,prss_commit,commit,per_party,fold_before,0,0,16,none,none,0,22,0,22,154,22,online_verify_reconstruction_units,14,1.5714285714285714,1
7,2,PRIME_MERSENNE_61,2305843009213693951,prss_commit,commit,total,fold_before,0,0,16,none,none,0,22,0,22,154,154,online_verify_reconstruction_units,98,1.5714285714285714,1
7,2,PRIME_MERSENNE_61,2305843009213693951,prss_commit_seed_dpss,commit,per_party,fold_before,0,0,16,dpss,one,1,22,50,72,504,72,online_verify_reconstruction_units,14,5.142857142857143,1
7,2,PRIME_MERSENNE_61,2305843009213693951,prss_commit_seed_dpss,commit,total,fold_before,0,0,16,dpss,one,1,22,50,72,504,504,online_verify_reconstruction_units,98,5.142857142857143,1
7,2,PRIME_MERSENNE_61,2305843009213693951,prss_commit_seed_naive,commit,per_party,fold_before,0,0,16,naive,one,1,22,6,28,196,28,online_verify_reconstruction_units,14,2.0,1
7,2,PRIME_MERSENNE_61,2305843009213693951,prss_commit_seed_naive,commit,total,fold_before,0,0,16,naive,one,1,22,6,28,196,196,online_verify_reconstruction_units,98,2.0,1
7,2,PRIME_MERSENNE_61,2305843009213693951,prss_commit_seed_dpss,commit,per_party,fold_before,0,0,16,dpss,M,7,22,56,78,546,78,online_verify_reconstruction_units,14,5.571428571428571,1
7,2,PRIME_MERSENNE_61,2305843009213693951,prss_commit_seed_dpss,commit,total,fold_before,0,0,16,dpss,M,7,22,56,78,546,546,online_verify_reconstruction_units,98,5.571428571428571,1
7,2,PRIME_MERSENNE_61,2305843009213693951,prss_commit_seed_naive,commit,per_party,fold_before,0,0,16,naive,M,7,22,42,64,448,64,online_verify_reconstruction_units,14,4.571428571428571,1
7,2,PRIME_MERSENNE_61,2305843009213693951,prss_commit_seed_naive,commit,total,fold_before,0,0,16,naive,M,7,22,42,64,448,448,online_verify_reconstruction_units,98,4.571428571428571,1
7,2,PRIME_MERSENNE_61,2305843009213693951,prss_commit_seed_dpss,commit,per_party,fold_before,0,0,16,dpss,M_squared,49,22,98,120,840,120,online_verify_reconstruction_units,14,8.571428571428571,1
7,2,PRIME_MERSENNE_61,2305843009213693951,prss_commit_seed_dpss,commit,total,fold_before,0,0,16,dpss,M_squared,49,22,98,120,840,840,online_verify_reconstruction_units,98,8.571428571428571,1
7,2,PRIME_MERSENNE_61,2305843009213693951,prss_commit_seed_naive,commit,per_party,fold_before,0,0,16,naive,M_squared,49,22,294,316,2212,316,online_verify_reconstruction_units,14,22.571428571428573,1
7,2,PRIME_MERSENNE_61,2305843009213693951,prss_commit_seed_naive,commit,total,fold_before,0,0,16,naive,M_squared,49,22,294,316,2212,2212,online_verify_reconstruction_units,98,22.571428571428573,1
7,2,PRIME_MERSENNE_61,2305843009213693951,prss_dispute,dispute,per_party,fold_before,0,0,16,none,none,0,34,0,34,238,34,online_verify_reconstruction_units,14,2.4285714285714284,1
7,2,PRIME_MERSENNE_61,2305843009213693951,prss_dispute,dispute,total,fold_before,0,0,16,none,none,0,34,0,34,238,238,online_verify_reconstruction_units,98,2.4285714285714284,1
7,2,PRIME_MERSENNE_61,2305843009213693951,prss_dispute_seed_dpss,dispute,per_party,fold_before,0,0,16,dpss,one,1,34,50,84,588,84,online_verify_reconstruction_units,14,6.0,1
7,2,PRIME_MERSENNE_61,2305843009213693951,prss_dispute_seed_dpss,dispute,total,fold_before,0,0,16,dpss,one,1,34,50,84,588,588,online_verify_reconstruction_units,98,6.0,1
7,2,PRIME_MERSENNE_61,2305843009213693951,prss_dispute_seed_naive,dispute,per_party,fold_before,0,0,16,naive,one,1,34,6,40,280,40,online_verify_reconstruction_units,14,2.857142857142857,1
7,2,PRIME_MERSENNE_61,2305843009213693951,prss_dispute_seed_naive,dispute,total,fold_before,0,0,16,naive,one,1,34,6,40,280,280,online_verify_reconstruction_units,98,2.857142857142857,1
7,2,PRIME_MERSENNE_61,2305843009213693951,prss_dispute_seed_dpss,dispute,per_party,fold_before,0,0,16,dpss,M,7,34,56,90,630,90,online_verify_reconstruction_units,14,6.428571428571429,1
7,2,PRIME_MERSENNE_61,2305843009213693951,prss_dispute_seed_dpss,dispute,total,fold_before,0,0,16,dpss,M,7,34,56,90,630,630,online_verify_reconstruction_units,98,6.428571428571429,1
7,2,PRIME_MERSENNE_61,2305843009213693951,prss_dispute_seed_naive,dispute,per_party,fold_before,0,0,16,naive,M,7,34,42,76,532,76,online_verify_reconstruction_units,14,5.428571428571429,1
7,2,PRIME_MERSENNE_61,2305843009213693951,prss_dispute_seed_naive,dispute,total,fold_before,0,0,16,naive,M,7,34,42,76,532,532,online_verify_reconstruction_units,98,5.428571428571429,1
7,2,PRIME_MERSENNE_61,2305843009213693951,prss_dispute_seed_dpss,dispute,per_party,fold_before,0,0,16,dpss,M_squared,49,34,98,132,924,132,online_verify_reconstruction_units,14,9.428571428571429,1
7,2,PRIME_MERSENNE_61,2305843009213693951,prss_dispute_seed_dpss,dispute,total,fold_before,0,0,16,dpss,M_squared,49,34,98,132,924,924,online_verify_reconstruction_units,98,9.428571428571429,1
7,2,PRIME_MERSENNE_61,2305843009213693951,prss_dispute_seed_naive,dispute,per_party,fold_before,0,0,16,naive,M_squared,49,34,294,328,2296,328,online_verify_reconstruction_units,14,23.428571428571427,1
7,2,PRIME_MERSENNE_61,2305843009213693951,prss_dispute_seed_naive,dispute,total,fold_before,0,0,16,naive,M_squared,49,34,294,328,2296,2296,online_verify_reconstruction_units,98,23.428571428571427,1
9,2,PRIME_MERSENNE_61,2305843009213693951,naive,n/a,per_party,fold_after,1,1,9,none,none,0,72,0,72,648,72,online_verify_reconstruction_units,14,5.142857142857143,1
9,2,PRIME_MERSENNE_61,2305843009213693951,naive,n/a,total,fold_after,1,1,9,none,none,0,72,0,72,648,648,online_verify_reconstruction_units,126,5.142857142857143,1
9,2,PRIME_MERSENNE_61,2305843009213693951,dpss_model,n/a,per_party,fold_after,1,1,9,none,none,0,90,0,90,810,90,online_verify_reconstruction_units,14,6.428571428571429,1
9,2,PRIME_MERSENNE_61,2305843009213693951,dpss_model,n/a,total,fold_after,1,1,9,none,none,0,90,0,90,810,810,online_verify_reconstruction_units,126,6.428571428571429,1
9,2,PRIME_MERSENNE_61,2305843009213693951,full_mask,n/a,per_party,fold_after,1,1,9,none,none,0,72,0,72,648,72,online_verify_reconstruction_units,14,5.142857142857143,1
9,2,PRIME_MERSENNE_61,2305843009213693951,full_mask,n/a,total,fold_after,1,1,9,none,none,0,72,0,72,648,648,online_verify_reconstruction_units,126,5.142857142857143,1
9,2,PRIME_MERSENNE_61,2305843009213693951,kernel_mask,n/a,per_party,fold_after,1,1,5,none,none,0,40,0,40,360,40,online_verify_reconstruction_units,14,2.857142857142857,1
9,2,PRIME_MERSENNE_61,2305843009213693951,kernel_mask,n/a,total,fold_after,1,1,5,none,none,0,40,0,40,360,360,online_verify_reconstruction_units,126,2.857142857142857,1
9,2,PRIME_MERSENNE_61,2305843009213693951,prss_local,local,per_party,fold_after,1,1,9,none,none,0,9,0,9,81,9,online_verify_reconstruction_units,14,0.6428571428571429,1
9,2,PRIME_MERSENNE_61,2305843009213693951,prss_local,local,total,fold_after,1,1,9,none,none,0,9,0,9,81,81,online_verify_reconstruction_units,126,0.6428571428571429,1
9,2,PRIME_MERSENNE_61,2305843009213693951,prss_local_seed_dpss,local,per_party,fold_after,1,1,9,dpss,one,1,9,82,91,819,91,online_verify_reconstruction_units,14,6.5,1
9,2,PRIME_MERSENNE_61,2305843009213693951,prss_local_seed_dpss,local,total,fold_after,1,1,9,dpss,one,1,9,82,91,819,819,online_verify_reconstruction_units,126,6.5,1
9,2,PRIME_MERSENNE_61,2305843009213693951,prss_local_seed_naive,local,per_party,fold_after,1,1,9,naive,one,1,9,8,17,153,17,online_verify_reconstruction_units,14,1.2142857142857142,1
9,2,PRIME_MERSENNE_61,2305843009213693951,prss_local_seed_naive,local,total,fold_after,1,1,9,naive,one,1,9,8,17,153,153,online_verify_reconstruction_units,126,1.2142857142857142,1
9,2,PRIME_MERSENNE_61,2305843009213693951,prss_local_seed_dpss,local,per_party,fold_after,1,1,9,dpss,M,9,9,90,99,891,99,online_verify_reconstruction_units,14,7.071428571428571,1
9,2,PRIME_MERSENNE_61,2305843009213693951,prss_local_seed_dpss,local,total,fold_after,1,1,9,dpss,M,9,9,90,99,891,891,online_verify_reconstruction_units,126,7.071428571428571,1
9,2,PRIME_MERSENNE_61,2305843009213693951,prss_local_seed_naive,local,per_party,fold_after,1,1,9,naive,M,9,9,72,81,729,81,online_verify_reconstruction_units,14,5.785714285714286,1
9,2,PRIME_MERSENNE_61,2305843009213693951,prss_local_seed_naive,local,total,fold_after,1,1,9,naive,M,9,9,72,81,729,729,online_verify_reconstruction_units,126,5.785714285714286,1
9,2,PRIME_MERSENNE_61,2305843009213693951,prss_local_seed_dpss,local,per_party,fold_after,1,1,9,dpss,M_squared,81,9,162,171,1539,171,online_verify_reconstruction_units,14,12.214285714285714,1
9,2,PRIME_MERSENNE_61,2305843009213693951,prss_local_seed_dpss,local,total,fold_after,1,1,9,dpss,M_squared,81,9,162,171,1539,1539,online_verify_reconstruction_units,126,12.214285714285714,1
9,2,PRIME_MERSENNE_61,2305843009213693951,prss_local_seed_naive,local,per_party,fold_after,1,1,9,naive,M_squared,81,9,648,657,5913,657,online_verify_reconstruction_units,14,46.92857142857143,1
9,2,PRIME_MERSENNE_61,2305843009213693951,prss_local_seed_naive,local,total,fold_after,1,1,9,naive,M_squared,81,9,648,657,5913,5913,online_verify_reconstruction_units,126,46.92857142857143,1
9,2,PRIME_MERSENNE_61,2305843009213693951,prss_commit,commit,per_party,fold_after,1,1,9,none,none,0,17,0,17,153,17,online_verify_reconstruction_units,14,1.2142857142857142,1
9,2,PRIME_MERSENNE_61,2305843009213693951,prss_commit,commit,total,fold_after,1,1,9,none,none,0,17,0,17,153,153,online_verify_reconstruction_units,126,1.2142857142857142,1
9,2,PRIME_MERSENNE_61,2305843009213693951,prss_commit_seed_dpss,commit,per_party,fold_after,1,1,9,dpss,one,1,17,82,99,891,99,online_verify_reconstruction_units,14,7.071428571428571,1
9,2,PRIME_MERSENNE_61,2305843009213693951,prss_commit_seed_dpss,commit,total,fold_after,1,1,9,dpss,one,1,17,82,99,891,891,online_verify_reconstruction_units,126,7.071428571428571,1
9,2,PRIME_MERSENNE_61,2305843009213693951,prss_commit_seed_naive,commit,per_party,fold_after,1,1,9,naive,one,1,17,8,25,225,25,online_verify_reconstruction_units,14,1.7857142857142858,1
9,2,PRIME_MERSENNE_61,2305843009213693951,prss_commit_seed_naive,commit,total,fold_after,1,1,9,naive,one,1,17,8,25,225,225,online_verify_reconstruction_units,126,1.7857142857142858,1
9,2,PRIME_MERSENNE_61,2305843009213693951,prss_commit_seed_dpss,commit,per_party,fold_after,1,1,9,dpss,M,9,17,90,107,963,107,online_verify_reconstruction_units,14,7.642857142857143,1
9,2,PRIME_MERSENNE_61,2305843009213693951,prss_commit_seed_dpss,commit,total,fold_after,1,1,9,dpss,M,9,17,90,107,963,963,online_verify_reconstruction_units,126,7.642857142857143,1
9,2,PRIME_MERSENNE_61,2305843009213693951,prss_commit_seed_naive,commit,per_party,fold_after,1,1,9,naive,M,9,17,72,89,801,89,online_verify_reconstruction_units,14,6.357142857142857,1
9,2,PRIME_MERSENNE_61,2305843009213693951,prss_commit_seed_naive,commit,total,fold_after,1,1,9,naive,M,9,17,72,89,801,801,online_verify_reconstruction_units,126,6.357142857142857,1
9,2,PRIME_MERSENNE_61,2305843009213693951,prss_commit_seed_dpss,commit,per_party,fold_after,1,1,9,dpss,M_squared,81,17,162,179,1611,179,online_verify_reconstruction_units,14,12.785714285714286,1
9,2,PRIME_MERSENNE_61,2305843009213693951,prss_commit_seed_dpss,commit,total,fold_after,1,1,9,dpss,M_squared,81,17,162,179,1611,1611,online_verify_reconstruction_units,126,12.785714285714286,1
9,2,PRIME_MERSENNE_61,2305843009213693951,prss_commit_seed_naive,commit,per_party,fold_after,1,1,9,naive,M_squared,81,17,648,665,5985,665,online_verify_reconstruction_units,14,47.5,1
9,2,PRIME_MERSENNE_61,2305843009213693951,prss_commit_seed_naive,commit,total,fold_after,1,1,9,naive,M_squared,81,17,648,665,5985,5985,online_verify_reconstruction_units,126,47.5,1
9,2,PRIME_MERSENNE_61,2305843009213693951,prss_dispute,dispute,per_party,fold_after,1,1,9,none,none,0,41,0,41,369,41,online_verify_reconstruction_units,14,2.9285714285714284,1
9,2,PRIME_MERSENNE_61,2305843009213693951,prss_dispute,dispute,total,fold_after,1,1,9,none,none,0,41,0,41,369,369,online_verify_reconstruction_units,126,2.9285714285714284,1
9,2,PRIME_MERSENNE_61,2305843009213693951,prss_dispute_seed_dpss,dispute,per_party,fold_after,1,1,9,dpss,one,1,41,82,123,1107,123,online_verify_reconstruction_units,14,8.785714285714286,1
9,2,PRIME_MERSENNE_61,2305843009213693951,prss_dispute_seed_dpss,dispute,total,fold_after,1,1,9,dpss,one,1,41,82,123,1107,1107,online_verify_reconstruction_units,126,8.785714285714286,1
9,2,PRIME_MERSENNE_61,2305843009213693951,prss_dispute_seed_naive,dispute,per_party,fold_after,1,1,9,naive,one,1,41,8,49,441,49,online_verify_reconstruction_units,14,3.5,1
9,2,PRIME_MERSENNE_61,2305843009213693951,prss_dispute_seed_naive,dispute,total,fold_after,1,1,9,naive,one,1,41,8,49,441,441,online_verify_reconstruction_units,126,3.5,1
9,2,PRIME_MERSENNE_61,2305843009213693951,prss_dispute_seed_dpss,dispute,per_party,fold_after,1,1,9,dpss,M,9,41,90,131,1179,131,online_verify_reconstruction_units,14,9.357142857142858,1
9,2,PRIME_MERSENNE_61,2305843009213693951,prss_dispute_seed_dpss,dispute,total,fold_after,1,1,9,dpss,M,9,41,90,131,1179,1179,online_verify_reconstruction_units,126,9.357142857142858,1
9,2,PRIME_MERSENNE_61,2305843009213693951,prss_dispute_seed_naive,dispute,per_party,fold_after,1,1,9,naive,M,9,41,72,113,1017,113,online_verify_reconstruction_units,14,8.071428571428571,1
9,2,PRIME_MERSENNE_61,2305843009213693951,prss_dispute_seed_naive,dispute,total,fold_after,1,1,9,naive,M,9,41,72,113,1017,1017,online_verify_reconstruction_units,126,8.071428571428571,1
9,2,PRIME_MERSENNE_61,2305843009213693951,prss_dispute_seed_dpss,dispute,per_party,fold_after,1,1,9,dpss,M_squared,81,41,162,203,1827,203,online_verify_reconstruction_units,14,14.5,1
9,2,PRIME_MERSENNE_61,2305843009213693951,prss_dispute_seed_dpss,dispute,total,fold_after,1,1,9,dpss,M_squared,81,41,162,203,1827,1827,online_verify_reconstruction_units,126,14.5,1
9,2,PRIME_MERSENNE_61,2305843009213693951,prss_dispute_seed_naive,dispute,per_party,fold_after,1,1,9,naive,M_squared,81,41,648,689,6201,689,online_verify_reconstruction_units,14,49.214285714285715,1
9,2,PRIME_MERSENNE_61,2305843009213693951,prss_dispute_seed_naive,dispute,total,fold_after,1,1,9,naive,M_squared,81,41,648,689,6201,6201,online_verify_reconstruction_units,126,49.214285714285715,1
9,2,PRIME_MERSENNE_61,2305843009213693951,naive,n/a,per_party,fold_before,0,0,16,none,none,0,128,0,128,1152,128,online_verify_reconstruction_units,14,9.142857142857142,1
9,2,PRIME_MERSENNE_61,2305843009213693951,naive,n/a,total,fold_before,0,0,16,none,none,0,128,0,128,1152,1152,online_verify_reconstruction_units,126,9.142857142857142,1
9,2,PRIME_MERSENNE_61,2305843009213693951,dpss_model,n/a,per_party,fold_before,0,0,16,none,none,0,97,0,97,873,97,online_verify_reconstruction_units,14,6.928571428571429,1
9,2,PRIME_MERSENNE_61,2305843009213693951,dpss_model,n/a,total,fold_before,0,0,16,none,none,0,97,0,97,873,873,online_verify_reconstruction_units,126,6.928571428571429,1
9,2,PRIME_MERSENNE_61,2305843009213693951,full_mask,n/a,per_party,fold_before,0,0,9,none,none,0,72,0,72,648,72,online_verify_reconstruction_units,14,5.142857142857143,1
9,2,PRIME_MERSENNE_61,2305843009213693951,full_mask,n/a,total,fold_before,0,0,9,none,none,0,72,0,72,648,648,online_verify_reconstruction_units,126,5.142857142857143,1
9,2,PRIME_MERSENNE_61,2305843009213693951,kernel_mask,n/a,per_party,fold_before,0,0,8,none,none,0,64,0,64,576,64,online_verify_reconstruction_units,14,4.571428571428571,1
9,2,PRIME_MERSENNE_61,2305843009213693951,kernel_mask,n/a,total,fold_before,0,0,8,none,none,0,64,0,64,576,576,online_verify_reconstruction_units,126,4.571428571428571,1
9,2,PRIME_MERSENNE_61,2305843009213693951,prss_local,local,per_party,fold_before,0,0,16,none,none,0,16,0,16,144,16,online_verify_reconstruction_units,14,1.1428571428571428,1
9,2,PRIME_MERSENNE_61,2305843009213693951,prss_local,local,total,fold_before,0,0,16,none,none,0,16,0,16,144,144,online_verify_reconstruction_units,126,1.1428571428571428,1
9,2,PRIME_MERSENNE_61,2305843009213693951,prss_local_seed_dpss,local,per_party,fold_before,0,0,16,dpss,one,1,16,82,98,882,98,online_verify_reconstruction_units,14,7.0,1
9,2,PRIME_MERSENNE_61,2305843009213693951,prss_local_seed_dpss,local,total,fold_before,0,0,16,dpss,one,1,16,82,98,882,882,online_verify_reconstruction_units,126,7.0,1
9,2,PRIME_MERSENNE_61,2305843009213693951,prss_local_seed_naive,local,per_party,fold_before,0,0,16,naive,one,1,16,8,24,216,24,online_verify_reconstruction_units,14,1.7142857142857142,1
9,2,PRIME_MERSENNE_61,2305843009213693951,prss_local_seed_naive,local,total,fold_before,0,0,16,naive,one,1,16,8,24,216,216,online_verify_reconstruction_units,126,1.7142857142857142,1
9,2,PRIME_MERSENNE_61,2305843009213693951,prss_local_seed_dpss,local,per_party,fold_before,0,0,16,dpss,M,9,16,90,106,954,106,online_verify_reconstruction_units,14,7.571428571428571,1
9,2,PRIME_MERSENNE_61,2305843009213693951,prss_local_seed_dpss,local,total,fold_before,0,0,16,dpss,M,9,16,90,106,954,954,online_verify_reconstruction_units,126,7.571428571428571,1
9,2,PRIME_MERSENNE_61,2305843009213693951,prss_local_seed_naive,local,per_party,fold_before,0,0,16,naive,M,9,16,72,88,792,88,online_verify_reconstruction_units,14,6.285714285714286,1
9,2,PRIME_MERSENNE_61,2305843009213693951,prss_local_seed_naive,local,total,fold_before,0,0,16,naive,M,9,16,72,88,792,792,online_verify_reconstruction_units,126,6.285714285714286,1
9,2,PRIME_MERSENNE_61,2305843009213693951,prss_local_seed_dpss,local,per_party,fold_before,0,0,16,dpss,M_squared,81,16,162,178,1602,178,online_verify_reconstruction_units,14,12.714285714285714,1
9,2,PRIME_MERSENNE_61,2305843009213693951,prss_local_seed_dpss,local,total,fold_before,0,0,16,dpss,M_squared,81,16,162,178,1602,1602,online_verify_reconstruction_units,126,12.714285714285714,1
9,2,PRIME_MERSENNE_61,2305843009213693951,prss_local_seed_naive,local,per_party,fold_before,0,0,16,naive,M_squared,81,16,648,664,5976,664,online_verify_reconstruction_units,14,47.42857142857143,1
9,2,PRIME_MERSENNE_61,2305843009213693951,prss_local_seed_naive,local,total,fold_before,0,0,16,naive,M_squared,81,16,648,664,5976,5976,online_verify_reconstruction_units,126,47.42857142857143,1
9,2,PRIME_MERSENNE_61,2305843009213693951,prss_commit,commit,per_party,fold_before,0,0,16,none,none,0,24,0,24,216,24,online_verify_reconstruction_units,14,1.7142857142857142,1
9,2,PRIME_MERSENNE_61,2305843009213693951,prss_commit,commit,total,fold_before,0,0,16,none,none,0,24,0,24,216,216,online_verify_reconstruction_units,126,1.7142857142857142,1
9,2,PRIME_MERSENNE_61,2305843009213693951,prss_commit_seed_dpss,commit,per_party,fold_before,0,0,16,dpss,one,1,24,82,106,954,106,online_verify_reconstruction_units,14,7.571428571428571,1
9,2,PRIME_MERSENNE_61,2305843009213693951,prss_commit_seed_dpss,commit,total,fold_before,0,0,16,dpss,one,1,24,82,106,954,954,online_verify_reconstruction_units,126,7.571428571428571,1
9,2,PRIME_MERSENNE_61,2305843009213693951,prss_commit_seed_naive,commit,per_party,fold_before,0,0,16,naive,one,1,24,8,32,288,32,online_verify_reconstruction_units,14,2.2857142857142856,1
9,2,PRIME_MERSENNE_61,2305843009213693951,prss_commit_seed_naive,commit,total,fold_before,0,0,16,naive,one,1,24,8,32,288,288,online_verify_reconstruction_units,126,2.2857142857142856,1
9,2,PRIME_MERSENNE_61,2305843009213693951,prss_commit_seed_dpss,commit,per_party,fold_before,0,0,16,dpss,M,9,24,90,114,1026,114,online_verify_reconstruction_units,14,8.142857142857142,1
9,2,PRIME_MERSENNE_61,2305843009213693951,prss_commit_seed_dpss,commit,total,fold_before,0,0,16,dpss,M,9,24,90,114,1026,1026,online_verify_reconstruction_units,126,8.142857142857142,1
9,2,PRIME_MERSENNE_61,2305843009213693951,prss_commit_seed_naive,commit,per_party,fold_before,0,0,16,naive,M,9,24,72,96,864,96,online_verify_reconstruction_units,14,6.857142857142857,1
9,2,PRIME_MERSENNE_61,2305843009213693951,prss_commit_seed_naive,commit,total,fold_before,0,0,16,naive,M,9,24,72,96,864,864,online_verify_reconstruction_units,126,6.857142857142857,1
9,2,PRIME_MERSENNE_61,2305843009213693951,prss_commit_seed_dpss,commit,per_party,fold_before,0,0,16,dpss,M_squared,81,24,162,186,1674,186,online_verify_reconstruction_units,14,13.285714285714286,1
9,2,PRIME_MERSENNE_61,2305843009213693951,prss_commit_seed_dpss,commit,total,fold_before,0,0,16,dpss,M_squared,81,24,162,186,1674,1674,online_verify_reconstruction_units,126,13.285714285714286,1
9,2,PRIME_MERSENNE_61,2305843009213693951,prss_commit_seed_naive,commit,per_party,fold_before,0,0,16,naive,M_squared,81,24,648,672,6048,672,online_verify_reconstruction_units,14,48.0,1
9,2,PRIME_MERSENNE_61,2305843009213693951,prss_commit_seed_naive,commit,total,fold_before,0,0,16,naive,M_squared,81,24,648,672,6048,6048,online_verify_reconstruction_units,126,48.0,1
9,2,PRIME_MERSENNE_61,2305843009213693951,prss_dispute,dispute,per_party,fold_before,0,0,16,none,none,0,48,0,48,432,48,online_verify_reconstruction_units,14,3.4285714285714284,1
9,2,PRIME_MERSENNE_61,2305843009213693951,prss_dispute,dispute,total,fold_before,0,0,16,none,none,0,48,0,48,432,432,online_verify_reconstruction_units,126,3.4285714285714284,1
9,2,PRIME_MERSENNE_61,2305843009213693951,prss_dispute_seed_dpss,dispute,per_party,fold_before,0,0,16,dpss,one,1,48,82,130,1170,130,online_verify_reconstruction_units,14,9.285714285714286,1
9,2,PRIME_MERSENNE_61,2305843009213693951,prss_dispute_seed_dpss,dispute,total,fold_before,0,0,16,dpss,one,1,48,82,130,1170,1170,online_verify_reconstruction_units,126,9.285714285714286,1
9,2,PRIME_MERSENNE_61,2305843009213693951,prss_dispute_seed_naive,dispute,per_party,fold_before,0,0,16,naive,one,1,48,8,56,504,56,online_verify_reconstruction_units,14,4.0,1
9,2,PRIME_MERSENNE_61,2305843009213693951,prss_dispute_seed_naive,dispute,total,fold_before,0,0,16,naive,one,1,48,8,56,504,504,online_verify_reconstruction_units,126,4.0,1
9,2,PRIME_MERSENNE_61,2305843009213693951,prss_dispute_seed_dpss,dispute,per_party,fold_before,0,0,16,dpss,M,9,48,90,138,1242,138,online_verify_reconstruction_units,14,9.857142857142858,1
9,2,PRIME_MERSENNE_61,2305843009213693951,prss_dispute_seed_dpss,dispute,total,fold_before,0,0,16,dpss,M,9,48,90,138,1242,1242,online_verify_reconstruction_units,126,9.857142857142858,1
9,2,PRIME_MERSENNE_61,2305843009213693951,prss_dispute_seed_naive,dispute,per_party,fold_before,0,0,16,naive,M,9,48,72,120,1080,120,online_verify_reconstruction_units,14,8.571428571428571,1
9,2,PRIME_MERSENNE_61,2305843009213693951,prss_dispute_seed_naive,dispute,total,fold_before,0,0,16,naive,M,9,48,72,120,1080,1080,online_verify_reconstruction_units,126,8.571428571428571,1
9,2,PRIME_MERSENNE_61,2305843009213693951,prss_dispute_seed_dpss,dispute,per_party,fold_before,0,0,16,dpss,M_squared,81,48,162,210,1890,210,online_verify_reconstruction_units,14,15.0,1
9,2,PRIME_MERSENNE_61,2305843009213693951,prss_dispute_seed_dpss,dispute,total,fold_before,0,0,16,dpss,M_squared,81,48,162,210,1890,1890,online_verify_reconstruction_units,126,15.0,1
9,2,PRIME_MERSENNE_61,2305843009213693951,prss_dispute_seed_naive,dispute,per_party,fold_before,0,0,16,naive,M_squared,81,48,648,696,6264,696,online_verify_reconstruction_units,14,49.714285714285715,1
9,2,PRIME_MERSENNE_61,2305843009213693951,prss_dispute_seed_naive,dispute,total,fold_before,0,0,16,naive,M_squared,81,48,648,696,6264,6264,online_verify_reconstruction_units,126,49.714285714285715,1
15,2,PRIME_MERSENNE_61,2305843009213693951,naive,n/a,per_party,fold_after,1,1,9,none,none,0,126,0,126,1890,126,online_verify_reconstruction_units,14,9.0,1
15,2,PRIME_MERSENNE_61,2305843009213693951,naive,n/a,total,fold_after,1,1,9,none,none,0,126,0,126,1890,1890,online_verify_reconstruction_units,210,9.0,1
15,2,PRIME_MERSENNE_61,2305843009213693951,dpss_model,n/a,per_party,fold_after,1,1,9,none,none,0,234,0,234,3510,234,online_verify_reconstruction_units,14,16.714285714285715,1
15,2,PRIME_MERSENNE_61,2305843009213693951,dpss_model,n/a,total,fold_after,1,1,9,none,none,0,234,0,234,3510,3510,online_verify_reconstruction_units,210,16.714285714285715,1
15,2,PRIME_MERSENNE_61,2305843009213693951,full_mask,n/a,per_party,fold_after,1,1,9,none,none,0,126,0,126,1890,126,online_verify_reconstruction_units,14,9.0,1
15,2,PRIME_MERSENNE_61,2305843009213693951,full_mask,n/a,total,fold_after,1,1,9,none,none,0,126,0,126,1890,1890,online_verify_reconstruction_units,210,9.0,1
15,2,PRIME_MERSENNE_61,2305843009213693951,kernel_mask,n/a,per_party,fold_after,1,1,5,none,none,0,70,0,70,1050,70,online_verify_reconstruction_units,14,5.0,1
15,2,PRIME_MERSENNE_61,2305843009213693951,kernel_mask,n/a,total,fold_after,1,1,5,none,none,0,70,0,70,1050,1050,online_verify_reconstruction_units,210,5.0,1
15,2,PRIME_MERSENNE_61,2305843009213693951,prss_local,local,per_party,fold_after,1,1,9,none,none,0,9,0,9,135,9,online_verify_reconstruction_units,14,0.6428571428571429,1
15,2,PRIME_MERSENNE_61,2305843009213693951,prss_local,local,total,fold_after,1,1,9,none,none,0,9,0,9,135,135,online_verify_reconstruction_units,210,0.6428571428571429,1
15,2,PRIME_MERSENNE_61,2305843009213693951,prss_local_seed_dpss,local,per_party,fold_after,1,1,9,dpss,one,1,9,226,235,3525,235,online_verify_reconstruction_units,14,16.785714285714285,1
15,2,PRIME_MERSENNE_61,2305843009213693951,prss_local_seed_dpss,local,total,fold_after,1,1,9,dpss,one,1,9,226,235,3525,3525,online_verify_reconstruction_units,210,16.785714285714285,1
15,2,PRIME_MERSENNE_61,2305843009213693951,prss_local_seed_naive,local,per_party,fold_after,1,1,9,naive,one,1,9,14,23,345,23,online_verify_reconstruction_units,14,1.6428571428571428,1
15,2,PRIME_MERSENNE_61,2305843009213693951,prss_local_seed_naive,local,total,fold_after,1,1,9,naive,one,1,9,14,23,345,345,online_verify_reconstruction_units,210,1.6428571428571428,1
15,2,PRIME_MERSENNE_61,2305843009213693951,prss_local_seed_dpss,local,per_party,fold_after,1,1,9,dpss,M,15,9,240,249,3735,249,online_verify_reconstruction_units,14,17.785714285714285,1
15,2,PRIME_MERSENNE_61,2305843009213693951,prss_local_seed_dpss,local,total,fold_after,1,1,9,dpss,M,15,9,240,249,3735,3735,online_verify_reconstruction_units,210,17.785714285714285,1
15,2,PRIME_MERSENNE_61,2305843009213693951,prss_local_seed_naive,local,per_party,fold_after,1,1,9,naive,M,15,9,210,219,3285,219,online_verify_reconstruction_units,14,15.642857142857142,1
15,2,PRIME_MERSENNE_61,2305843009213693951,prss_local_seed_naive,local,total,fold_after,1,1,9,naive,M,15,9,210,219,3285,3285,online_verify_reconstruction_units,210,15.642857142857142,1
15,2,PRIME_MERSENNE_61,2305843009213693951,prss_local_seed_dpss,local,per_party,fold_after,1,1,9,dpss,M_squared,225,9,450,459,6885,459,online_verify_reconstruction_units,14,32.785714285714285,1
15,2,PRIME_MERSENNE_61,2305843009213693951,prss_local_seed_dpss,local,total,fold_after,1,1,9,dpss,M_squared,225,9,450,459,6885,6885,online_verify_reconstruction_units,210,32.785714285714285,1
15,2,PRIME_MERSENNE_61,2305843009213693951,prss_local_seed_naive,local,per_party,fold_after,1,1,9,naive,M_squared,225,9,3150,3159,47385,3159,online_verify_reconstruction_units,14,225.64285714285714,1
15,2,PRIME_MERSENNE_61,2305843009213693951,prss_local_seed_naive,local,total,fold_after,1,1,9,naive,M_squared,225,9,3150,3159,47385,47385,online_verify_reconstruction_units,210,225.64285714285714,1
15,2,PRIME_MERSENNE_61,2305843009213693951,prss_commit,commit,per_party,fold_after,1,1,9,none,none,0,23,0,23,345,23,online_verify_reconstruction_units,14,1.6428571428571428,1
15,2,PRIME_MERSENNE_61,2305843009213693951,prss_commit,commit,total,fold_after,1,1,9,none,none,0,23,0,23,345,345,online_verify_reconstruction_units,210,1.6428571428571428,1
15,2,PRIME_MERSENNE_61,2305843009213693951,prss_commit_seed_dpss,commit,per_party,fold_after,1,1,9,dpss,one,1,23,226,249,3735,249,online_verify_reconstruction_units,14,17.785714285714285,1
15,2,PRIME_MERSENNE_61,2305843009213693951,prss_commit_seed_dpss,commit,total,fold_after,1,1,9,dpss,one,1,23,226,249,3735,3735,online_verify_reconstruction_units,210,17.785714285714285,1
15,2,PRIME_MERSENNE_61,2305843009213693951,prss_commit_seed_naive,commit,per_party,fold_after,1,1,9,naive,one,1,23,14,37,555,37,online_verify_reconstruction_units,14,2.642857142857143,1
15,2,PRIME_MERSENNE_61,2305843009213693951,prss_commit_seed_naive,commit,total,fold_after,1,1,9,naive,one,1,23,14,37,555,555,online_verify_reconstruction_units,210,2.642857142857143,1
15,2,PRIME_MERSENNE_61,2305843009213693951,prss_commit_seed_dpss,commit,per_party,fold_after,1,1,9,dpss,M,15,23,240,263,3945,263,online_verify_reconstruction_units,14,18.785714285714285,1
15,2,PRIME_MERSENNE_61,2305843009213693951,prss_commit_seed_dpss,commit,total,fold_after,1,1,9,dpss,M,15,23,240,263,3945,3945,online_verify_reconstruction_units,210,18.785714285714285,1
15,2,PRIME_MERSENNE_61,2305843009213693951,prss_commit_seed_naive,commit,per_party,fold_after,1,1,9,naive,M,15,23,210,233,3495,233,online_verify_reconstruction_units,14,16.642857142857142,1
15,2,PRIME_MERSENNE_61,2305843009213693951,prss_commit_seed_naive,commit,total,fold_after,1,1,9,naive,M,15,23,210,233,3495,3495,online_verify_reconstruction_units,210,16.642857142857142,1
15,2,PRIME_MERSENNE_61,2305843009213693951,prss_commit_seed_dpss,commit,per_party,fold_after,1,1,9,dpss,M_squared,225,23,450,473,7095,473,online_verify_reconstruction_units,14,33.785714285714285,1
15,2,PRIME_MERSENNE_61,2305843009213693951,prss_commit_seed_dpss,commit,total,fold_after,1,1,9,dpss,M_squared,225,23,450,473,7095,7095,online_verify_reconstruction_units,210,33.785714285714285,1
15,2,PRIME_MERSENNE_61,2305843009213693951,prss_commit_seed_naive,commit,per_party,fold_after,1,1,9,naive,M_squared,225,23,3150,3173,47595,3173,online_verify_reconstruction_units,14,226.64285714285714,1
15,2,PRIME_MERSENNE_61,2305843009213693951,prss_commit_seed_naive,commit,total,fold_after,1,1,9,naive,M_squared,225,23,3150,3173,47595,47595,online_verify_reconstruction_units,210,226.64285714285714,1
15,2,PRIME_MERSENNE_61,2305843009213693951,prss_dispute,dispute,per_party,fold_after,1,1,9,none,none,0,65,0,65,975,65,online_verify_reconstruction_units,14,4.642857142857143,1
15,2,PRIME_MERSENNE_61,2305843009213693951,prss_dispute,dispute,total,fold_after,1,1,9,none,none,0,65,0,65,975,975,online_verify_reconstruction_units,210,4.642857142857143,1
15,2,PRIME_MERSENNE_61,2305843009213693951,prss_dispute_seed_dpss,dispute,per_party,fold_after,1,1,9,dpss,one,1,65,226,291,4365,291,online_verify_reconstruction_units,14,20.785714285714285,1
15,2,PRIME_MERSENNE_61,2305843009213693951,prss_dispute_seed_dpss,dispute,total,fold_after,1,1,9,dpss,one,1,65,226,291,4365,4365,online_verify_reconstruction_units,210,20.785714285714285,1
15,2,PRIME_MERSENNE_61,2305843009213693951,prss_dispute_seed_naive,dispute,per_party,fold_after,1,1,9,naive,one,1,65,14,79,1185,79,online_verify_reconstruction_units,14,5.642857142857143,1
15,2,PRIME_MERSENNE_61,2305843009213693951,prss_dispute_seed_naive,dispute,total,fold_after,1,1,9,naive,one,1,65,14,79,1185,1185,online_verify_reconstruction_units,210,5.642857142857143,1
15,2,PRIME_MERSENNE_61,2305843009213693951,prss_dispute_seed_dpss,dispute,per_party,fold_after,1,1,9,dpss,M,15,65,240,305,4575,305,online_verify_reconstruction_units,14,21.785714285714285,1
15,2,PRIME_MERSENNE_61,2305843009213693951,prss_dispute_seed_dpss,dispute,total,fold_after,1,1,9,dpss,M,15,65,240,305,4575,4575,online_verify_reconstruction_units,210,21.785714285714285,1
15,2,PRIME_MERSENNE_61,2305843009213693951,prss_dispute_seed_naive,dispute,per_party,fold_after,1,1,9,naive,M,15,65,210,275,4125,275,online_verify_reconstruction_units,14,19.642857142857142,1
15,2,PRIME_MERSENNE_61,2305843009213693951,prss_dispute_seed_naive,dispute,total,fold_after,1,1,9,naive,M,15,65,210,275,4125,4125,online_verify_reconstruction_units,210,19.642857142857142,1
15,2,PRIME_MERSENNE_61,2305843009213693951,prss_dispute_seed_dpss,dispute,per_party,fold_after,1,1,9,dpss,M_squared,225,65,450,515,7725,515,online_verify_reconstruction_units,14,36.785714285714285,1
15,2,PRIME_MERSENNE_61,2305843009213693951,prss_dispute_seed_dpss,dispute,total,fold_after,1,1,9,dpss,M_squared,225,65,450,515,7725,7725,online_verify_reconstruction_units,210,36.785714285714285,1
15,2,PRIME_MERSENNE_61,2305843009213693951,prss_dispute_seed_naive,dispute,per_party,fold_after,1,1,9,naive,M_squared,225,65,3150,3215,48225,3215,online_verify_reconstruction_units,14,229.64285714285714,1
15,2,PRIME_MERSENNE_61,2305843009213693951,prss_dispute_seed_naive,dispute,total,fold_after,1,1,9,naive,M_squared,225,65,3150,3215,48225,48225,online_verify_reconstruction_units,210,229.64285714285714,1
15,2,PRIME_MERSENNE_61,2305843009213693951,naive,n/a,per_party,fold_before,0,0,16,none,none,0,224,0,224,3360,224,online_verify_reconstruction_units,14,16.0,1
15,2,PRIME_MERSENNE_61,2305843009213693951,naive,n/a,total,fold_before,0,0,16,none,none,0,224,0,224,3360,3360,online_verify_reconstruction_units,210,16.0,1
15,2,PRIME_MERSENNE_61,2305843009213693951,dpss_model,n/a,per_party,fold_before,0,0,16,none,none,0,241,0,241,3615,241,online_verify_reconstruction_units,14,17.214285714285715,1
15,2,PRIME_MERSENNE_61,2305843009213693951,dpss_model,n/a,total,fold_before,0,0,16,none,none,0,241,0,241,3615,3615,online_verify_reconstruction_units,210,17.214285714285715,1
15,2,PRIME_MERSENNE_61,2305843009213693951,full_mask,n/a,per_party,fold_before,0,0,9,none,none,0,126,0,126,1890,126,online_verify_reconstruction_units,14,9.0,1
15,2,PRIME_MERSENNE_61,2305843009213693951,full_mask,n/a,total,fold_before,0,0,9,none,none,0,126,0,126,1890,1890,online_verify_reconstruction_units,210,9.0,1
15,2,PRIME_MERSENNE_61,2305843009213693951,kernel_mask,n/a,per_party,fold_before,0,0,8,none,none,0,112,0,112,1680,112,online_verify_reconstruction_units,14,8.0,1
15,2,PRIME_MERSENNE_61,2305843009213693951,kernel_mask,n/a,total,fold_before,0,0,8,none,none,0,112,0,112,1680,1680,online_verify_reconstruction_units,210,8.0,1
15,2,PRIME_MERSENNE_61,2305843009213693951,prss_local,local,per_party,fold_before,0,0,16,none,none,0,16,0,16,240,16,online_verify_reconstruction_units,14,1.1428571428571428,1
15,2,PRIME_MERSENNE_61,2305843009213693951,prss_local,local,total,fold_before,0,0,16,none,none,0,16,0,16,240,240,online_verify_reconstruction_units,210,1.1428571428571428,1
15,2,PRIME_MERSENNE_61,2305843009213693951,prss_local_seed_dpss,local,per_party,fold_before,0,0,16,dpss,one,1,16,226,242,3630,242,online_verify_reconstruction_units,14,17.285714285714285,1
15,2,PRIME_MERSENNE_61,2305843009213693951,prss_local_seed_dpss,local,total,fold_before,0,0,16,dpss,one,1,16,226,242,3630,3630,online_verify_reconstruction_units,210,17.285714285714285,1
15,2,PRIME_MERSENNE_61,2305843009213693951,prss_local_seed_naive,local,per_party,fold_before,0,0,16,naive,one,1,16,14,30,450,30,online_verify_reconstruction_units,14,2.142857142857143,1
15,2,PRIME_MERSENNE_61,2305843009213693951,prss_local_seed_naive,local,total,fold_before,0,0,16,naive,one,1,16,14,30,450,450,online_verify_reconstruction_units,210,2.142857142857143,1
15,2,PRIME_MERSENNE_61,2305843009213693951,prss_local_seed_dpss,local,per_party,fold_before,0,0,16,dpss,M,15,16,240,256,3840,256,online_verify_reconstruction_units,14,18.285714285714285,1
15,2,PRIME_MERSENNE_61,2305843009213693951,prss_local_seed_dpss,local,total,fold_before,0,0,16,dpss,M,15,16,240,256,3840,3840,online_verify_reconstruction_units,210,18.285714285714285,1
15,2,PRIME_MERSENNE_61,2305843009213693951,prss_local_seed_naive,local,per_party,fold_before,0,0,16,naive,M,15,16,210,226,3390,226,online_verify_reconstruction_units,14,16.142857142857142,1
15,2,PRIME_MERSENNE_61,2305843009213693951,prss_local_seed_naive,local,total,fold_before,0,0,16,naive,M,15,16,210,226,3390,3390,online_verify_reconstruction_units,210,16.142857142857142,1
15,2,PRIME_MERSENNE_61,2305843009213693951,prss_local_seed_dpss,local,per_party,fold_before,0,0,16,dpss,M_squared,225,16,450,466,6990,466,online_verify_reconstruction_units,14,33.285714285714285,1
15,2,PRIME_MERSENNE_61,2305843009213693951,prss_local_seed_dpss,local,total,fold_before,0,0,16,dpss,M_squared,225,16,450,466,6990,6990,online_verify_reconstruction_units,210,33.285714285714285,1
15,2,PRIME_MERSENNE_61,2305843009213693951,prss_local_seed_naive,local,per_party,fold_before,0,0,16,naive,M_squared,225,16,3150,3166,47490,3166,online_verify_reconstruction_units,14,226.14285714285714,1
15,2,PRIME_MERSENNE_61,2305843009213693951,prss_local_seed_naive,local,total,fold_before,0,0,16,naive,M_squared,225,16,3150,3166,47490,47490,online_verify_reconstruction_units,210,226.14285714285714,1
15,2,PRIME_MERSENNE_61,2305843009213693951,prss_commit,commit,per_party,fold_before,0,0,16,none,none,0,30,0,30,450,30,online_verify_reconstruction_units,14,2.142857142857143,1
15,2,PRIME_MERSENNE_61,2305843009213693951,prss_commit,commit,total,fold_before,0,0,16,none,none,0,30,0,30,450,450,online_verify_reconstruction_units,210,2.142857142857143,1
15,2,PRIME_MERSENNE_61,2305843009213693951,prss_commit_seed_dpss,commit,per_party,fold_before,0,0,16,dpss,one,1,30,226,256,3840,256,online_verify_reconstruction_units,14,18.285714285714285,1
15,2,PRIME_MERSENNE_61,2305843009213693951,prss_commit_seed_dpss,commit,total,fold_before,0,0,16,dpss,one,1,30,226,256,3840,3840,online_verify_reconstruction_units,210,18.285714285714285,1
15,2,PRIME_MERSENNE_61,2305843009213693951,prss_commit_seed_naive,commit,per_party,fold_before,0,0,16,naive,one,1,30,14,44,660,44,online_verify_reconstruction_units,14,3.142857142857143,1
15,2,PRIME_MERSENNE_61,2305843009213693951,prss_commit_seed_naive,commit,total,fold_before,0,0,16,naive,one,1,30,14,44,660,660,online_verify_reconstruction_units,210,3.142857142857143,1
15,2,PRIME_MERSENNE_61,2305843009213693951,prss_commit_seed_dpss,commit,per_party,fold_before,0,0,16,dpss,M,15,30,240,270,4050,270,online_verify_reconstruction_units,14,19.285714285714285,1
15,2,PRIME_MERSENNE_61,2305843009213693951,prss_commit_seed_dpss,commit,total,fold_before,0,0,16,dpss,M,15,30,240,270,4050,4050,online_verify_reconstruction_units,210,19.285714285714285,1
15,2,PRIME_MERSENNE_61,2305843009213693951,prss_commit_seed_naive,commit,per_party,fold_before,0,0,16,naive,M,15,30,210,240,3600,240,online_verify_reconstruction_units,14,17.142857142857142,1
15,2,PRIME_MERSENNE_61,2305843009213693951,prss_commit_seed_naive,commit,total,fold_before,0,0,16,naive,M,15,30,210,240,3600,3600,online_verify_reconstruction_units,210,17.142857142857142,1
15,2,PRIME_MERSENNE_61,2305843009213693951,prss_commit_seed_dpss,commit,per_party,fold_before,0,0,16,dpss,M_squared,225,30,450,480,7200,480,online_verify_reconstruction_units,14,34.285714285714285,1
15,2,PRIME_MERSENNE_61,2305843009213693951,prss_commit_seed_dpss,commit,total,fold_before,0,0,16,dpss,M_squared,225,30,450,480,7200,7200,online_verify_reconstruction_units,210,34.285714285714285,1
15,2,PRIME_MERSENNE_61,2305843009213693951,prss_commit_seed_naive,commit,per_party,fold_before,0,0,16,naive,M_squared,225,30,3150,3180,47700,3180,online_verify_reconstruction_units,14,227.14285714285714,1
15,2,PRIME_MERSENNE_61,2305843009213693951,prss_commit_seed_naive,commit,total,fold_before,0,0,16,naive,M_squared,225,30,3150,3180,47700,47700,online_verify_reconstruction_units,210,227.14285714285714,1
15,2,PRIME_MERSENNE_61,2305843009213693951,prss_dispute,dispute,per_party,fold_before,0,0,16,none,none,0,72,0,72,1080,72,online_verify_reconstruction_units,14,5.142857142857143,1
15,2,PRIME_MERSENNE_61,2305843009213693951,prss_dispute,dispute,total,fold_before,0,0,16,none,none,0,72,0,72,1080,1080,online_verify_reconstruction_units,210,5.142857142857143,1
15,2,PRIME_MERSENNE_61,2305843009213693951,prss_dispute_seed_dpss,dispute,per_party,fold_before,0,0,16,dpss,one,1,72,226,298,4470,298,online_verify_reconstruction_units,14,21.285714285714285,1
15,2,PRIME_MERSENNE_61,2305843009213693951,prss_dispute_seed_dpss,dispute,total,fold_before,0,0,16,dpss,one,1,72,226,298,4470,4470,online_verify_reconstruction_units,210,21.285714285714285,1
15,2,PRIME_MERSENNE_61,2305843009213693951,prss_dispute_seed_naive,dispute,per_party,fold_before,0,0,16,naive,one,1,72,14,86,1290,86,online_verify_reconstruction_units,14,6.142857142857143,1
15,2,PRIME_MERSENNE_61,2305843009213693951,prss_dispute_seed_naive,dispute,total,fold_before,0,0,16,naive,one,1,72,14,86,1290,1290,online_verify_reconstruction_units,210,6.142857142857143,1
15,2,PRIME_MERSENNE_61,2305843009213693951,prss_dispute_seed_dpss,dispute,per_party,fold_before,0,0,16,dpss,M,15,72,240,312,4680,312,online_verify_reconstruction_units,14,22.285714285714285,1
15,2,PRIME_MERSENNE_61,2305843009213693951,prss_dispute_seed_dpss,dispute,total,fold_before,0,0,16,dpss,M,15,72,240,312,4680,4680,online_verify_reconstruction_units,210,22.285714285714285,1
15,2,PRIME_MERSENNE_61,2305843009213693951,prss_dispute_seed_naive,dispute,per_party,fold_before,0,0,16,naive,M,15,72,210,282,4230,282,online_verify_reconstruction_units,14,20.142857142857142,1
15,2,PRIME_MERSENNE_61,2305843009213693951,prss_dispute_seed_naive,dispute,total,fold_before,0,0,16,naive,M,15,72,210,282,4230,4230,online_verify_reconstruction_units,210,20.142857142857142,1
15,2,PRIME_MERSENNE_61,2305843009213693951,prss_dispute_seed_dpss,dispute,per_party,fold_before,0,0,16,dpss,M_squared,225,72,450,522,7830,522,online_verify_reconstruction_units,14,37.285714285714285,1
15,2,PRIME_MERSENNE_61,2305843009213693951,prss_dispute_seed_dpss,dispute,total,fold_before,0,0,16,dpss,M_squared,225,72,450,522,7830,7830,online_verify_reconstruction_units,210,37.285714285714285,1
15,2,PRIME_MERSENNE_61,2305843009213693951,prss_dispute_seed_naive,dispute,per_party,fold_before,0,0,16,naive,M_squared,225,72,3150,3222,48330,3222,online_verify_reconstruction_units,14,230.14285714285714,1
15,2,PRIME_MERSENNE_61,2305843009213693951,prss_dispute_seed_naive,dispute,total,fold_before,0,0,16,naive,M_squared,225,72,3150,3222,48330,48330,online_verify_reconstruction_units,210,230.14285714285714,1
31,2,PRIME_MERSENNE_61,2305843009213693951,naive,n/a,per_party,fold_after,1,1,9,none,none,0,270,0,270,8370,270,online_verify_reconstruction_units,14,19.285714285714285,1
31,2,PRIME_MERSENNE_61,2305843009213693951,naive,n/a,total,fold_after,1,1,9,none,none,0,270,0,270,8370,8370,online_verify_reconstruction_units,434,19.285714285714285,1
31,2,PRIME_MERSENNE_61,2305843009213693951,dpss_model,n/a,per_party,fold_after,1,1,9,none,none,0,970,0,970,30070,970,online_verify_reconstruction_units,14,69.28571428571429,1
31,2,PRIME_MERSENNE_61,2305843009213693951,dpss_model,n/a,total,fold_after,1,1,9,none,none,0,970,0,970,30070,30070,online_verify_reconstruction_units,434,69.28571428571429,1
31,2,PRIME_MERSENNE_61,2305843009213693951,full_mask,n/a,per_party,fold_after,1,1,9,none,none,0,270,0,270,8370,270,online_verify_reconstruction_units,14,19.285714285714285,1
31,2,PRIME_MERSENNE_61,2305843009213693951,full_mask,n/a,total,fold_after,1,1,9,none,none,0,270,0,270,8370,8370,online_verify_reconstruction_units,434,19.285714285714285,1
31,2,PRIME_MERSENNE_61,2305843009213693951,kernel_mask,n/a,per_party,fold_after,1,1,5,none,none,0,150,0,150,4650,150,online_verify_reconstruction_units,14,10.714285714285714,1
31,2,PRIME_MERSENNE_61,2305843009213693951,kernel_mask,n/a,total,fold_after,1,1,5,none,none,0,150,0,150,4650,4650,online_verify_reconstruction_units,434,10.714285714285714,1
31,2,PRIME_MERSENNE_61,2305843009213693951,prss_local,local,per_party,fold_after,1,1,9,none,none,0,9,0,9,279,9,online_verify_reconstruction_units,14,0.6428571428571429,1
31,2,PRIME_MERSENNE_61,2305843009213693951,prss_local,local,total,fold_after,1,1,9,none,none,0,9,0,9,279,279,online_verify_reconstruction_units,434,0.6428571428571429,1
31,2,PRIME_MERSENNE_61,2305843009213693951,prss_local_seed_dpss,local,per_party,fold_after,1,1,9,dpss,one,1,9,962,971,30101,971,online_verify_reconstruction_units,14,69.35714285714286,1
31,2,PRIME_MERSENNE_61,2305843009213693951,prss_local_seed_dpss,local,total,fold_after,1,1,9,dpss,one,1,9,962,971,30101,30101,online_verify_reconstruction_units,434,69.35714285714286,1
31,2,PRIME_MERSENNE_61,2305843009213693951,prss_local_seed_naive,local,per_party,fold_after,1,1,9,naive,one,1,9,30,39,1209,39,online_verify_reconstruction_units,14,2.7857142857142856,1
31,2,PRIME_MERSENNE_61,2305843009213693951,prss_local_seed_naive,local,total,fold_after,1,1,9,naive,one,1,9,30,39,1209,1209,online_verify_reconstruction_units,434,2.7857142857142856,1
31,2,PRIME_MERSENNE_61,2305843009213693951,prss_local_seed_dpss,local,per_party,fold_after,1,1,9,dpss,M,31,9,992,1001,31031,1001,online_verify_reconstruction_units,14,71.5,1
31,2,PRIME_MERSENNE_61,2305843009213693951,prss_local_seed_dpss,local,total,fold_after,1,1,9,dpss,M,31,9,992,1001,31031,31031,online_verify_reconstruction_units,434,71.5,1
31,2,PRIME_MERSENNE_61,2305843009213693951,prss_local_seed_naive,local,per_party,fold_after,1,1,9,naive,M,31,9,930,939,29109,939,online_verify_reconstruction_units,14,67.07142857142857,1
31,2,PRIME_MERSENNE_61,2305843009213693951,prss_local_seed_naive,local,total,fold_after,1,1,9,naive,M,31,9,930,939,29109,29109,online_verify_reconstruction_units,434,67.07142857142857,1
31,2,PRIME_MERSENNE_61,2305843009213693951,prss_local_seed_dpss,local,per_party,fold_after,1,1,9,dpss,M_squared,961,9,1922,1931,59861,1931,online_verify_reconstruction_units,14,137.92857142857142,1
31,2,PRIME_MERSENNE_61,2305843009213693951,prss_local_seed_dpss,local,total,fold_after,1,1,9,dpss,M_squared,961,9,1922,1931,59861,59861,online_verify_reconstruction_units,434,137.92857142857142,1
31,2,PRIME_MERSENNE_61,2305843009213693951,prss_local_seed_naive,local,per_party,fold_after,1,1,9,naive,M_squared,961,9,28830,28839,894009,28839,online_verify_reconstruction_units,14,2059.9285714285716,1
31,2,PRIME_MERSENNE_61,2305843009213693951,prss_local_seed_naive,local,total,fold_after,1,1,9,naive,M_squared,961,9,28830,28839,894009,894009,online_verify_reconstruction_units,434,2059.9285714285716,1
31,2,PRIME_MERSENNE_61,2305843009213693951,prss_commit,commit,per_party,fold_after,1,1,9,none,none,0,39,0,39,1209,39,online_verify_reconstruction_units,14,2.7857142857142856,1
31,2,PRIME_MERSENNE_61,2305843009213693951,prss_commit,commit,total,fold_after,1,1,9,none,none,0,39,0,39,1209,1209,online_verify_reconstruction_units,434,2.7857142857142856,1
31,2,PRIME_MERSENNE_61,2305843009213693951,prss_commit_seed_dpss,commit,per_party,fold_after,1,1,9,dpss,one,1,39,962,1001,31031,1001,online_verify_reconstruction_units,14,71.5,1
31,2,PRIME_MERSENNE_61,2305843009213693951,prss_commit_seed_dpss,commit,total,fold_after,1,1,9,dpss,one,1,39,962,1001,31031,31031,online_verify_reconstruction_units,434,71.5,1
31,2,PRIME_MERSENNE_61,2305843009213693951,prss_commit_seed_naive,commit,per_party,fold_after,1,1,9,naive,one,1,39,30,69,2139,69,online_verify_reconstruction_units,14,4.928571428571429,1
31,2,PRIME_MERSENNE_61,2305843009213693951,prss_commit_seed_naive,commit,total,fold_after,1,1,9,naive,one,1,39,30,69,2139,2139,online_verify_reconstruction_units,434,4.928571428571429,1
31,2,PRIME_MERSENNE_61,2305843009213693951,prss_commit_seed_dpss,commit,per_party,fold_after,1,1,9,dpss,M,31,39,992,1031,31961,1031,online_verify_reconstruction_units,14,73.64285714285714,1
31,2,PRIME_MERSENNE_61,2305843009213693951,prss_commit_seed_dpss,commit,total,fold_after,1,1,9,dpss,M,31,39,992,1031,31961,31961,online_verify_reconstruction_units,434,73.64285714285714,1
31,2,PRIME_MERSENNE_61,2305843009213693951,prss_commit_seed_naive,commit,per_party,fold_after,1,1,9,naive,M,31,39,930,969,30039,969,online_verify_reconstruction_units,14,69.21428571428571,1
31,2,PRIME_MERSENNE_61,2305843009213693951,prss_commit_seed_naive,commit,total,fold_after,1,1,9,naive,M,31,39,930,969,30039,30039,online_verify_reconstruction_units,434,69.21428571428571,1
31,2,PRIME_MERSENNE_61,2305843009213693951,prss_commit_seed_dpss,commit,per_party,fold_after,1,1,9,dpss,M_squared,961,39,1922,1961,60791,1961,online_verify_reconstruction_units,14,140.07142857142858,1
31,2,PRIME_MERSENNE_61,2305843009213693951,prss_commit_seed_dpss,commit,total,fold_after,1,1,9,dpss,M_squared,961,39,1922,1961,60791,60791,online_verify_reconstruction_units,434,140.07142857142858,1
31,2,PRIME_MERSENNE_61,2305843009213693951,prss_commit_seed_naive,commit,per_party,fold_after,1,1,9,naive,M_squared,961,39,28830,28869,894939,28869,online_verify_reconstruction_units,14,2062.0714285714284,1
31,2,PRIME_MERSENNE_61,2305843009213693951,prss_commit_seed_naive,commit,total,fold_after,1,1,9,naive,M_squared,961,39,28830,28869,894939,894939,online_verify_reconstruction_units,434,2062.0714285714284,1
31,2,PRIME_MERSENNE_61,2305843009213693951,prss_dispute,dispute,per_party,fold_after,1,1,9,none,none,0,159,0,159,4929,159,online_verify_reconstruction_units,14,11.357142857142858,1
31,2,PRIME_MERSENNE_61,2305843009213693951,prss_dispute,dispute,total,fold_after,1,1,9,none,none,0,159,0,159,4929,4929,online_verify_reconstruction_units,434,11.357142857142858,1
31,2,PRIME_MERSENNE_61,2305843009213693951,prss_dispute_seed_dpss,dispute,per_party,fold_after,1,1,9,dpss,one,1,159,962,1121,34751,1121,online_verify_reconstruction_units,14,80.07142857142857,1
31,2,PRIME_MERSENNE_61,2305843009213693951,prss_dispute_seed_dpss,dispute,total,fold_after,1,1,9,dpss,one,1,159,962,1121,34751,34751,online_verify_reconstruction_units,434,80.07142857142857,1
31,2,PRIME_MERSENNE_61,2305843009213693951,prss_dispute_seed_naive,dispute,per_party,fold_after,1,1,9,naive,one,1,159,30,189,5859,189,online_verify_reconstruction_units,14,13.5,1
31,2,PRIME_MERSENNE_61,2305843009213693951,prss_dispute_seed_naive,dispute,total,fold_after,1,1,9,naive,one,1,159,30,189,5859,5859,online_verify_reconstruction_units,434,13.5,1
31,2,PRIME_MERSENNE_61,2305843009213693951,prss_dispute_seed_dpss,dispute,per_party,fold_after,1,1,9,dpss,M,31,159,992,1151,35681,1151,online_verify_reconstruction_units,14,82.21428571428571,1
31,2,PRIME_MERSENNE_61,2305843009213693951,prss_dispute_seed_dpss,dispute,total,fold_after,1,1,9,dpss,M,31,159,992,1151,35681,35681,online_verify_reconstruction_units,434,82.21428571428571,1
31,2,PRIME_MERSENNE_61,2305843009213693951,prss_dispute_seed_naive,dispute,per_party,fold_after,1,1,9,naive,M,31,159,930,1089,33759,1089,online_verify_reconstruction_units,14,77.78571428571429,1
31,2,PRIME_MERSENNE_61,2305843009213693951,prss_dispute_seed_naive,dispute,total,fold_after,1,1,9,naive,M,31,159,930,1089,33759,33759,online_verify_reconstruction_units,434,77.78571428571429,1
31,2,PRIME_MERSENNE_61,2305843009213693951,prss_dispute_seed_dpss,dispute,per_party,fold_after,1,1,9,dpss,M_squared,961,159,1922,2081,64511,2081,online_verify_reconstruction_units,14,148.64285714285714,1
31,2,PRIME_MERSENNE_61,2305843009213693951,prss_dispute_seed_dpss,dispute,total,fold_after,1,1,9,dpss,M_squared,961,159,1922,2081,64511,64511,online_verify_reconstruction_units,434,148.64285714285714,1
31,2,PRIME_MERSENNE_61,2305843009213693951,prss_dispute_seed_naive,dispute,per_party,fold_after,1,1,9,naive,M_squared,961,159,28830,28989,898659,28989,online_verify_reconstruction_units,14,2070.6428571428573,1
31,2,PRIME_MERSENNE_61,2305843009213693951,prss_dispute_seed_naive,dispute,total,fold_after,1,1,9,naive,M_squared,961,159,28830,28989,898659,898659,online_verify_reconstruction_units,434,2070.6428571428573,1
31,2,PRIME_MERSENNE_61,2305843009213693951,naive,n/a,per_party,fold_before,0,0,16,none,none,0,480,0,480,14880,480,online_verify_reconstruction_units,14,34.285714285714285,1
31,2,PRIME_MERSENNE_61,2305843009213693951,naive,n/a,total,fold_before,0,0,16,none,none,0,480,0,480,14880,14880,online_verify_reconstruction_units,434,34.285714285714285,1
31,2,PRIME_MERSENNE_61,2305843009213693951,dpss_model,n/a,per_party,fold_before,0,0,16,none,none,0,977,0,977,30287,977,online_verify_reconstruction_units,14,69.78571428571429,1
31,2,PRIME_MERSENNE_61,2305843009213693951,dpss_model,n/a,total,fold_before,0,0,16,none,none,0,977,0,977,30287,30287,online_verify_reconstruction_units,434,69.78571428571429,1
31,2,PRIME_MERSENNE_61,2305843009213693951,full_mask,n/a,per_party,fold_before,0,0,9,none,none,0,270,0,270,8370,270,online_verify_reconstruction_units,14,19.285714285714285,1
31,2,PRIME_MERSENNE_61,2305843009213693951,full_mask,n/a,total,fold_before,0,0,9,none,none,0,270,0,270,8370,8370,online_verify_reconstruction_units,434,19.285714285714285,1
31,2,PRIME_MERSENNE_61,2305843009213693951,kernel_mask,n/a,per_party,fold_before,0,0,8,none,none,0,240,0,240,7440,240,online_verify_reconstruction_units,14,17.142857142857142,1
31,2,PRIME_MERSENNE_61,2305843009213693951,kernel_mask,n/a,total,fold_before,0,0,8,none,none,0,240,0,240,7440,7440,online_verify_reconstruction_units,434,17.142857142857142,1
31,2,PRIME_MERSENNE_61,2305843009213693951,prss_local,local,per_party,fold_before,0,0,16,none,none,0,16,0,16,496,16,online_verify_reconstruction_units,14,1.1428571428571428,1
31,2,PRIME_MERSENNE_61,2305843009213693951,prss_local,local,total,fold_before,0,0,16,none,none,0,16,0,16,496,496,online_verify_reconstruction_units,434,1.1428571428571428,1
31,2,PRIME_MERSENNE_61,2305843009213693951,prss_local_seed_dpss,local,per_party,fold_before,0,0,16,dpss,one,1,16,962,978,30318,978,online_verify_reconstruction_units,14,69.85714285714286,1
31,2,PRIME_MERSENNE_61,2305843009213693951,prss_local_seed_dpss,local,total,fold_before,0,0,16,dpss,one,1,16,962,978,30318,30318,online_verify_reconstruction_units,434,69.85714285714286,1
31,2,PRIME_MERSENNE_61,2305843009213693951,prss_local_seed_naive,local,per_party,fold_before,0,0,16,naive,one,1,16,30,46,1426,46,online_verify_reconstruction_units,14,3.2857142857142856,1
31,2,PRIME_MERSENNE_61,2305843009213693951,prss_local_seed_naive,local,total,fold_before,0,0,16,naive,one,1,16,30,46,1426,1426,online_verify_reconstruction_units,434,3.2857142857142856,1
31,2,PRIME_MERSENNE_61,2305843009213693951,prss_local_seed_dpss,local,per_party,fold_before,0,0,16,dpss,M,31,16,992,1008,31248,1008,online_verify_reconstruction_units,14,72.0,1
31,2,PRIME_MERSENNE_61,2305843009213693951,prss_local_seed_dpss,local,total,fold_before,0,0,16,dpss,M,31,16,992,1008,31248,31248,online_verify_reconstruction_units,434,72.0,1
31,2,PRIME_MERSENNE_61,2305843009213693951,prss_local_seed_naive,local,per_party,fold_before,0,0,16,naive,M,31,16,930,946,29326,946,online_verify_reconstruction_units,14,67.57142857142857,1
31,2,PRIME_MERSENNE_61,2305843009213693951,prss_local_seed_naive,local,total,fold_before,0,0,16,naive,M,31,16,930,946,29326,29326,online_verify_reconstruction_units,434,67.57142857142857,1
31,2,PRIME_MERSENNE_61,2305843009213693951,prss_local_seed_dpss,local,per_party,fold_before,0,0,16,dpss,M_squared,961,16,1922,1938,60078,1938,online_verify_reconstruction_units,14,138.42857142857142,1
31,2,PRIME_MERSENNE_61,2305843009213693951,prss_local_seed_dpss,local,total,fold_before,0,0,16,dpss,M_squared,961,16,1922,1938,60078,60078,online_verify_reconstruction_units,434,138.42857142857142,1
31,2,PRIME_MERSENNE_61,2305843009213693951,prss_local_seed_naive,local,per_party,fold_before,0,0,16,naive,M_squared,961,16,28830,28846,894226,28846,online_verify_reconstruction_units,14,2060.4285714285716,1
31,2,PRIME_MERSENNE_61,2305843009213693951,prss_local_seed_naive,local,total,fold_before,0,0,16,naive,M_squared,961,16,28830,28846,894226,894226,online_verify_reconstruction_units,434,2060.4285714285716,1
31,2,PRIME_MERSENNE_61,2305843009213693951,prss_commit,commit,per_party,fold_before,0,0,16,none,none,0,46,0,46,1426,46,online_verify_reconstruction_units,14,3.2857142857142856,1
31,2,PRIME_MERSENNE_61,2305843009213693951,prss_commit,commit,total,fold_before,0,0,16,none,none,0,46,0,46,1426,1426,online_verify_reconstruction_units,434,3.2857142857142856,1
31,2,PRIME_MERSENNE_61,2305843009213693951,prss_commit_seed_dpss,commit,per_party,fold_before,0,0,16,dpss,one,1,46,962,1008,31248,1008,online_verify_reconstruction_units,14,72.0,1
31,2,PRIME_MERSENNE_61,2305843009213693951,prss_commit_seed_dpss,commit,total,fold_before,0,0,16,dpss,one,1,46,962,1008,31248,31248,online_verify_reconstruction_units,434,72.0,1
31,2,PRIME_MERSENNE_61,2305843009213693951,prss_commit_seed_naive,commit,per_party,fold_before,0,0,16,naive,one,1,46,30,76,2356,76,online_verify_reconstruction_units,14,5.428571428571429,1
31,2,PRIME_MERSENNE_61,2305843009213693951,prss_commit_seed_naive,commit,total,fold_before,0,0,16,naive,one,1,46,30,76,2356,2356,online_verify_reconstruction_units,434,5.428571428571429,1
31,2,PRIME_MERSENNE_61,2305843009213693951,prss_commit_seed_dpss,commit,per_party,fold_before,0,0,16,dpss,M,31,46,992,1038,32178,1038,online_verify_reconstruction_units,14,74.14285714285714,1
31,2,PRIME_MERSENNE_61,2305843009213693951,prss_commit_seed_dpss,commit,total,fold_before,0,0,16,dpss,M,31,46,992,1038,32178,32178,online_verify_reconstruction_units,434,74.14285714285714,1
31,2,PRIME_MERSENNE_61,2305843009213693951,prss_commit_seed_naive,commit,per_party,fold_before,0,0,16,naive,M,31,46,930,976,30256,976,online_verify_reconstruction_units,14,69.71428571428571,1
31,2,PRIME_MERSENNE_61,2305843009213693951,prss_commit_seed_naive,commit,total,fold_before,0,0,16,naive,M,31,46,930,976,30256,30256,online_verify_reconstruction_units,434,69.71428571428571,1
31,2,PRIME_MERSENNE_61,2305843009213693951,prss_commit_seed_dpss,commit,per_party,fold_before,0,0,16,dpss,M_squared,961,46,1922,1968,61008,1968,online_verify_reconstruction_units,14,140.57142857142858,1
31,2,PRIME_MERSENNE_61,2305843009213693951,prss_commit_seed_dpss,commit,total,fold_before,0,0,16,dpss,M_squared,961,46,1922,1968,61008,61008,online_verify_reconstruction_units,434,140.57142857142858,1
31,2,PRIME_MERSENNE_61,2305843009213693951,prss_commit_seed_naive,commit,per_party,fold_before,0,0,16,naive,M_squared,961,46,28830,28876,895156,28876,online_verify_reconstruction_units,14,2062.5714285714284,1
31,2,PRIME_MERSENNE_61,2305843009213693951,prss_commit_seed_naive,commit,total,fold_before,0,0,16,naive,M_squared,961,46,28830,28876,895156,895156,online_verify_reconstruction_units,434,2062.5714285714284,1
31,2,PRIME_MERSENNE_61,2305843009213693951,prss_dispute,dispute,per_party,fold_before,0,0,16,none,none,0,166,0,166,5146,166,online_verify_reconstruction_units,14,11.857142857142858,1
31,2,PRIME_MERSENNE_61,2305843009213693951,prss_dispute,dispute,total,fold_before,0,0,16,none,none,0,166,0,166,5146,5146,online_verify_reconstruction_units,434,11.857142857142858,1
31,2,PRIME_MERSENNE_61,2305843009213693951,prss_dispute_seed_dpss,dispute,per_party,fold_before,0,0,16,dpss,one,1,166,962,1128,34968,1128,online_verify_reconstruction_units,14,80.57142857142857,1
31,2,PRIME_MERSENNE_61,2305843009213693951,prss_dispute_seed_dpss,dispute,total,fold_before,0,0,16,dpss,one,1,166,962,1128,34968,34968,online_verify_reconstruction_units,434,80.57142857142857,1
31,2,PRIME_MERSENNE_61,2305843009213693951,prss_dispute_seed_naive,dispute,per_party,fold_before,0,0,16,naive,one,1,166,30,196,6076,196,online_verify_reconstruction_units,14,14.0,1
31,2,PRIME_MERSENNE_61,2305843009213693951,prss_dispute_seed_naive,dispute,total,fold_before,0,0,16,naive,one,1,166,30,196,6076,6076,online_verify_reconstruction_units,434,14.0,1
31,2,PRIME_MERSENNE_61,2305843009213693951,prss_dispute_seed_dpss,dispute,per_party,fold_before,0,0,16,dpss,M,31,166,992,1158,35898,1158,online_verify_reconstruction_units,14,82.71428571428571,1
31,2,PRIME_MERSENNE_61,2305843009213693951,prss_dispute_seed_dpss,dispute,total,fold_before,0,0,16,dpss,M,31,166,992,1158,35898,35898,online_verify_reconstruction_units,434,82.71428571428571,1
31,2,PRIME_MERSENNE_61,2305843009213693951,prss_dispute_seed_naive,dispute,per_party,fold_before,0,0,16,naive,M,31,166,930,1096,33976,1096,online_verify_reconstruction_units,14,78.28571428571429,1
31,2,PRIME_MERSENNE_61,2305843009213693951,prss_dispute_seed_naive,dispute,total,fold_before,0,0,16,naive,M,31,166,930,1096,33976,33976,online_verify_reconstruction_units,434,78.28571428571429,1
31,2,PRIME_MERSENNE_61,2305843009213693951,prss_dispute_seed_dpss,dispute,per_party,fold_before,0,0,16,dpss,M_squared,961,166,1922,2088,64728,2088,online_verify_reconstruction_units,14,149.14285714285714,1
31,2,PRIME_MERSENNE_61,2305843009213693951,prss_dispute_seed_dpss,dispute,total,fold_before,0,0,16,dpss,M_squared,961,166,1922,2088,64728,64728,online_verify_reconstruction_units,434,149.14285714285714,1
31,2,PRIME_MERSENNE_61,2305843009213693951,prss_dispute_seed_naive,dispute,per_party,fold_before,0,0,16,naive,M_squared,961,166,28830,28996,898876,28996,online_verify_reconstruction_units,14,2071.1428571428573,1
31,2,PRIME_MERSENNE_61,2305843009213693951,prss_dispute_seed_naive,dispute,total,fold_before,0,0,16,naive,M_squared,961,166,28830,28996,898876,898876,online_verify_reconstruction_units,434,2071.1428571428573,1
63,2,PRIME_MERSENNE_61,2305843009213693951,naive,n/a,per_party,fold_after,1,1,9,none,none,0,558,0,558,35154,558,online_verify_reconstruction_units,14,39.857142857142854,1
63,2,PRIME_MERSENNE_61,2305843009213693951,naive,n/a,total,fold_after,1,1,9,none,none,0,558,0,558,35154,35154,online_verify_reconstruction_units,882,39.857142857142854,1
63,2,PRIME_MERSENNE_61,2305843009213693951,dpss_model,n/a,per_party,fold_after,1,1,9,none,none,0,3978,0,3978,250614,3978,online_verify_reconstruction_units,14,284.14285714285717,1
63,2,PRIME_MERSENNE_61,2305843009213693951,dpss_model,n/a,total,fold_after,1,1,9,none,none,0,3978,0,3978,250614,250614,online_verify_reconstruction_units,882,284.14285714285717,1
63,2,PRIME_MERSENNE_61,2305843009213693951,full_mask,n/a,per_party,fold_after,1,1,9,none,none,0,558,0,558,35154,558,online_verify_reconstruction_units,14,39.857142857142854,1
63,2,PRIME_MERSENNE_61,2305843009213693951,full_mask,n/a,total,fold_after,1,1,9,none,none,0,558,0,558,35154,35154,online_verify_reconstruction_units,882,39.857142857142854,1
63,2,PRIME_MERSENNE_61,2305843009213693951,kernel_mask,n/a,per_party,fold_after,1,1,5,none,none,0,310,0,310,19530,310,online_verify_reconstruction_units,14,22.142857142857142,1
63,2,PRIME_MERSENNE_61,2305843009213693951,kernel_mask,n/a,total,fold_after,1,1,5,none,none,0,310,0,310,19530,19530,online_verify_reconstruction_units,882,22.142857142857142,1
63,2,PRIME_MERSENNE_61,2305843009213693951,prss_local,local,per_party,fold_after,1,1,9,none,none,0,9,0,9,567,9,online_verify_reconstruction_units,14,0.6428571428571429,1
63,2,PRIME_MERSENNE_61,2305843009213693951,prss_local,local,total,fold_after,1,1,9,none,none,0,9,0,9,567,567,online_verify_reconstruction_units,882,0.6428571428571429,1
63,2,PRIME_MERSENNE_61,2305843009213693951,prss_local_seed_dpss,local,per_party,fold_after,1,1,9,dpss,one,1,9,3970,3979,250677,3979,online_verify_reconstruction_units,14,284.2142857142857,1
63,2,PRIME_MERSENNE_61,2305843009213693951,prss_local_seed_dpss,local,total,fold_after,1,1,9,dpss,one,1,9,3970,3979,250677,250677,online_verify_reconstruction_units,882,284.2142857142857,1
63,2,PRIME_MERSENNE_61,2305843009213693951,prss_local_seed_naive,local,per_party,fold_after,1,1,9,naive,one,1,9,62,71,4473,71,online_verify_reconstruction_units,14,5.071428571428571,1
63,2,PRIME_MERSENNE_61,2305843009213693951,prss_local_seed_naive,local,total,fold_after,1,1,9,naive,one,1,9,62,71,4473,4473,online_verify_reconstruction_units,882,5.071428571428571,1
63,2,PRIME_MERSENNE_61,2305843009213693951,prss_local_seed_dpss,local,per_party,fold_after,1,1,9,dpss,M,63,9,4032,4041,254583,4041,online_verify_reconstruction_units,14,288.64285714285717,1
63,2,PRIME_MERSENNE_61,2305843009213693951,prss_local_seed_dpss,local,total,fold_after,1,1,9,dpss,M,63,9,4032,4041,254583,254583,online_verify_reconstruction_units,882,288.64285714285717,1
63,2,PRIME_MERSENNE_61,2305843009213693951,prss_local_seed_naive,local,per_party,fold_after,1,1,9,naive,M,63,9,3906,3915,246645,3915,online_verify_reconstruction_units,14,279.64285714285717,1
63,2,PRIME_MERSENNE_61,2305843009213693951,prss_local_seed_naive,local,total,fold_after,1,1,9,naive,M,63,9,3906,3915,246645,246645,online_verify_reconstruction_units,882,279.64285714285717,1
63,2,PRIME_MERSENNE_61,2305843009213693951,prss_local_seed_dpss,local,per_party,fold_after,1,1,9,dpss,M_squared,3969,9,7938,7947,500661,7947,online_verify_reconstruction_units,14,567.6428571428571,1
63,2,PRIME_MERSENNE_61,2305843009213693951,prss_local_seed_dpss,local,total,fold_after,1,1,9,dpss,M_squared,3969,9,7938,7947,500661,500661,online_verify_reconstruction_units,882,567.6428571428571,1
63,2,PRIME_MERSENNE_61,2305843009213693951,prss_local_seed_naive,local,per_party,fold_after,1,1,9,naive,M_squared,3969,9,246078,246087,15503481,246087,online_verify_reconstruction_units,14,17577.64285714286,1
63,2,PRIME_MERSENNE_61,2305843009213693951,prss_local_seed_naive,local,total,fold_after,1,1,9,naive,M_squared,3969,9,246078,246087,15503481,15503481,online_verify_reconstruction_units,882,17577.64285714286,1
63,2,PRIME_MERSENNE_61,2305843009213693951,prss_commit,commit,per_party,fold_after,1,1,9,none,none,0,71,0,71,4473,71,online_verify_reconstruction_units,14,5.071428571428571,1
63,2,PRIME_MERSENNE_61,2305843009213693951,prss_commit,commit,total,fold_after,1,1,9,none,none,0,71,0,71,4473,4473,online_verify_reconstruction_units,882,5.071428571428571,1
63,2,PRIME_MERSENNE_61,2305843009213693951,prss_commit_seed_dpss,commit,per_party,fold_after,1,1,9,dpss,one,1,71,3970,4041,254583,4041,online_verify_reconstruction_units,14,288.64285714285717,1
63,2,PRIME_MERSENNE_61,2305843009213693951,prss_commit_seed_dpss,commit,total,fold_after,1,1,9,dpss,one,1,71,3970,4041,254583,254583,online_verify_reconstruction_units,882,288.64285714285717,1
63,2,PRIME_MERSENNE_61,2305843009213693951,prss_commit_seed_naive,commit,per_party,fold_after,1,1,9,naive,one,1,71,62,133,8379,133,online_verify_reconstruction_units,14,9.5,1
63,2,PRIME_MERSENNE_61,2305843009213693951,prss_commit_seed_naive,commit,total,fold_after,1,1,9,naive,one,1,71,62,133,8379,8379,online_verify_reconstruction_units,882,9.5,1
63,2,PRIME_MERSENNE_61,2305843009213693951,prss_commit_seed_dpss,commit,per_party,fold_after,1,1,9,dpss,M,63,71,4032,4103,258489,4103,online_verify_reconstruction_units,14,293.07142857142856,1
63,2,PRIME_MERSENNE_61,2305843009213693951,prss_commit_seed_dpss,commit,total,fold_after,1,1,9,dpss,M,63,71,4032,4103,258489,258489,online_verify_reconstruction_units,882,293.07142857142856,1
63,2,PRIME_MERSENNE_61,2305843009213693951,prss_commit_seed_naive,commit,per_party,fold_after,1,1,9,naive,M,63,71,3906,3977,250551,3977,online_verify_reconstruction_units,14,284.07142857142856,1
63,2,PRIME_MERSENNE_61,2305843009213693951,prss_commit_seed_naive,commit,total,fold_after,1,1,9,naive,M,63,71,3906,3977,250551,250551,online_verify_reconstruction_units,882,284.07142857142856,1
63,2,PRIME_MERSENNE_61,2305843009213693951,prss_commit_seed_dpss,commit,per_party,fold_after,1,1,9,dpss,M_squared,3969,71,7938,8009,504567,8009,online_verify_reconstruction_units,14,572.0714285714286,1
63,2,PRIME_MERSENNE_61,2305843009213693951,prss_commit_seed_dpss,commit,total,fold_after,1,1,9,dpss,M_squared,3969,71,7938,8009,504567,504567,online_verify_reconstruction_units,882,572.0714285714286,1
63,2,PRIME_MERSENNE_61,2305843009213693951,prss_commit_seed_naive,commit,per_party,fold_after,1,1,9,naive,M_squared,3969,71,246078,246149,15507387,246149,online_verify_reconstruction_units,14,17582.071428571428,1
63,2,PRIME_MERSENNE_61,2305843009213693951,prss_commit_seed_naive,commit,total,fold_after,1,1,9,naive,M_squared,3969,71,246078,246149,15507387,15507387,online_verify_reconstruction_units,882,17582.071428571428,1
63,2,PRIME_MERSENNE_61,2305843009213693951,prss_dispute,dispute,per_party,fold_after,1,1,9,none,none,0,381,0,381,24003,381,online_verify_reconstruction_units,14,27.214285714285715,1
63,2,PRIME_MERSENNE_61,2305843009213693951,prss_dispute,dispute,total,fold_after,1,1,9,none,none,0,381,0,381,24003,24003,online_verify_reconstruction_units,882,27.214285714285715,1
63,2,PRIME_MERSENNE_61,2305843009213693951,prss_dispute_seed_dpss,dispute,per_party,fold_after,1,1,9,dpss,one,1,381,3970,4351,274113,4351,online_verify_reconstruction_units,14,310.7857142857143,1
63,2,PRIME_MERSENNE_61,2305843009213693951,prss_dispute_seed_dpss,dispute,total,fold_after,1,1,9,dpss,one,1,381,3970,4351,274113,274113,online_verify_reconstruction_units,882,310.7857142857143,1
63,2,PRIME_MERSENNE_61,2305843009213693951,prss_dispute_seed_naive,dispute,per_party,fold_after,1,1,9,naive,one,1,381,62,443,27909,443,online_verify_reconstruction_units,14,31.642857142857142,1
63,2,PRIME_MERSENNE_61,2305843009213693951,prss_dispute_seed_naive,dispute,total,fold_after,1,1,9,naive,one,1,381,62,443,27909,27909,online_verify_reconstruction_units,882,31.642857142857142,1
63,2,PRIME_MERSENNE_61,2305843009213693951,prss_dispute_seed_dpss,dispute,per_party,fold_after,1,1,9,dpss,M,63,381,4032,4413,278019,4413,online_verify_reconstruction_units,14,315.2142857142857,1
63,2,PRIME_MERSENNE_61,2305843009213693951,prss_dispute_seed_dpss,dispute,total,fold_after,1,1,9,dpss,M,63,381,4032,4413,278019,278019,online_verify_reconstruction_units,882,315.2142857142857,1
63,2,PRIME_MERSENNE_61,2305843009213693951,prss_dispute_seed_naive,dispute,per_party,fold_after,1,1,9,naive,M,63,381,3906,4287,270081,4287,online_verify_reconstruction_units,14,306.2142857142857,1
63,2,PRIME_MERSENNE_61,2305843009213693951,prss_dispute_seed_naive,dispute,total,fold_after,1,1,9,naive,M,63,381,3906,4287,270081,270081,online_verify_reconstruction_units,882,306.2142857142857,1
63,2,PRIME_MERSENNE_61,2305843009213693951,prss_dispute_seed_dpss,dispute,per_party,fold_after,1,1,9,dpss,M_squared,3969,381,7938,8319,524097,8319,online_verify_reconstruction_units,14,594.2142857142857,1
63,2,PRIME_MERSENNE_61,2305843009213693951,prss_dispute_seed_dpss,dispute,total,fold_after,1,1,9,dpss,M_squared,3969,381,7938,8319,524097,524097,online_verify_reconstruction_units,882,594.2142857142857,1
63,2,PRIME_MERSENNE_61,2305843009213693951,prss_dispute_seed_naive,dispute,per_party,fold_after,1,1,9,naive,M_squared,3969,381,246078,246459,15526917,246459,online_verify_reconstruction_units,14,17604.214285714286,1
63,2,PRIME_MERSENNE_61,2305843009213693951,prss_dispute_seed_naive,dispute,total,fold_after,1,1,9,naive,M_squared,3969,381,246078,246459,15526917,15526917,online_verify_reconstruction_units,882,17604.214285714286,1
63,2,PRIME_MERSENNE_61,2305843009213693951,naive,n/a,per_party,fold_before,0,0,16,none,none,0,992,0,992,62496,992,online_verify_reconstruction_units,14,70.85714285714286,1
63,2,PRIME_MERSENNE_61,2305843009213693951,naive,n/a,total,fold_before,0,0,16,none,none,0,992,0,992,62496,62496,online_verify_reconstruction_units,882,70.85714285714286,1
63,2,PRIME_MERSENNE_61,2305843009213693951,dpss_model,n/a,per_party,fold_before,0,0,16,none,none,0,3985,0,3985,251055,3985,online_verify_reconstruction_units,14,284.64285714285717,1
63,2,PRIME_MERSENNE_61,2305843009213693951,dpss_model,n/a,total,fold_before,0,0,16,none,none,0,3985,0,3985,251055,251055,online_verify_reconstruction_units,882,284.64285714285717,1
63,2,PRIME_MERSENNE_61,2305843009213693951,full_mask,n/a,per_party,fold_before,0,0,9,none,none,0,558,0,558,35154,558,online_verify_reconstruction_units,14,39.857142857142854,1
63,2,PRIME_MERSENNE_61,2305843009213693951,full_mask,n/a,total,fold_before,0,0,9,none,none,0,558,0,558,35154,35154,online_verify_reconstruction_units,882,39.857142857142854,1
63,2,PRIME_MERSENNE_61,2305843009213693951,kernel_mask,n/a,per_party,fold_before,0,0,8,none,none,0,496,0,496,31248,496,online_verify_reconstruction_units,14,35.42857142857143,1
63,2,PRIME_MERSENNE_61,2305843009213693951,kernel_mask,n/a,total,fold_before,0,0,8,none,none,0,496,0,496,31248,31248,online_verify_reconstruction_units,882,35.42857142857143,1
63,2,PRIME_MERSENNE_61,2305843009213693951,prss_local,local,per_party,fold_before,0,0,16,none,none,0,16,0,16,1008,16,online_verify_reconstruction_units,14,1.1428571428571428,1
63,2,PRIME_MERSENNE_61,2305843009213693951,prss_local,local,total,fold_before,0,0,16,none,none,0,16,0,16,1008,1008,online_verify_reconstruction_units,882,1.1428571428571428,1
63,2,PRIME_MERSENNE_61,2305843009213693951,prss_local_seed_dpss,local,per_party,fold_before,0,0,16,dpss,one,1,16,3970,3986,251118,3986,online_verify_reconstruction_units,14,284.7142857142857,1
63,2,PRIME_MERSENNE_61,2305843009213693951,prss_local_seed_dpss,local,total,fold_before,0,0,16,dpss,one,1,16,3970,3986,251118,251118,online_verify_reconstruction_units,882,284.7142857142857,1
63,2,PRIME_MERSENNE_61,2305843009213693951,prss_local_seed_naive,local,per_party,fold_before,0,0,16,naive,one,1,16,62,78,4914,78,online_verify_reconstruction_units,14,5.571428571428571,1
63,2,PRIME_MERSENNE_61,2305843009213693951,prss_local_seed_naive,local,total,fold_before,0,0,16,naive,one,1,16,62,78,4914,4914,online_verify_reconstruction_units,882,5.571428571428571,1
63,2,PRIME_MERSENNE_61,2305843009213693951,prss_local_seed_dpss,local,per_party,fold_before,0,0,16,dpss,M,63,16,4032,4048,255024,4048,online_verify_reconstruction_units,14,289.14285714285717,1
63,2,PRIME_MERSENNE_61,2305843009213693951,prss_local_seed_dpss,local,total,fold_before,0,0,16,dpss,M,63,16,4032,4048,255024,255024,online_verify_reconstruction_units,882,289.14285714285717,1
63,2,PRIME_MERSENNE_61,2305843009213693951,prss_local_seed_naive,local,per_party,fold_before,0,0,16,naive,M,63,16,3906,3922,247086,3922,online_verify_reconstruction_units,14,280.14285714285717,1
63,2,PRIME_MERSENNE_61,2305843009213693951,prss_local_seed_naive,local,total,fold_before,0,0,16,naive,M,63,16,3906,3922,247086,247086,online_verify_reconstruction_units,882,280.14285714285717,1
63,2,PRIME_MERSENNE_61,2305843009213693951,prss_local_seed_dpss,local,per_party,fold_before,0,0,16,dpss,M_squared,3969,16,7938,7954,501102,7954,online_verify_reconstruction_units,14,568.1428571428571,1
63,2,PRIME_MERSENNE_61,2305843009213693951,prss_local_seed_dpss,local,total,fold_before,0,0,16,dpss,M_squared,3969,16,7938,7954,501102,501102,online_verify_reconstruction_units,882,568.1428571428571,1
63,2,PRIME_MERSENNE_61,2305843009213693951,prss_local_seed_naive,local,per_party,fold_before,0,0,16,naive,M_squared,3969,16,246078,246094,15503922,246094,online_verify_reconstruction_units,14,17578.14285714286,1
63,2,PRIME_MERSENNE_61,2305843009213693951,prss_local_seed_naive,local,total,fold_before,0,0,16,naive,M_squared,3969,16,246078,246094,15503922,15503922,online_verify_reconstruction_units,882,17578.14285714286,1
63,2,PRIME_MERSENNE_61,2305843009213693951,prss_commit,commit,per_party,fold_before,0,0,16,none,none,0,78,0,78,4914,78,online_verify_reconstruction_units,14,5.571428571428571,1
63,2,PRIME_MERSENNE_61,2305843009213693951,prss_commit,commit,total,fold_before,0,0,16,none,none,0,78,0,78,4914,4914,online_verify_reconstruction_units,882,5.571428571428571,1
63,2,PRIME_MERSENNE_61,2305843009213693951,prss_commit_seed_dpss,commit,per_party,fold_before,0,0,16,dpss,one,1,78,3970,4048,255024,4048,online_verify_reconstruction_units,14,289.14285714285717,1
63,2,PRIME_MERSENNE_61,2305843009213693951,prss_commit_seed_dpss,commit,total,fold_before,0,0,16,dpss,one,1,78,3970,4048,255024,255024,online_verify_reconstruction_units,882,289.14285714285717,1
63,2,PRIME_MERSENNE_61,2305843009213693951,prss_commit_seed_naive,commit,per_party,fold_before,0,0,16,naive,one,1,78,62,140,8820,140,online_verify_reconstruction_units,14,10.0,1
63,2,PRIME_MERSENNE_61,2305843009213693951,prss_commit_seed_naive,commit,total,fold_before,0,0,16,naive,one,1,78,62,140,8820,8820,online_verify_reconstruction_units,882,10.0,1
63,2,PRIME_MERSENNE_61,2305843009213693951,prss_commit_seed_dpss,commit,per_party,fold_before,0,0,16,dpss,M,63,78,4032,4110,258930,4110,online_verify_reconstruction_units,14,293.57142857142856,1
63,2,PRIME_MERSENNE_61,2305843009213693951,prss_commit_seed_dpss,commit,total,fold_before,0,0,16,dpss,M,63,78,4032,4110,258930,258930,online_verify_reconstruction_units,882,293.57142857142856,1
63,2,PRIME_MERSENNE_61,2305843009213693951,prss_commit_seed_naive,commit,per_party,fold_before,0,0,16,naive,M,63,78,3906,3984,250992,3984,online_verify_reconstruction_units,14,284.57142857142856,1
63,2,PRIME_MERSENNE_61,2305843009213693951,prss_commit_seed_naive,commit,total,fold_before,0,0,16,naive,M,63,78,3906,3984,250992,250992,online_verify_reconstruction_units,882,284.57142857142856,1
63,2,PRIME_MERSENNE_61,2305843009213693951,prss_commit_seed_dpss,commit,per_party,fold_before,0,0,16,dpss,M_squared,3969,78,7938,8016,505008,8016,online_verify_reconstruction_units,14,572.5714285714286,1
63,2,PRIME_MERSENNE_61,2305843009213693951,prss_commit_seed_dpss,commit,total,fold_before,0,0,16,dpss,M_squared,3969,78,7938,8016,505008,505008,online_verify_reconstruction_units,882,572.5714285714286,1
63,2,PRIME_MERSENNE_61,2305843009213693951,prss_commit_seed_naive,commit,per_party,fold_before,0,0,16,naive,M_squared,3969,78,246078,246156,15507828,246156,online_verify_reconstruction_units,14,17582.571428571428,1
63,2,PRIME_MERSENNE_61,2305843009213693951,prss_commit_seed_naive,commit,total,fold_before,0,0,16,naive,M_squared,3969,78,246078,246156,15507828,15507828,online_verify_reconstruction_units,882,17582.571428571428,1
63,2,PRIME_MERSENNE_61,2305843009213693951,prss_dispute,dispute,per_party,fold_before,0,0,16,none,none,0,388,0,388,24444,388,online_verify_reconstruction_units,14,27.714285714285715,1
63,2,PRIME_MERSENNE_61,2305843009213693951,prss_dispute,dispute,total,fold_before,0,0,16,none,none,0,388,0,388,24444,24444,online_verify_reconstruction_units,882,27.714285714285715,1
63,2,PRIME_MERSENNE_61,2305843009213693951,prss_dispute_seed_dpss,dispute,per_party,fold_before,0,0,16,dpss,one,1,388,3970,4358,274554,4358,online_verify_reconstruction_units,14,311.2857142857143,1
63,2,PRIME_MERSENNE_61,2305843009213693951,prss_dispute_seed_dpss,dispute,total,fold_before,0,0,16,dpss,one,1,388,3970,4358,274554,274554,online_verify_reconstruction_units,882,311.2857142857143,1
63,2,PRIME_MERSENNE_61,2305843009213693951,prss_dispute_seed_naive,dispute,per_party,fold_before,0,0,16,naive,one,1,388,62,450,28350,450,online_verify_reconstruction_units,14,32.142857142857146,1
63,2,PRIME_MERSENNE_61,2305843009213693951,prss_dispute_seed_naive,dispute,total,fold_before,0,0,16,naive,one,1,388,62,450,28350,28350,online_verify_reconstruction_units,882,32.142857142857146,1
63,2,PRIME_MERSENNE_61,2305843009213693951,prss_dispute_seed_dpss,dispute,per_party,fold_before,0,0,16,dpss,M,63,388,4032,4420,278460,4420,online_verify_reconstruction_units,14,315.7142857142857,1
63,2,PRIME_MERSENNE_61,2305843009213693951,prss_dispute_seed_dpss,dispute,total,fold_before,0,0,16,dpss,M,63,388,4032,4420,278460,278460,online_verify_reconstruction_units,882,315.7142857142857,1
63,2,PRIME_MERSENNE_61,2305843009213693951,prss_dispute_seed_naive,dispute,per_party,fold_before,0,0,16,naive,M,63,388,3906,4294,270522,4294,online_verify_reconstruction_units,14,306.7142857142857,1
63,2,PRIME_MERSENNE_61,2305843009213693951,prss_dispute_seed_naive,dispute,total,fold_before,0,0,16,naive,M,63,388,3906,4294,270522,270522,online_verify_reconstruction_units,882,306.7142857142857,1
63,2,PRIME_MERSENNE_61,2305843009213693951,prss_dispute_seed_dpss,dispute,per_party,fold_before,0,0,16,dpss,M_squared,3969,388,7938,8326,524538,8326,online_verify_reconstruction_units,14,594.7142857142857,1
63,2,PRIME_MERSENNE_61,2305843009213693951,prss_dispute_seed_dpss,dispute,total,fold_before,0,0,16,dpss,M_squared,3969,388,7938,8326,524538,524538,online_verify_reconstruction_units,882,594.7142857142857,1
63,2,PRIME_MERSENNE_61,2305843009213693951,prss_dispute_seed_naive,dispute,per_party,fold_before,0,0,16,naive,M_squared,3969,388,246078,246466,15527358,246466,online_verify_reconstruction_units,14,17604.714285714286,1
63,2,PRIME_MERSENNE_61,2305843009213693951,prss_dispute_seed_naive,dispute,total,fold_before,0,0,16,naive,M_squared,3969,388,246078,246466,15527358,15527358,online_verify_reconstruction_units,882,17604.714285714286,1
3,4,PRIME_MERSENNE_61,2305843009213693951,naive,n/a,per_party,fold_after,1,3,52,none,none,0,104,0,104,312,104,online_verify_reconstruction_units,22,4.7272727272727275,3
3,4,PRIME_MERSENNE_61,2305843009213693951,naive,n/a,total,fold_after,1,3,52,none,none,0,104,0,104,312,312,online_verify_reconstruction_units,66,4.7272727272727275,3
3,4,PRIME_MERSENNE_61,2305843009213693951,dpss_model,n/a,per_party,fold_after,1,3,52,none,none,0,79,0,79,237,79,online_verify_reconstruction_units,22,3.590909090909091,3
3,4,PRIME_MERSENNE_61,2305843009213693951,dpss_model,n/a,total,fold_after,1,3,52,none,none,0,79,0,79,237,237,online_verify_reconstruction_units,66,3.590909090909091,3
3,4,PRIME_MERSENNE_61,2305843009213693951,full_mask,n/a,per_party,fold_after,1,3,45,none,none,0,90,0,90,270,90,online_verify_reconstruction_units,22,4.090909090909091,3
3,4,PRIME_MERSENNE_61,2305843009213693951,full_mask,n/a,total,fold_after,1,3,45,none,none,0,90,0,90,270,270,online_verify_reconstruction_units,66,4.090909090909091,3
3,4,PRIME_MERSENNE_61,2305843009213693951,kernel_mask,n/a,per_party,fold_after,1,3,24,none,none,0,48,0,48,144,48,online_verify_reconstruction_units,22,2.1818181818181817,3
3,4,PRIME_MERSENNE_61,2305843009213693951,kernel_mask,n/a,total,fold_after,1,3,24,none,none,0,48,0,48,144,144,online_verify_reconstruction_units,66,2.1818181818181817,3
3,4,PRIME_MERSENNE_61,2305843009213693951,prss_local,local,per_party,fold_after,1,3,52,none,none,0,52,0,52,156,52,online_verify_reconstruction_units,22,2.3636363636363638,3
3,4,PRIME_MERSENNE_61,2305843009213693951,prss_local,local,total,fold_after,1,3,52,none,none,0,52,0,52,156,156,online_verify_reconstruction_units,66,2.3636363636363638,3
3,4,PRIME_MERSENNE_61,2305843009213693951,prss_local_seed_dpss,local,per_party,fold_after,1,3,52,dpss,one,1,52,30,82,246,82,online_verify_reconstruction_units,22,3.727272727272727,3
3,4,PRIME_MERSENNE_61,2305843009213693951,prss_local_seed_dpss,local,total,fold_after,1,3,52,dpss,one,1,52,30,82,246,246,online_verify_reconstruction_units,66,3.727272727272727,3
3,4,PRIME_MERSENNE_61,2305843009213693951,prss_local_seed_naive,local,per_party,fold_after,1,3,52,naive,one,1,52,6,58,174,58,online_verify_reconstruction_units,22,2.6363636363636362,3
3,4,PRIME_MERSENNE_61,2305843009213693951,prss_local_seed_naive,local,total,fold_after,1,3,52,naive,one,1,52,6,58,174,174,online_verify_reconstruction_units,66,2.6363636363636362,3
3,4,PRIME_MERSENNE_61,2305843009213693951,prss_local_seed_dpss,local,per_party,fold_after,1,3,52,dpss,M,3,52,36,88,264,88,online_verify_reconstruction_units,22,4.0,3
3,4,PRIME_MERSENNE_61,2305843009213693951,prss_local_seed_dpss,local,total,fold_after,1,3,52,dpss,M,3,52,36,88,264,264,online_verify_reconstruction_units,66,4.0,3
3,4,PRIME_MERSENNE_61,2305843009213693951,prss_local_seed_naive,local,per_party,fold_after,1,3,52,naive,M,3,52,18,70,210,70,online_verify_reconstruction_units,22,3.1818181818181817,3
3,4,PRIME_MERSENNE_61,2305843009213693951,prss_local_seed_naive,local,total,fold_after,1,3,52,naive,M,3,52,18,70,210,210,online_verify_reconstruction_units,66,3.1818181818181817,3
3,4,PRIME_MERSENNE_61,2305843009213693951,prss_local_seed_dpss,local,per_party,fold_after,1,3,52,dpss,M_squared,9,52,54,106,318,106,online_verify_reconstruction_units,22,4.818181818181818,3
3,4,PRIME_MERSENNE_61,2305843009213693951,prss_local_seed_dpss,local,total,fold_after,1,3,52,dpss,M_squared,9,52,54,106,318,318,online_verify_reconstruction_units,66,4.818181818181818,3
3,4,PRIME_MERSENNE_61,2305843009213693951,prss_local_seed_naive,local,per_party,fold_after,1,3,52,naive,M_squared,9,52,54,106,318,106,online_verify_reconstruction_units,22,4.818181818181818,3
3,4,PRIME_MERSENNE_61,2305843009213693951,prss_local_seed_naive,local,total,fold_after,1,3,52,naive,M_squared,9,52,54,106,318,318,online_verify_reconstruction_units,66,4.818181818181818,3
3,4,PRIME_MERSENNE_61,2305843009213693951,prss_commit,commit,per_party,fold_after,1,3,52,none,none,0,58,0,58,174,58,online_verify_reconstruction_units,22,2.6363636363636362,3
3,4,PRIME_MERSENNE_61,2305843009213693951,prss_commit,commit,total,fold_after,1,3,52,none,none,0,58,0,58,174,174,online_verify_reconstruction_units,66,2.6363636363636362,3
3,4,PRIME_MERSENNE_61,2305843009213693951,prss_commit_seed_dpss,commit,per_party,fold_after,1,3,52,dpss,one,1,58,30,88,264,88,online_verify_reconstruction_units,22,4.0,3
3,4,PRIME_MERSENNE_61,2305843009213693951,prss_commit_seed_dpss,commit,total,fold_after,1,3,52,dpss,one,1,58,30,88,264,264,online_verify_reconstruction_units,66,4.0,3
3,4,PRIME_MERSENNE_61,2305843009213693951,prss_commit_seed_naive,commit,per_party,fold_after,1,3,52,naive,one,1,58,6,64,192,64,online_verify_reconstruction_units,22,2.909090909090909,3
3,4,PRIME_MERSENNE_61,2305843009213693951,prss_commit_seed_naive,commit,total,fold_after,1,3,52,naive,one,1,58,6,64,192,192,online_verify_reconstruction_units,66,2.909090909090909,3
3,4,PRIME_MERSENNE_61,2305843009213693951,prss_commit_seed_dpss,commit,per_party,fold_after,1,3,52,dpss,M,3,58,36,94,282,94,online_verify_reconstruction_units,22,4.2727272727272725,3
3,4,PRIME_MERSENNE_61,2305843009213693951,prss_commit_seed_dpss,commit,total,fold_after,1,3,52,dpss,M,3,58,36,94,282,282,online_verify_reconstruction_units,66,4.2727272727272725,3
3,4,PRIME_MERSENNE_61,2305843009213693951,prss_commit_seed_naive,commit,per_party,fold_after,1,3,52,naive,M,3,58,18,76,228,76,online_verify_reconstruction_units,22,3.4545454545454546,3
3,4,PRIME_MERSENNE_61,2305843009213693951,prss_commit_seed_naive,commit,total,fold_after,1,3,52,naive,M,3,58,18,76,228,228,online_verify_reconstruction_units,66,3.4545454545454546,3
3,4,PRIME_MERSENNE_61,2305843009213693951,prss_commit_seed_dpss,commit,per_party,fold_after,1,3,52,dpss,M_squared,9,58,54,112,336,112,online_verify_reconstruction_units,22,5.090909090909091,3
3,4,PRIME_MERSENNE_61,2305843009213693951,prss_commit_seed_dpss,commit,total,fold_after,1,3,52,dpss,M_squared,9,58,54,112,336,336,online_verify_reconstruction_units,66,5.090909090909091,3
3,4,PRIME_MERSENNE_61,2305843009213693951,prss_commit_seed_naive,commit,per_party,fold_after,1,3,52,naive,M_squared,9,58,54,112,336,112,online_verify_reconstruction_units,22,5.090909090909091,3
3,4,PRIME_MERSENNE_61,2305843009213693951,prss_commit_seed_naive,commit,total,fold_after,1,3,52,naive,M_squared,9,58,54,112,336,336,online_verify_reconstruction_units,66,5.090909090909091,3
3,4,PRIME_MERSENNE_61,2305843009213693951,prss_dispute,dispute,per_party,fold_after,1,3,52,none,none,0,64,0,64,192,64,online_verify_reconstruction_units,22,2.909090909090909,3
3,4,PRIME_MERSENNE_61,2305843009213693951,prss_dispute,dispute,total,fold_after,1,3,52,none,none,0,64,0,64,192,192,online_verify_reconstruction_units,66,2.909090909090909,3
3,4,PRIME_MERSENNE_61,2305843009213693951,prss_dispute_seed_dpss,dispute,per_party,fold_after,1,3,52,dpss,one,1,64,30,94,282,94,online_verify_reconstruction_units,22,4.2727272727272725,3
3,4,PRIME_MERSENNE_61,2305843009213693951,prss_dispute_seed_dpss,dispute,total,fold_after,1,3,52,dpss,one,1,64,30,94,282,282,online_verify_reconstruction_units,66,4.2727272727272725,3
3,4,PRIME_MERSENNE_61,2305843009213693951,prss_dispute_seed_naive,dispute,per_party,fold_after,1,3,52,naive,one,1,64,6,70,210,70,online_verify_reconstruction_units,22,3.1818181818181817,3
3,4,PRIME_MERSENNE_61,2305843009213693951,prss_dispute_seed_naive,dispute,total,fold_after,1,3,52,naive,one,1,64,6,70,210,210,online_verify_reconstruction_units,66,3.1818181818181817,3
3,4,PRIME_MERSENNE_61,2305843009213693951,prss_dispute_seed_dpss,dispute,per_party,fold_after,1,3,52,dpss,M,3,64,36,100,300,100,online_verify_reconstruction_units,22,4.545454545454546,3
3,4,PRIME_MERSENNE_61,2305843009213693951,prss_dispute_seed_dpss,dispute,total,fold_after,1,3,52,dpss,M,3,64,36,100,300,300,online_verify_reconstruction_units,66,4.545454545454546,3
3,4,PRIME_MERSENNE_61,2305843009213693951,prss_dispute_seed_naive,dispute,per_party,fold_after,1,3,52,naive,M,3,64,18,82,246,82,online_verify_reconstruction_units,22,3.727272727272727,3
3,4,PRIME_MERSENNE_61,2305843009213693951,prss_dispute_seed_naive,dispute,total,fold_after,1,3,52,naive,M,3,64,18,82,246,246,online_verify_reconstruction_units,66,3.727272727272727,3
3,4,PRIME_MERSENNE_61,2305843009213693951,prss_dispute_seed_dpss,dispute,per_party,fold_after,1,3,52,dpss,M_squared,9,64,54,118,354,118,online_verify_reconstruction_units,22,5.363636363636363,3
3,4,PRIME_MERSENNE_61,2305843009213693951,prss_dispute_seed_dpss,dispute,total,fold_after,1,3,52,dpss,M_squared,9,64,54,118,354,354,online_verify_reconstruction_units,66,5.363636363636363,3
3,4,PRIME_MERSENNE_61,2305843009213693951,prss_dispute_seed_naive,dispute,per_party,fold_after,1,3,52,naive,M_squared,9,64,54,118,354,118,online_verify_reconstruction_units,22,5.363636363636363,3
3,4,PRIME_MERSENNE_61,2305843009213693951,prss_dispute_seed_naive,dispute,total,fold_after,1,3,52,naive,M_squared,9,64,54,118,354,354,online_verify_reconstruction_units,66,5.363636363636363,3
3,4,PRIME_MERSENNE_61,2305843009213693951,naive,n/a,per_party,fold_before,0,2,89,none,none,0,178,0,178,534,178,online_verify_reconstruction_units,22,8.090909090909092,3
3,4,PRIME_MERSENNE_61,2305843009213693951,naive,n/a,total,fold_before,0,2,89,none,none,0,178,0,178,534,534,online_verify_reconstruction_units,66,8.090909090909092,3
3,4,PRIME_MERSENNE_61,2305843009213693951,dpss_model,n/a,per_party,fold_before,0,2,89,none,none,0,116,0,116,348,116,online_verify_reconstruction_units,22,5.2727272727272725,3
3,4,PRIME_MERSENNE_61,2305843009213693951,dpss_model,n/a,total,fold_before,0,2,89,none,none,0,116,0,116,348,348,online_verify_reconstruction_units,66,5.2727272727272725,3
3,4,PRIME_MERSENNE_61,2305843009213693951,full_mask,n/a,per_party,fold_before,0,2,45,none,none,0,90,0,90,270,90,online_verify_reconstruction_units,22,4.090909090909091,3
3,4,PRIME_MERSENNE_61,2305843009213693951,full_mask,n/a,total,fold_before,0,2,45,none,none,0,90,0,90,270,270,online_verify_reconstruction_units,66,4.090909090909091,3
3,4,PRIME_MERSENNE_61,2305843009213693951,kernel_mask,n/a,per_party,fold_before,0,2,33,none,none,0,66,0,66,198,66,online_verify_reconstruction_units,22,3.0,3
3,4,PRIME_MERSENNE_61,2305843009213693951,kernel_mask,n/a,total,fold_before,0,2,33,none,none,0,66,0,66,198,198,online_verify_reconstruction_units,66,3.0,3
3,4,PRIME_MERSENNE_61,2305843009213693951,prss_local,local,per_party,fold_before,0,2,89,none,none,0,89,0,89,267,89,online_verify_reconstruction_units,22,4.045454545454546,3
3,4,PRIME_MERSENNE_61,2305843009213693951,prss_local,local,total,fold_before,0,2,89,none,none,0,89,0,89,267,267,online_verify_reconstruction_units,66,4.045454545454546,3
3,4,PRIME_MERSENNE_61,2305843009213693951,prss_local_seed_dpss,local,per_party,fold_before,0,2,89,dpss,one,1,89,30,119,357,119,online_verify_reconstruction_units,22,5.409090909090909,3
3,4,PRIME_MERSENNE_61,2305843009213693951,prss_local_seed_dpss,local,total,fold_before,0,2,89,dpss,one,1,89,30,119,357,357,online_verify_reconstruction_units,66,5.409090909090909,3
3,4,PRIME_MERSENNE_61,2305843009213693951,prss_local_seed_naive,local,per_party,fold_before,0,2,89,naive,one,1,89,6,95,285,95,online_verify_reconstruction_units,22,4.318181818181818,3
3,4,PRIME_MERSENNE_61,2305843009213693951,prss_local_seed_naive,local,total,fold_before,0,2,89,naive,one,1,89,6,95,285,285,online_verify_reconstruction_units,66,4.318181818181818,3
3,4,PRIME_MERSENNE_61,2305843009213693951,prss_local_seed_dpss,local,per_party,fold_before,0,2,89,dpss,M,3,89,36,125,375,125,online_verify_reconstruction_units,22,5.681818181818182,3
3,4,PRIME_MERSENNE_61,2305843009213693951,prss_local_seed_dpss,local,total,fold_before,0,2,89,dpss,M,3,89,36,125,375,375,online_verify_reconstruction_units,66,5.681818181818182,3
3,4,PRIME_MERSENNE_61,2305843009213693951,prss_local_seed_naive,local,per_party,fold_before,0,2,89,naive,M,3,89,18,107,321,107,online_verify_reconstruction_units,22,4.863636363636363,3
3,4,PRIME_MERSENNE_61,2305843009213693951,prss_local_seed_naive,local,total,fold_before,0,2,89,naive,M,3,89,18,107,321,321,online_verify_reconstruction_units,66,4.863636363636363,3
3,4,PRIME_MERSENNE_61,2305843009213693951,prss_local_seed_dpss,local,per_party,fold_before,0,2,89,dpss,M_squared,9,89,54,143,429,143,online_verify_reconstruction_units,22,6.5,3
3,4,PRIME_MERSENNE_61,2305843009213693951,prss_local_seed_dpss,local,total,fold_before,0,2,89,dpss,M_squared,9,89,54,143,429,429,online_verify_reconstruction_units,66,6.5,3
3,4,PRIME_MERSENNE_61,2305843009213693951,prss_local_seed_naive,local,per_party,fold_before,0,2,89,naive,M_squared,9,89,54,143,429,143,online_verify_reconstruction_units,22,6.5,3
3,4,PRIME_MERSENNE_61,2305843009213693951,prss_local_seed_naive,local,total,fold_before,0,2,89,naive,M_squared,9,89,54,143,429,429,online_verify_reconstruction_units,66,6.5,3
3,4,PRIME_MERSENNE_61,2305843009213693951,prss_commit,commit,per_party,fold_before,0,2,89,none,none,0,95,0,95,285,95,online_verify_reconstruction_units,22,4.318181818181818,3
3,4,PRIME_MERSENNE_61,2305843009213693951,prss_commit,commit,total,fold_before,0,2,89,none,none,0,95,0,95,285,285,online_verify_reconstruction_units,66,4.318181818181818,3
3,4,PRIME_MERSENNE_61,2305843009213693951,prss_commit_seed_dpss,commit,per_party,fold_before,0,2,89,dpss,one,1,95,30,125,375,125,online_verify_reconstruction_units,22,5.681818181818182,3
3,4,PRIME_MERSENNE_61,2305843009213693951,prss_commit_seed_dpss,commit,total,fold_before,0,2,89,dpss,one,1,95,30,125,375,375,online_verify_reconstruction_units,66,5.681818181818182,3
3,4,PRIME_MERSENNE_61,2305843009213693951,prss_commit_seed_naive,commit,per_party,fold_before,0,2,89,naive,one,1,95,6,101,303,101,online_verify_reconstruction_units,22,4.590909090909091,3
3,4,PRIME_MERSENNE_61,2305843009213693951,prss_commit_seed_naive,commit,total,fold_before,0,2,89,naive,one,1,95,6,101,303,303,online_verify_reconstruction_units,66,4.590909090909091,3
3,4,PRIME_MERSENNE_61,2305843009213693951,prss_commit_seed_dpss,commit,per_party,fold_before,0,2,89,dpss,M,3,95,36,131,393,131,online_verify_reconstruction_units,22,5.954545454545454,3
3,4,PRIME_MERSENNE_61,2305843009213693951,prss_commit_seed_dpss,commit,total,fold_before,0,2,89,dpss,M,3,95,36,131,393,393,online_verify_reconstruction_units,66,5.954545454545454,3
3,4,PRIME_MERSENNE_61,2305843009213693951,prss_commit_seed_naive,commit,per_party,fold_before,0,2,89,naive,M,3,95,18,113,339,113,online_verify_reconstruction_units,22,5.136363636363637,3
3,4,PRIME_MERSENNE_61,2305843009213693951,prss_commit_seed_naive,commit,total,fold_before,0,2,89,naive,M,3,95,18,113,339,339,online_verify_reconstruction_units,66,5.136363636363637,3
3,4,PRIME_MERSENNE_61,2305843009213693951,prss_commit_seed_dpss,commit,per_party,fold_before,0,2,89,dpss,M_squared,9,95,54,149,447,149,online_verify_reconstruction_units,22,6.7727272727272725,3
3,4,PRIME_MERSENNE_61,2305843009213693951,prss_commit_seed_dpss,commit,total,fold_before,0,2,89,dpss,M_squared,9,95,54,149,447,447,online_verify_reconstruction_units,66,6.7727272727272725,3
3,4,PRIME_MERSENNE_61,2305843009213693951,prss_commit_seed_naive,commit,per_party,fold_before,0,2,89,naive,M_squared,9,95,54,149,447,149,online_verify_reconstruction_units,22,6.7727272727272725,3
3,4,PRIME_MERSENNE_61,2305843009213693951,prss_commit_seed_naive,commit,total,fold_before,0,2,89,naive,M_squared,9,95,54,149,447,447,online_verify_reconstruction_units,66,6.7727272727272725,3
3,4,PRIME_MERSENNE_61,2305843009213693951,prss_dispute,dispute,per_party,fold_before,0,2,89,none,none,0,101,0,101,303,101,online_verify_reconstruction_units,22,4.590909090909091,3
3,4,PRIME_MERSENNE_61,2305843009213693951,prss_dispute,dispute,total,fold_before,0,2,89,none,none,0,101,0,101,303,303,online_verify_reconstruction_units,66,4.590909090909091,3
3,4,PRIME_MERSENNE_61,2305843009213693951,prss_dispute_seed_dpss,dispute,per_party,fold_before,0,2,89,dpss,one,1,101,30,131,393,131,online_verify_reconstruction_units,22,5.954545454545454,3
3,4,PRIME_MERSENNE_61,2305843009213693951,prss_dispute_seed_dpss,dispute,total,fold_before,0,2,89,dpss,one,1,101,30,131,393,393,online_verify_reconstruction_units,66,5.954545454545454,3
3,4,PRIME_MERSENNE_61,2305843009213693951,prss_dispute_seed_naive,dispute,per_party,fold_before,0,2,89,naive,one,1,101,6,107,321,107,online_verify_reconstruction_units,22,4.863636363636363,3
3,4,PRIME_MERSENNE_61,2305843009213693951,prss_dispute_seed_naive,dispute,total,fold_before,0,2,89,naive,one,1,101,6,107,321,321,online_verify_reconstruction_units,66,4.863636363636363,3
3,4,PRIME_MERSENNE_61,2305843009213693951,prss_dispute_seed_dpss,dispute,per_party,fold_before,0,2,89,dpss,M,3,101,36,137,411,137,online_verify_reconstruction_units,22,6.2272727272727275,3
3,4,PRIME_MERSENNE_61,2305843009213693951,prss_dispute_seed_dpss,dispute,total,fold_before,0,2,89,dpss,M,3,101,36,137,411,411,online_verify_reconstruction_units,66,6.2272727272727275,3
3,4,PRIME_MERSENNE_61,2305843009213693951,prss_dispute_seed_naive,dispute,per_party,fold_before,0,2,89,naive,M,3,101,18,119,357,119,online_verify_reconstruction_units,22,5.409090909090909,3
3,4,PRIME_MERSENNE_61,2305843009213693951,prss_dispute_seed_naive,dispute,total,fold_before,0,2,89,naive,M,3,101,18,119,357,357,online_verify_reconstruction_units,66,5.409090909090909,3
3,4,PRIME_MERSENNE_61,2305843009213693951,prss_dispute_seed_dpss,dispute,per_party,fold_before,0,2,89,dpss,M_squared,9,101,54,155,465,155,online_verify_reconstruction_units,22,7.045454545454546,3
3,4,PRIME_MERSENNE_61,2305843009213693951,prss_dispute_seed_dpss,dispute,total,fold_before,0,2,89,dpss,M_squared,9,101,54,155,465,465,online_verify_reconstruction_units,66,7.045454545454546,3
3,4,PRIME_MERSENNE_61,2305843009213693951,prss_dispute_seed_naive,dispute,per_party,fold_before,0,2,89,naive,M_squared,9,101,54,155,465,155,online_verify_reconstruction_units,22,7.045454545454546,3
3,4,PRIME_MERSENNE_61,2305843009213693951,prss_dispute_seed_naive,dispute,total,fold_before,0,2,89,naive,M_squared,9,101,54,155,465,465,online_verify_reconstruction_units,66,7.045454545454546,3
5,4,PRIME_MERSENNE_61,2305843009213693951,naive,n/a,per_party,fold_after,1,3,52,none,none,0,208,0,208,1040,208,online_verify_reconstruction_units,22,9.454545454545455,3
5,4,PRIME_MERSENNE_61,2305843009213693951,naive,n/a,total,fold_after,1,3,52,none,none,0,208,0,208,1040,1040,online_verify_reconstruction_units,110,9.454545454545455,3
5,4,PRIME_MERSENNE_61,2305843009213693951,dpss_model,n/a,per_party,fold_after,1,3,52,none,none,0,127,0,127,635,127,online_verify_reconstruction_units,22,5.7727272727272725,3
5,4,PRIME_MERSENNE_61,2305843009213693951,dpss_model,n/a,total,fold_after,1,3,52,none,none,0,127,0,127,635,635,online_verify_reconstruction_units,110,5.7727272727272725,3
5,4,PRIME_MERSENNE_61,2305843009213693951,full_mask,n/a,per_party,fold_after,1,3,45,none,none,0,180,0,180,900,180,online_verify_reconstruction_units,22,8.181818181818182,3
5,4,PRIME_MERSENNE_61,2305843009213693951,full_mask,n/a,total,fold_after,1,3,45,none,none,0,180,0,180,900,900,online_verify_reconstruction_units,110,8.181818181818182,3
5,4,PRIME_MERSENNE_61,2305843009213693951,kernel_mask,n/a,per_party,fold_after,1,3,24,none,none,0,96,0,96,480,96,online_verify_reconstruction_units,22,4.363636363636363,3
5,4,PRIME_MERSENNE_61,2305843009213693951,kernel_mask,n/a,total,fold_after,1,3,24,none,none,0,96,0,96,480,480,online_verify_reconstruction_units,110,4.363636363636363,3
5,4,PRIME_MERSENNE_61,2305843009213693951,prss_local,local,per_party,fold_after,1,3,52,none,none,0,52,0,52,260,52,online_verify_reconstruction_units,22,2.3636363636363638,3
5,4,PRIME_MERSENNE_61,2305843009213693951,prss_local,local,total,fold_after,1,3,52,none,none,0,52,0,52,260,260,online_verify_reconstruction_units,110,2.3636363636363638,3
5,4,PRIME_MERSENNE_61,2305843009213693951,prss_local_seed_dpss,local,per_party,fold_after,1,3,52,dpss,one,1,52,78,130,650,130,online_verify_reconstruction_units,22,5.909090909090909,3
5,4,PRIME_MERSENNE_61,2305843009213693951,prss_local_seed_dpss,local,total,fold_after,1,3,52,dpss,one,1,52,78,130,650,650,online_verify_reconstruction_units,110,5.909090909090909,3
5,4,PRIME_MERSENNE_61,2305843009213693951,prss_local_seed_naive,local,per_party,fold_after,1,3,52,naive,one,1,52,12,64,320,64,online_verify_reconstruction_units,22,2.909090909090909,3
5,4,PRIME_MERSENNE_61,2305843009213693951,prss_local_seed_naive,local,total,fold_after,1,3,52,naive,one,1,52,12,64,320,320,online_verify_reconstruction_units,110,2.909090909090909,3
5,4,PRIME_MERSENNE_61,2305843009213693951,prss_local_seed_dpss,local,per_party,fold_after,1,3,52,dpss,M,5,52,90,142,710,142,online_verify_reconstruction_units,22,6.454545454545454,3
5,4,PRIME_MERSENNE_61,2305843009213693951,prss_local_seed_dpss,local,total,fold_after,1,3,52,dpss,M,5,52,90,142,710,710,online_verify_reconstruction_units,110,6.454545454545454,3
5,4,PRIME_MERSENNE_61,2305843009213693951,prss_local_seed_naive,local,per_party,fold_after,1,3,52,naive,M,5,52,60,112,560,112,online_verify_reconstruction_units,22,5.090909090909091,3
5,4,PRIME_MERSENNE_61,2305843009213693951,prss_local_seed_naive,local,total,fold_after,1,3,52,naive,M,5,52,60,112,560,560,online_verify_reconstruction_units,110,5.090909090909091,3
5,4,PRIME_MERSENNE_61,2305843009213693951,prss_local_seed_dpss,local,per_party,fold_after,1,3,52,dpss,M_squared,25,52,150,202,1010,202,online_verify_reconstruction_units,22,9.181818181818182,3
5,4,PRIME_MERSENNE_61,2305843009213693951,prss_local_seed_dpss,local,total,fold_after,1,3,52,dpss,M_squared,25,52,150,202,1010,1010,online_verify_reconstruction_units,110,9.181818181818182,3
5,4,PRIME_MERSENNE_61,2305843009213693951,prss_local_seed_naive,local,per_party,fold_after,1,3,52,naive,M_squared,25,52,300,352,1760,352,online_verify_reconstruction_units,22,16.0,3
5,4,PRIME_MERSENNE_61,2305843009213693951,prss_local_seed_naive,local,total,fold_after,1,3,52,naive,M_squared,25,52,300,352,1760,1760,online_verify_reconstruction_units,110,16.0,3
5,4,PRIME_MERSENNE_61,2305843009213693951,prss_commit,commit,per_party,fold_after,1,3,52,none,none,0,64,0,64,320,64,online_verify_reconstruction_units,22,2.909090909090909,3
5,4,PRIME_MERSENNE_61,2305843009213693951,prss_commit,commit,total,fold_after,1,3,52,none,none,0,64,0,64,320,320,online_verify_reconstruction_units,110,2.909090909090909,3
5,4,PRIME_MERSENNE_61,2305843009213693951,prss_commit_seed_dpss,commit,per_party,fold_after,1,3,52,dpss,one,1,64,78,142,710,142,online_verify_reconstruction_units,22,6.454545454545454,3
5,4,PRIME_MERSENNE_61,2305843009213693951,prss_commit_seed_dpss,commit,total,fold_after,1,3,52,dpss,one,1,64,78,142,710,710,online_verify_reconstruction_units,110,6.454545454545454,3
5,4,PRIME_MERSENNE_61,2305843009213693951,prss_commit_seed_naive,commit,per_party,fold_after,1,3,52,naive,one,1,64,12,76,380,76,online_verify_reconstruction_units,22,3.4545454545454546,3
5,4,PRIME_MERSENNE_61,2305843009213693951,prss_commit_seed_naive,commit,total,fold_after,1,3,52,naive,one,1,64,12,76,380,380,online_verify_reconstruction_units,110,3.4545454545454546,3
5,4,PRIME_MERSENNE_61,2305843009213693951,prss_commit_seed_dpss,commit,per_party,fold_after,1,3,52,dpss,M,5,64,90,154,770,154,online_verify_reconstruction_units,22,7.0,3
5,4,PRIME_MERSENNE_61,2305843009213693951,prss_commit_seed_dpss,commit,total,fold_after,1,3,52,dpss,M,5,64,90,154,770,770,online_verify_reconstruction_units,110,7.0,3
5,4,PRIME_MERSENNE_61,2305843009213693951,prss_commit_seed_naive,commit,per_party,fold_after,1,3,52,naive,M,5,64,60,124,620,124,online_verify_reconstruction_units,22,5.636363636363637,3
5,4,PRIME_MERSENNE_61,2305843009213693951,prss_commit_seed_naive,commit,total,fold_after,1,3,52,naive,M,5,64,60,124,620,620,online_verify_reconstruction_units,110,5.636363636363637,3
5,4,PRIME_MERSENNE_61,2305843009213693951,prss_commit_seed_dpss,commit,per_party,fold_after,1,3,52,dpss,M_squared,25,64,150,214,1070,214,online_verify_reconstruction_units,22,9.727272727272727,3
5,4,PRIME_MERSENNE_61,2305843009213693951,prss_commit_seed_dpss,commit,total,fold_after,1,3,52,dpss,M_squared,25,64,150,214,1070,1070,online_verify_reconstruction_units,110,9.727272727272727,3
5,4,PRIME_MERSENNE_61,2305843009213693951,prss_commit_seed_naive,commit,per_party,fold_after,1,3,52,naive,M_squared,25,64,300,364,1820,364,online_verify_reconstruction_units,22,16.545454545454547,3
5,4,PRIME_MERSENNE_61,2305843009213693951,prss_commit_seed_naive,commit,total,fold_after,1,3,52,naive,M_squared,25,64,300,364,1820,1820,online_verify_reconstruction_units,110,16.545454545454547,3
5,4,PRIME_MERSENNE_61,2305843009213693951,prss_dispute,dispute,per_party,fold_after,1,3,52,none,none,0,88,0,88,440,88,online_verify_reconstruction_units,22,4.0,3
5,4,PRIME_MERSENNE_61,2305843009213693951,prss_dispute,dispute,total,fold_after,1,3,52,none,none,0,88,0,88,440,440,online_verify_reconstruction_units,110,4.0,3
5,4,PRIME_MERSENNE_61,2305843009213693951,prss_dispute_seed_dpss,dispute,per_party,fold_after,1,3,52,dpss,one,1,88,78,166,830,166,online_verify_reconstruction_units,22,7.545454545454546,3
5,4,PRIME_MERSENNE_61,2305843009213693951,prss_dispute_seed_dpss,dispute,total,fold_after,1,3,52,dpss,one,1,88,78,166,830,830,online_verify_reconstruction_units,110,7.545454545454546,3
5,4,PRIME_MERSENNE_61,2305843009213693951,prss_dispute_seed_naive,dispute,per_party,fold_after,1,3,52,naive,one,1,88,12,100,500,100,online_verify_reconstruction_units,22,4.545454545454546,3
5,4,PRIME_MERSENNE_61,2305843009213693951,prss_dispute_seed_naive,dispute,total,fold_after,1,3,52,naive,one,1,88,12,100,500,500,online_verify_reconstruction_units,110,4.545454545454546,3
5,4,PRIME_MERSENNE_61,2305843009213693951,prss_dispute_seed_dpss,dispute,per_party,fold_after,1,3,52,dpss,M,5,88,90,178,890,178,online_verify_reconstruction_units,22,8.090909090909092,3
5,4,PRIME_MERSENNE_61,2305843009213693951,prss_dispute_seed_dpss,dispute,total,fold_after,1,3,52,dpss,M,5,88,90,178,890,890,online_verify_reconstruction_units,110,8.090909090909092,3
5,4,PRIME_MERSENNE_61,2305843009213693951,prss_dispute_seed_naive,dispute,per_party,fold_after,1,3,52,naive,M,5,88,60,148,740,148,online_verify_reconstruction_units,22,6.7272727272727275,3
5,4,PRIME_MERSENNE_61,2305843009213693951,prss_dispute_seed_naive,dispute,total,fold_after,1,3,52,naive,M,5,88,60,148,740,740,online_verify_reconstruction_units,110,6.7272727272727275,3
5,4,PRIME_MERSENNE_61,2305843009213693951,prss_dispute_seed_dpss,dispute,per_party,fold_after,1,3,52,dpss,M_squared,25,88,150,238,1190,238,online_verify_reconstruction_units,22,10.818181818181818,3
5,4,PRIME_MERSENNE_61,2305843009213693951,prss_dispute_seed_dpss,dispute,total,fold_after,1,3,52,dpss,M_squared,25,88,150,238,1190,1190,online_verify_reconstruction_units,110,10.818181818181818,3
5,4,PRIME_MERSENNE_61,2305843009213693951,prss_dispute_seed_naive,dispute,per_party,fold_after,1,3,52,naive,M_squared,25,88,300,388,1940,388,online_verify_reconstruction_units,22,17.636363636363637,3
5,4,PRIME_MERSENNE_61,2305843009213693951,prss_dispute_seed_naive,dispute,total,fold_after,1,3,52,naive,M_squared,25,88,300,388,1940,1940,online_verify_reconstruction_units,110,17.636363636363637,3
5,4,PRIME_MERSENNE_61,2305843009213693951,naive,n/a,per_party,fold_before,0,2,89,none,none,0,356,0,356,1780,356,online_verify_reconstruction_units,22,16.181818181818183,3
5,4,PRIME_MERSENNE_61,2305843009213693951,naive,n/a,total,fold_before,0,2,89,none,none,0,356,0,356,1780,1780,online_verify_reconstruction_units,110,16.181818181818183,3
5,4,PRIME_MERSENNE_61,2305843009213693951,dpss_model,n/a,per_party,fold_before,0,2,89,none,none,0,164,0,164,820,164,online_verify_reconstruction_units,22,7.454545454545454,3
5,4,PRIME_MERSENNE_61,2305843009213693951,dpss_model,n/a,total,fold_before,0,2,89,none,none,0,164,0,164,820,820,online_verify_reconstruction_units,110,7.454545454545454,3
5,4,PRIME_MERSENNE_61,2305843009213693951,full_mask,n/a,per_party,fold_before,0,2,45,none,none,0,180,0,180,900,180,online_verify_reconstruction_units,22,8.181818181818182,3
5,4,PRIME_MERSENNE_61,2305843009213693951,full_mask,n/a,total,fold_before,0,2,45,none,none,0,180,0,180,900,900,online_verify_reconstruction_units,110,8.181818181818182,3
5,4,PRIME_MERSENNE_61,2305843009213693951,kernel_mask,n/a,per_party,fold_before,0,2,33,none,none,0,132,0,132,660,132,online_verify_reconstruction_units,22,6.0,3
5,4,PRIME_MERSENNE_61,2305843009213693951,kernel_mask,n/a,total,fold_before,0,2,33,none,none,0,132,0,132,660,660,online_verify_reconstruction_units,110,6.0,3
5,4,PRIME_MERSENNE_61,2305843009213693951,prss_local,local,per_party,fold_before,0,2,89,none,none,0,89,0,89,445,89,online_verify_reconstruction_units,22,4.045454545454546,3
5,4,PRIME_MERSENNE_61,2305843009213693951,prss_local,local,total,fold_before,0,2,89,none,none,0,89,0,89,445,445,online_verify_reconstruction_units,110,4.045454545454546,3
5,4,PRIME_MERSENNE_61,2305843009213693951,prss_local_seed_dpss,local,per_party,fold_before,0,2,89,dpss,one,1,89,78,167,835,167,online_verify_reconstruction_units,22,7.590909090909091,3
5,4,PRIME_MERSENNE_61,2305843009213693951,prss_local_seed_dpss,local,total,fold_before,0,2,89,dpss,one,1,89,78,167,835,835,online_verify_reconstruction_units,110,7.590909090909091,3
5,4,PRIME_MERSENNE_61,2305843009213693951,prss_local_seed_naive,local,per_party,fold_before,0,2,89,naive,one,1,89,12,101,505,101,online_verify_reconstruction_units,22,4.590909090909091,3
5,4,PRIME_MERSENNE_61,2305843009213693951,prss_local_seed_naive,local,total,fold_before,0,2,89,naive,one,1,89,12,101,505,505,online_verify_reconstruction_units,110,4.590909090909091,3
5,4,PRIME_MERSENNE_61,2305843009213693951,prss_local_seed_dpss,local,per_party,fold_before,0,2,89,dpss,M,5,89,90,179,895,179,online_verify_reconstruction_units,22,8.136363636363637,3
5,4,PRIME_MERSENNE_61,2305843009213693951,prss_local_seed_dpss,local,total,fold_before,0,2,89,dpss,M,5,89,90,179,895,895,online_verify_reconstruction_units,110,8.136363636363637,3
5,4,PRIME_MERSENNE_61,2305843009213693951,prss_local_seed_naive,local,per_party,fold_before,0,2,89,naive,M,5,89,60,149,745,149,online_verify_reconstruction_units,22,6.7727272727272725,3
5,4,PRIME_MERSENNE_61,2305843009213693951,prss_local_seed_naive,local,total,fold_before,0,2,89,naive,M,5,89,60,149,745,745,online_verify_reconstruction_units,110,6.7727272727272725,3
5,4,PRIME_MERSENNE_61,2305843009213693951,prss_local_seed_dpss,local,per_party,fold_before,0,2,89,dpss,M_squared,25,89,150,239,1195,239,online_verify_reconstruction_units,22,10.863636363636363,3
5,4,PRIME_MERSENNE_61,2305843009213693951,prss_local_seed_dpss,local,total,fold_before,0,2,89,dpss,M_squared,25,89,150,239,1195,1195,online_verify_reconstruction_units,110,10.863636363636363,3
5,4,PRIME_MERSENNE_61,2305843009213693951,prss_local_seed_naive,local,per_party,fold_before,0,2,89,naive,M_squared,25,89,300,389,1945,389,online_verify_reconstruction_units,22,17.681818181818183,3
5,4,PRIME_MERSENNE_61,2305843009213693951,prss_local_seed_naive,local,total,fold_before,0,2,89,naive,M_squared,25,89,300,389,1945,1945,online_verify_reconstruction_units,110,17.681818181818183,3
5,4,PRIME_MERSENNE_61,2305843009213693951,prss_commit,commit,per_party,fold_before,0,2,89,none,none,0,101,0,101,505,101,online_verify_reconstruction_units,22,4.590909090909091,3
5,4,PRIME_MERSENNE_61,2305843009213693951,prss_commit,commit,total,fold_before,0,2,89,none,none,0,101,0,101,505,505,online_verify_reconstruction_units,110,4.590909090909091,3
5,4,PRIME_MERSENNE_61,2305843009213693951,prss_commit_seed_dpss,commit,per_party,fold_before,0,2,89,dpss,one,1,101,78,179,895,179,online_verify_reconstruction_units,22,8.136363636363637,3
5,4,PRIME_MERSENNE_61,2305843009213693951,prss_commit_seed_dpss,commit,total,fold_before,0,2,89,dpss,one,1,101,78,179,895,895,online_verify_reconstruction_units,110,8.136363636363637,3
5,4,PRIME_MERSENNE_61,2305843009213693951,prss_commit_seed_naive,commit,per_party,fold_before,0,2,89,naive,one,1,101,12,113,565,113,online_verify_reconstruction_units,22,5.136363636363637,3
5,4,PRIME_MERSENNE_61,2305843009213693951,prss_commit_seed_naive,commit,total,fold_before,0,2,89,naive,one,1,101,12,113,565,565,online_verify_reconstruction_units,110,5.136363636363637,3
5,4,PRIME_MERSENNE_61,2305843009213693951,prss_commit_seed_dpss,commit,per_party,fold_before,0,2,89,dpss,M,5,101,90,191,955,191,online_verify_reconstruction_units,22,8.681818181818182,3
5,4,PRIME_MERSENNE_61,2305843009213693951,prss_commit_seed_dpss,commit,total,fold_before,0,2,89,dpss,M,5,101,90,191,955,955,online_verify_reconstruction_units,110,8.681818181818182,3
5,4,PRIME_MERSENNE_61,2305843009213693951,prss_commit_seed_naive,commit,per_party,fold_before,0,2,89,naive,M,5,101,60,161,805,161,online_verify_reconstruction_units,22,7.318181818181818,3
5,4,PRIME_MERSENNE_61,2305843009213693951,prss_commit_seed_naive,commit,total,fold_before,0,2,89,naive,M,5,101,60,161,805,805,online_verify_reconstruction_units,110,7.318181818181818,3
5,4,PRIME_MERSENNE_61,2305843009213693951,prss_commit_seed_dpss,commit,per_party,fold_before,0,2,89,dpss,M_squared,25,101,150,251,1255,251,online_verify_reconstruction_units,22,11.409090909090908,3
5,4,PRIME_MERSENNE_61,2305843009213693951,prss_commit_seed_dpss,commit,total,fold_before,0,2,89,dpss,M_squared,25,101,150,251,1255,1255,online_verify_reconstruction_units,110,11.409090909090908,3
5,4,PRIME_MERSENNE_61,2305843009213693951,prss_commit_seed_naive,commit,per_party,fold_before,0,2,89,naive,M_squared,25,101,300,401,2005,401,online_verify_reconstruction_units,22,18.227272727272727,3
5,4,PRIME_MERSENNE_61,2305843009213693951,prss_commit_seed_naive,commit,total,fold_before,0,2,89,naive,M_squared,25,101,300,401,2005,2005,online_verify_reconstruction_units,110,18.227272727272727,3
5,4,PRIME_MERSENNE_61,2305843009213693951,prss_dispute,dispute,per_party,fold_before,0,2,89,none,none,0,125,0,125,625,125,online_verify_reconstruction_units,22,5.681818181818182,3
5,4,PRIME_MERSENNE_61,2305843009213693951,prss_dispute,dispute,total,fold_before,0,2,89,none,none,0,125,0,125,625,625,online_verify_reconstruction_units,110,5.681818181818182,3
5,4,PRIME_MERSENNE_61,2305843009213693951,prss_dispute_seed_dpss,dispute,per_party,fold_before,0,2,89,dpss,one,1,125,78,203,1015,203,online_verify_reconstruction_units,22,9.227272727272727,3
5,4,PRIME_MERSENNE_61,2305843009213693951,prss_dispute_seed_dpss,dispute,total,fold_before,0,2,89,dpss,one,1,125,78,203,1015,1015,online_verify_reconstruction_units,110,9.227272727272727,3
5,4,PRIME_MERSENNE_61,2305843009213693951,prss_dispute_seed_naive,dispute,per_party,fold_before,0,2,89,naive,one,1,125,12,137,685,137,online_verify_reconstruction_units,22,6.2272727272727275,3
5,4,PRIME_MERSENNE_61,2305843009213693951,prss_dispute_seed_naive,dispute,total,fold_before,0,2,89,naive,one,1,125,12,137,685,685,online_verify_reconstruction_units,110,6.2272727272727275,3
5,4,PRIME_MERSENNE_61,2305843009213693951,prss_dispute_seed_dpss,dispute,per_party,fold_before,0,2,89,dpss,M,5,125,90,215,1075,215,online_verify_reconstruction_units,22,9.772727272727273,3
5,4,PRIME_MERSENNE_61,2305843009213693951,prss_dispute_seed_dpss,dispute,total,fold_before,0,2,89,dpss,M,5,125,90,215,1075,1075,online_verify_reconstruction_units,110,9.772727272727273,3
5,4,PRIME_MERSENNE_61,2305843009213693951,prss_dispute_seed_naive,dispute,per_party,fold_before,0,2,89,naive,M,5,125,60,185,925,185,online_verify_reconstruction_units,22,8.409090909090908,3
5,4,PRIME_MERSENNE_61,2305843009213693951,prss_dispute_seed_naive,dispute,total,fold_before,0,2,89,naive,M,5,125,60,185,925,925,online_verify_reconstruction_units,110,8.409090909090908,3
5,4,PRIME_MERSENNE_61,2305843009213693951,prss_dispute_seed_dpss,dispute,per_party,fold_before,0,2,89,dpss,M_squared,25,125,150,275,1375,275,online_verify_reconstruction_units,22,12.5,3
5,4,PRIME_MERSENNE_61,2305843009213693951,prss_dispute_seed_dpss,dispute,total,fold_before,0,2,89,dpss,M_squared,25,125,150,275,1375,1375,online_verify_reconstruction_units,110,12.5,3
5,4,PRIME_MERSENNE_61,2305843009213693951,prss_dispute_seed_naive,dispute,per_party,fold_before,0,2,89,naive,M_squared,25,125,300,425,2125,425,online_verify_reconstruction_units,22,19.318181818181817,3
5,4,PRIME_MERSENNE_61,2305843009213693951,prss_dispute_seed_naive,dispute,total,fold_before,0,2,89,naive,M_squared,25,125,300,425,2125,2125,online_verify_reconstruction_units,110,19.318181818181817,3
7,4,PRIME_MERSENNE_61,2305843009213693951,naive,n/a,per_party,fold_after,1,3,52,none,none,0,312,0,312,2184,312,online_verify_reconstruction_units,22,14.181818181818182,3
7,4,PRIME_MERSENNE_61,2305843009213693951,naive,n/a,total,fold_after,1,3,52,none,none,0,312,0,312,2184,2184,online_verify_reconstruction_units,154,14.181818181818182,3
7,4,PRIME_MERSENNE_61,2305843009213693951,dpss_model,n/a,per_party,fold_after,1,3,52,none,none,0,199,0,199,1393,199,online_verify_reconstruction_units,22,9.045454545454545,3
7,4,PRIME_MERSENNE_61,2305843009213693951,dpss_model,n/a,total,fold_after,1,3,52,none,none,0,199,0,199,1393,1393,online_verify_reconstruction_units,154,9.045454545454545,3
7,4,PRIME_MERSENNE_61,2305843009213693951,full_mask,n/a,per_party,fold_after,1,3,45,none,none,0,270,0,270,1890,270,online_verify_reconstruction_units,22,12.272727272727273,3
7,4,PRIME_MERSENNE_61,2305843009213693951,full_mask,n/a,total,fold_after,1,3,45,none,none,0,270,0,270,1890,1890,online_verify_reconstruction_units,154,12.272727272727273,3
7,4,PRIME_MERSENNE_61,2305843009213693951,kernel_mask,n/a,per_party,fold_after,1,3,24,none,none,0,144,0,144,1008,144,online_verify_reconstruction_units,22,6.545454545454546,3
7,4,PRIME_MERSENNE_61,2305843009213693951,kernel_mask,n/a,total,fold_after,1,3,24,none,none,0,144,0,144,1008,1008,online_verify_reconstruction_units,154,6.545454545454546,3
7,4,PRIME_MERSENNE_61,2305843009213693951,prss_local,local,per_party,fold_after,1,3,52,none,none,0,52,0,52,364,52,online_verify_reconstruction_units,22,2.3636363636363638,3
7,4,PRIME_MERSENNE_61,2305843009213693951,prss_local,local,total,fold_after,1,3,52,none,none,0,52,0,52,364,364,online_verify_reconstruction_units,154,2.3636363636363638,3
7,4,PRIME_MERSENNE_61,2305843009213693951,prss_local_seed_dpss,local,per_party,fold_after,1,3,52,dpss,one,1,52,150,202,1414,202,online_verify_reconstruction_units,22,9.181818181818182,3
7,4,PRIME_MERSENNE_61,2305843009213693951,prss_local_seed_dpss,local,total,fold_after,1,3,52,dpss,one,1,52,150,202,1414,1414,online_verify_reconstruction_units,154,9.181818181818182,3
7,4,PRIME_MERSENNE_61,2305843009213693951,prss_local_seed_naive,local,per_party,fold_after,1,3,52,naive,one,1,52,18,70,490,70,online_verify_reconstruction_units,22,3.1818181818181817,3
7,4,PRIME_MERSENNE_61,2305843009213693951,prss_local_seed_naive,local,total,fold_after,1,3,52,naive,one,1,52,18,70,490,490,online_verify_reconstruction_units,154,3.1818181818181817,3
7,4,PRIME_MERSENNE_61,2305843009213693951,prss_local_seed_dpss,local,per_party,fold_after,1,3,52,dpss,M,7,52,168,220,1540,220,online_verify_reconstruction_units,22,10.0,3
7,4,PRIME_MERSENNE_61,2305843009213693951,prss_local_seed_dpss,local,total,fold_after,1,3,52,dpss,M,7,52,168,220,1540,1540,online_verify_reconstruction_units,154,10.0,3
7,4,PRIME_MERSENNE_61,2305843009213693951,prss_local_seed_naive,local,per_party,fold_after,1,3,52,naive,M,7,52,126,178,1246,178,online_verify_reconstruction_units,22,8.090909090909092,3
7,4,PRIME_MERSENNE_61,2305843009213693951,prss_local_seed_naive,local,total,fold_after,1,3,52,naive,M,7,52,126,178,1246,1246,online_verify_reconstruction_units,154,8.090909090909092,3
7,4,PRIME_MERSENNE_61,2305843009213693951,prss_local_seed_dpss,local,per_party,fold_after,1,3,52,dpss,M_squared,49,52,294,346,2422,346,online_verify_reconstruction_units,22,15.727272727272727,3
7,4,PRIME_MERSENNE_61,2305843009213693951,prss_local_seed_dpss,local,total,fold_after,1,3,52,dpss,M_squared,49,52,294,346,2422,2422,online_verify_reconstruction_units,154,15.727272727272727,3
7,4,PRIME_MERSENNE_61,2305843009213693951,prss_local_seed_naive,local,per_party,fold_after,1,3,52,naive,M_squared,49,52,882,934,6538,934,online_verify_reconstruction_units,22,42.45454545454545,3
7,4,PRIME_MERSENNE_61,2305843009213693951,prss_local_seed_naive,local,total,fold_after,1,3,52,naive,M_squared,49,52,882,934,6538,6538,online_verify_reconstruction_units,154,42.45454545454545,3
7,4,PRIME_MERSENNE_61,2305843009213693951,prss_commit,commit,per_party,fold_after,1,3,52,none,none,0,70,0,70,490,70,online_verify_reconstruction_units,22,3.1818181818181817,3
7,4,PRIME_MERSENNE_61,2305843009213693951,prss_commit,commit,total,fold_after,1,3,52,none,none,0,70,0,70,490,490,online_verify_reconstruction_units,154,3.1818181818181817,3
7,4,PRIME_MERSENNE_61,2305843009213693951,prss_commit_seed_dpss,commit,per_party,fold_after,1,3,52,dpss,one,1,70,150,220,1540,220,online_verify_reconstruction_units,22,10.0,3
7,4,PRIME_MERSENNE_61,2305843009213693951,prss_commit_seed_dpss,commit,total,fold_after,1,3,52,dpss,one,1,70,150,220,1540,1540,online_verify_reconstruction_units,154,10.0,3
7,4,PRIME_MERSENNE_61,2305843009213693951,prss_commit_seed_naive,commit,per_party,fold_after,1,3,52,naive,one,1,70,18,88,616,88,online_verify_reconstruction_units,22,4.0,3
7,4,PRIME_MERSENNE_61,2305843009213693951,prss_commit_seed_naive,commit,total,fold_after,1,3,52,naive,one,1,70,18,88,616,616,online_verify_reconstruction_units,154,4.0,3
7,4,PRIME_MERSENNE_61,2305843009213693951,prss_commit_seed_dpss,commit,per_party,fold_after,1,3,52,dpss,M,7,70,168,238,1666,238,online_verify_reconstruction_units,22,10.818181818181818,3
7,4,PRIME_MERSENNE_61,2305843009213693951,prss_commit_seed_dpss,commit,total,fold_after,1,3,52,dpss,M,7,70,168,238,1666,1666,online_verify_reconstruction_units,154,10.818181818181818,3
7,4,PRIME_MERSENNE_61,2305843009213693951,prss_commit_seed_naive,commit,per_party,fold_after,1,3,52,naive,M,7,70,126,196,1372,196,online_verify_reconstruction_units,22,8.909090909090908,3
7,4,PRIME_MERSENNE_61,2305843009213693951,prss_commit_seed_naive,commit,total,fold_after,1,3,52,naive,M,7,70,126,196,1372,1372,online_verify_reconstruction_units,154,8.909090909090908,3
7,4,PRIME_MERSENNE_61,2305843009213693951,prss_commit_seed_dpss,commit,per_party,fold_after,1,3,52,dpss,M_squared,49,70,294,364,2548,364,online_verify_reconstruction_units,22,16.545454545454547,3
7,4,PRIME_MERSENNE_61,2305843009213693951,prss_commit_seed_dpss,commit,total,fold_after,1,3,52,dpss,M_squared,49,70,294,364,2548,2548,online_verify_reconstruction_units,154,16.545454545454547,3
7,4,PRIME_MERSENNE_61,2305843009213693951,prss_commit_seed_naive,commit,per_party,fold_after,1,3,52,naive,M_squared,49,70,882,952,6664,952,online_verify_reconstruction_units,22,43.27272727272727,3
7,4,PRIME_MERSENNE_61,2305843009213693951,prss_commit_seed_naive,commit,total,fold_after,1,3,52,naive,M_squared,49,70,882,952,6664,6664,online_verify_reconstruction_units,154,43.27272727272727,3
7,4,PRIME_MERSENNE_61,2305843009213693951,prss_dispute,dispute,per_party,fold_after,1,3,52,none,none,0,106,0,106,742,106,online_verify_reconstruction_units,22,4.818181818181818,3
7,4,PRIME_MERSENNE_61,2305843009213693951,prss_dispute,dispute,total,fold_after,1,3,52,none,none,0,106,0,106,742,742,online_verify_reconstruction_units,154,4.818181818181818,3
7,4,PRIME_MERSENNE_61,2305843009213693951,prss_dispute_seed_dpss,dispute,per_party,fold_after,1,3,52,dpss,one,1,106,150,256,1792,256,online_verify_reconstruction_units,22,11.636363636363637,3
7,4,PRIME_MERSENNE_61,2305843009213693951,prss_dispute_seed_dpss,dispute,total,fold_after,1,3,52,dpss,one,1,106,150,256,1792,1792,online_verify_reconstruction_units,154,11.636363636363637,3
7,4,PRIME_MERSENNE_61,2305843009213693951,prss_dispute_seed_naive,dispute,per_party,fold_after,1,3,52,naive,one,1,106,18,124,868,124,online_verify_reconstruction_units,22,5.636363636363637,3
7,4,PRIME_MERSENNE_61,2305843009213693951,prss_dispute_seed_naive,dispute,total,fold_after,1,3,52,naive,one,1,106,18,124,868,868,online_verify_reconstruction_units,154,5.636363636363637,3
7,4,PRIME_MERSENNE_61,2305843009213693951,prss_dispute_seed_dpss,dispute,per_party,fold_after,1,3,52,dpss,M,7,106,168,274,1918,274,online_verify_reconstruction_units,22,12.454545454545455,3
7,4,PRIME_MERSENNE_61,2305843009213693951,prss_dispute_seed_dpss,dispute,total,fold_after,1,3,52,dpss,M,7,106,168,274,1918,1918,online_verify_reconstruction_units,154,12.454545454545455,3
7,4,PRIME_MERSENNE_61,2305843009213693951,prss_dispute_seed_naive,dispute,per_party,fold_after,1,3,52,naive,M,7,106,126,232,1624,232,online_verify_reconstruction_units,22,10.545454545454545,3
7,4,PRIME_MERSENNE_61,2305843009213693951,prss_dispute_seed_naive,dispute,total,fold_after,1,3,52,naive,M,7,106,126,232,1624,1624,online_verify_reconstruction_units,154,10.545454545454545,3
7,4,PRIME_MERSENNE_61,2305843009213693951,prss_dispute_seed_dpss,dispute,per_party,fold_after,1,3,52,dpss,M_squared,49,106,294,400,2800,400,online_verify_reconstruction_units,22,18.181818181818183,3
7,4,PRIME_MERSENNE_61,2305843009213693951,prss_dispute_seed_dpss,dispute,total,fold_after,1,3,52,dpss,M_squared,49,106,294,400,2800,2800,online_verify_reconstruction_units,154,18.181818181818183,3
7,4,PRIME_MERSENNE_61,2305843009213693951,prss_dispute_seed_naive,dispute,per_party,fold_after,1,3,52,naive,M_squared,49,106,882,988,6916,988,online_verify_reconstruction_units,22,44.90909090909091,3
7,4,PRIME_MERSENNE_61,2305843009213693951,prss_dispute_seed_naive,dispute,total,fold_after,1,3,52,naive,M_squared,49,106,882,988,6916,6916,online_verify_reconstruction_units,154,44.90909090909091,3
7,4,PRIME_MERSENNE_61,2305843009213693951,naive,n/a,per_party,fold_before,0,2,89,none,none,0,534,0,534,3738,534,online_verify_reconstruction_units,22,24.272727272727273,3
7,4,PRIME_MERSENNE_61,2305843009213693951,naive,n/a,total,fold_before,0,2,89,none,none,0,534,0,534,3738,3738,online_verify_reconstruction_units,154,24.272727272727273,3
7,4,PRIME_MERSENNE_61,2305843009213693951,dpss_model,n/a,per_party,fold_before,0,2,89,none,none,0,236,0,236,1652,236,online_verify_reconstruction_units,22,10.727272727272727,3
7,4,PRIME_MERSENNE_61,2305843009213693951,dpss_model,n/a,total,fold_before,0,2,89,none,none,0,236,0,236,1652,1652,online_verify_reconstruction_units,154,10.727272727272727,3
7,4,PRIME_MERSENNE_61,2305843009213693951,full_mask,n/a,per_party,fold_before,0,2,45,none,none,0,270,0,270,1890,270,online_verify_reconstruction_units,22,12.272727272727273,3
7,4,PRIME_MERSENNE_61,2305843009213693951,full_mask,n/a,total,fold_before,0,2,45,none,none,0,270,0,270,1890,1890,online_verify_reconstruction_units,154,12.272727272727273,3
7,4,PRIME_MERSENNE_61,2305843009213693951,kernel_mask,n/a,per_party,fold_before,0,2,33,none,none,0,198,0,198,1386,198,online_verify_reconstruction_units,22,9.0,3
7,4,PRIME_MERSENNE_61,2305843009213693951,kernel_mask,n/a,total,fold_before,0,2,33,none,none,0,198,0,198,1386,1386,online_verify_reconstruction_units,154,9.0,3
7,4,PRIME_MERSENNE_61,2305843009213693951,prss_local,local,per_party,fold_before,0,2,89,none,none,0,89,0,89,623,89,online_verify_reconstruction_units,22,4.045454545454546,3
7,4,PRIME_MERSENNE_61,2305843009213693951,prss_local,local,total,fold_before,0,2,89,none,none,0,89,0,89,623,623,online_verify_reconstruction_units,154,4.045454545454546,3
7,4,PRIME_MERSENNE_61,2305843009213693951,prss_local_seed_dpss,local,per_party,fold_before,0,2,89,dpss,one,1,89,150,239,1673,239,online_verify_reconstruction_units,22,10.863636363636363,3
7,4,PRIME_MERSENNE_61,2305843009213693951,prss_local_seed_dpss,local,total,fold_before,0,2,89,dpss,one,1,89,150,239,1673,1673,online_verify_reconstruction_units,154,10.863636363636363,3
7,4,PRIME_MERSENNE_61,2305843009213693951,prss_local_seed_naive,local,per_party,fold_before,0,2,89,naive,one,1,89,18,107,749,107,online_verify_reconstruction_units,22,4.863636363636363,3
7,4,PRIME_MERSENNE_61,2305843009213693951,prss_local_seed_naive,local,total,fold_before,0,2,89,naive,one,1,89,18,107,749,749,online_verify_reconstruction_units,154,4.863636363636363,3
7,4,PRIME_MERSENNE_61,2305843009213693951,prss_local_seed_dpss,local,per_party,fold_before,0,2,89,dpss,M,7,89,168,257,1799,257,online_verify_reconstruction_units,22,11.681818181818182,3
7,4,PRIME_MERSENNE_61,2305843009213693951,prss_local_seed_dpss,local,total,fold_before,0,2,89,dpss,M,7,89,168,257,1799,1799,online_verify_reconstruction_units,154,11.681818181818182,3
7,4,PRIME_MERSENNE_61,2305843009213693951,prss_local_seed_naive,local,per_party,fold_before,0,2,89,naive,M,7,89,126,215,1505,215,online_verify_reconstruction_units,22,9.772727272727273,3
7,4,PRIME_MERSENNE_61,2305843009213693951,prss_local_seed_naive,local,total,fold_before,0,2,89,naive,M,7,89,126,215,1505,1505,online_verify_reconstruction_units,154,9.772727272727273,3
7,4,PRIME_MERSENNE_61,2305843009213693951,prss_local_seed_dpss,local,per_party,fold_before,0,2,89,dpss,M_squared,49,89,294,383,2681,383,online_verify_reconstruction_units,22,17.40909090909091,3
7,4,PRIME_MERSENNE_61,2305843009213693951,prss_local_seed_dpss,local,total,fold_before,0,2,89,dpss,M_squared,49,89,294,383,2681,2681,online_verify_reconstruction_units,154,17.40909090909091,3
7,4,PRIME_MERSENNE_61,2305843009213693951,prss_local_seed_naive,local,per_party,fold_before,0,2,89,naive,M_squared,49,89,882,971,6797,971,online_verify_reconstruction_units,22,44.13636363636363,3
7,4,PRIME_MERSENNE_61,2305843009213693951,prss_local_seed_naive,local,total,fold_before,0,2,89,naive,M_squared,49,89,882,971,6797,6797,online_verify_reconstruction_units,154,44.13636363636363,3
7,4,PRIME_MERSENNE_61,2305843009213693951,prss_commit,commit,per_party,fold_before,0,2,89,none,none,0,107,0,107,749,107,online_verify_reconstruction_units,22,4.863636363636363,3
7,4,PRIME_MERSENNE_61,2305843009213693951,prss_commit,commit,total,fold_before,0,2,89,none,none,0,107,0,107,749,749,online_verify_reconstruction_units,154,4.863636363636363,3
7,4,PRIME_MERSENNE_61,2305843009213693951,prss_commit_seed_dpss,commit,per_party,fold_before,0,2,89,dpss,one,1,107,150,257,1799,257,online_verify_reconstruction_units,22,11.681818181818182,3
7,4,PRIME_MERSENNE_61,2305843009213693951,prss_commit_seed_dpss,commit,total,fold_before,0,2,89,dpss,one,1,107,150,257,1799,1799,online_verify_reconstruction_units,154,11.681818181818182,3
7,4,PRIME_MERSENNE_61,2305843009213693951,prss_commit_seed_naive,commit,per_party,fold_before,0,2,89,naive,one,1,107,18,125,875,125,online_verify_reconstruction_units,22,5.681818181818182,3
7,4,PRIME_MERSENNE_61,2305843009213693951,prss_commit_seed_naive,commit,total,fold_before,0,2,89,naive,one,1,107,18,125,875,875,online_verify_reconstruction_units,154,5.681818181818182,3
7,4,PRIME_MERSENNE_61,2305843009213693951,prss_commit_seed_dpss,commit,per_party,fold_before,0,2,89,dpss,M,7,107,168,275,1925,275,online_verify_reconstruction_units,22,12.5,3
7,4,PRIME_MERSENNE_61,2305843009213693951,prss_commit_seed_dpss,commit,total,fold_before,0,2,89,dpss,M,7,107,168,275,1925,1925,online_verify_reconstruction_units,154,12.5,3
7,4,PRIME_MERSENNE_61,2305843009213693951,prss_commit_seed_naive,commit,per_party,fold_before,0,2,89,naive,M,7,107,126,233,1631,233,online_verify_reconstruction_units,22,10.590909090909092,3
7,4,PRIME_MERSENNE_61,2305843009213693951,prss_commit_seed_naive,commit,total,fold_before,0,2,89,naive,M,7,107,126,233,1631,1631,online_verify_reconstruction_units,154,10.590909090909092,3
7,4,PRIME_MERSENNE_61,2305843009213693951,prss_commit_seed_dpss,commit,per_party,fold_before,0,2,89,dpss,M_squared,49,107,294,401,2807,401,online_verify_reconstruction_units,22,18.227272727272727,3
7,4,PRIME_MERSENNE_61,2305843009213693951,prss_commit_seed_dpss,commit,total,fold_before,0,2,89,dpss,M_squared,49,107,294,401,2807,2807,online_verify_reconstruction_units,154,18.227272727272727,3
7,4,PRIME_MERSENNE_61,2305843009213693951,prss_commit_seed_naive,commit,per_party,fold_before,0,2,89,naive,M_squared,49,107,882,989,6923,989,online_verify_reconstruction_units,22,44.95454545454545,3
7,4,PRIME_MERSENNE_61,2305843009213693951,prss_commit_seed_naive,commit,total,fold_before,0,2,89,naive,M_squared,49,107,882,989,6923,6923,online_verify_reconstruction_units,154,44.95454545454545,3
7,4,PRIME_MERSENNE_61,2305843009213693951,prss_dispute,dispute,per_party,fold_before,0,2,89,none,none,0,143,0,143,1001,143,online_verify_reconstruction_units,22,6.5,3
7,4,PRIME_MERSENNE_61,2305843009213693951,prss_dispute,dispute,total,fold_before,0,2,89,none,none,0,143,0,143,1001,1001,online_verify_reconstruction_units,154,6.5,3
7,4,PRIME_MERSENNE_61,2305843009213693951,prss_dispute_seed_dpss,dispute,per_party,fold_before,0,2,89,dpss,one,1,143,150,293,2051,293,online_verify_reconstruction_units,22,13.318181818181818,3
7,4,PRIME_MERSENNE_61,2305843009213693951,prss_dispute_seed_dpss,dispute,total,fold_before,0,2,89,dpss,one,1,143,150,293,2051,2051,online_verify_reconstruction_units,154,13.318181818181818,3
7,4,PRIME_MERSENNE_61,2305843009213693951,prss_dispute_seed_naive,dispute,per_party,fold_before,0,2,89,naive,one,1,143,18,161,1127,161,online_verify_reconstruction_units,22,7.318181818181818,3
7,4,PRIME_MERSENNE_61,2305843009213693951,prss_dispute_seed_naive,dispute,total,fold_before,0,2,89,naive,one,1,143,18,161,1127,1127,online_verify_reconstruction_units,154,7.318181818181818,3
7,4,PRIME_MERSENNE_61,2305843009213693951,prss_dispute_seed_dpss,dispute,per_party,fold_before,0,2,89,dpss,M,7,143,168,311,2177,311,online_verify_reconstruction_units,22,14.136363636363637,3
7,4,PRIME_MERSENNE_61,2305843009213693951,prss_dispute_seed_dpss,dispute,total,fold_before,0,2,89,dpss,M,7,143,168,311,2177,2177,online_verify_reconstruction_units,154,14.136363636363637,3
7,4,PRIME_MERSENNE_61,2305843009213693951,prss_dispute_seed_naive,dispute,per_party,fold_before,0,2,89,naive,M,7,143,126,269,1883,269,online_verify_reconstruction_units,22,12.227272727272727,3
7,4,PRIME_MERSENNE_61,2305843009213693951,prss_dispute_seed_naive,dispute,total,fold_before,0,2,89,naive,M,7,143,126,269,1883,1883,online_verify_reconstruction_units,154,12.227272727272727,3
7,4,PRIME_MERSENNE_61,2305843009213693951,prss_dispute_seed_dpss,dispute,per_party,fold_before,0,2,89,dpss,M_squared,49,143,294,437,3059,437,online_verify_reconstruction_units,22,19.863636363636363,3
7,4,PRIME_MERSENNE_61,2305843009213693951,prss_dispute_seed_dpss,dispute,total,fold_before,0,2,89,dpss,M_squared,49,143,294,437,3059,3059,online_verify_reconstruction_units,154,19.863636363636363,3
7,4,PRIME_MERSENNE_61,2305843009213693951,prss_dispute_seed_naive,dispute,per_party,fold_before,0,2,89,naive,M_squared,49,143,882,1025,7175,1025,online_verify_reconstruction_units,22,46.59090909090909,3
7,4,PRIME_MERSENNE_61,2305843009213693951,prss_dispute_seed_naive,dispute,total,fold_before,0,2,89,naive,M_squared,49,143,882,1025,7175,7175,online_verify_reconstruction_units,154,46.59090909090909,3
9,4,PRIME_MERSENNE_61,2305843009213693951,naive,n/a,per_party,fold_after,1,3,52,none,none,0,416,0,416,3744,416,online_verify_reconstruction_units,22,18.90909090909091,3
9,4,PRIME_MERSENNE_61,2305843009213693951,naive,n/a,total,fold_after,1,3,52,none,none,0,416,0,416,3744,3744,online_verify_reconstruction_units,198,18.90909090909091,3
9,4,PRIME_MERSENNE_61,2305843009213693951,dpss_model,n/a,per_party,fold_after,1,3,52,none,none,0,295,0,295,2655,295,online_verify_reconstruction_units,22,13.409090909090908,3
9,4,PRIME_MERSENNE_61,2305843009213693951,dpss_model,n/a,total,fold_after,1,3,52,none,none,0,295,0,295,2655,2655,online_verify_reconstruction_units,198,13.409090909090908,3
9,4,PRIME_MERSENNE_61,2305843009213693951,full_mask,n/a,per_party,fold_after,1,3,45,none,none,0,360,0,360,3240,360,online_verify_reconstruction_units,22,16.363636363636363,3
9,4,PRIME_MERSENNE_61,2305843009213693951,full_mask,n/a,total,fold_after,1,3,45,none,none,0,360,0,360,3240,3240,online_verify_reconstruction_units,198,16.363636363636363,3
9,4,PRIME_MERSENNE_61,2305843009213693951,kernel_mask,n/a,per_party,fold_after,1,3,24,none,none,0,192,0,192,1728,192,online_verify_reconstruction_units,22,8.727272727272727,3
9,4,PRIME_MERSENNE_61,2305843009213693951,kernel_mask,n/a,total,fold_after,1,3,24,none,none,0,192,0,192,1728,1728,online_verify_reconstruction_units,198,8.727272727272727,3
9,4,PRIME_MERSENNE_61,2305843009213693951,prss_local,local,per_party,fold_after,1,3,52,none,none,0,52,0,52,468,52,online_verify_reconstruction_units,22,2.3636363636363638,3
9,4,PRIME_MERSENNE_61,2305843009213693951,prss_local,local,total,fold_after,1,3,52,none,none,0,52,0,52,468,468,online_verify_reconstruction_units,198,2.3636363636363638,3
9,4,PRIME_MERSENNE_61,2305843009213693951,prss_local_seed_dpss,local,per_party,fold_after,1,3,52,dpss,one,1,52,246,298,2682,298,online_verify_reconstruction_units,22,13.545454545454545,3
9,4,PRIME_MERSENNE_61,2305843009213693951,prss_local_seed_dpss,local,total,fold_after,1,3,52,dpss,one,1,52,246,298,2682,2682,online_verify_reconstruction_units,198,13.545454545454545,3
9,4,PRIME_MERSENNE_61,2305843009213693951,prss_local_seed_naive,local,per_party,fold_after,1,3,52,naive,one,1,52,24,76,684,76,online_verify_reconstruction_units,22,3.4545454545454546,3
9,4,PRIME_MERSENNE_61,2305843009213693951,prss_local_seed_naive,local,total,fold_after,1,3,52,naive,one,1,52,24,76,684,684,online_verify_reconstruction_units,198,3.4545454545454546,3
9,4,PRIME_MERSENNE_61,2305843009213693951,prss_local_seed_dpss,local,per_party,fold_after,1,3,52,dpss,M,9,52,270,322,2898,322,online_verify_reconstruction_units,22,14.636363636363637,3
9,4,PRIME_MERSENNE_61,2305843009213693951,prss_local_seed_dpss,local,total,fold_after,1,3,52,dpss,M,9,52,270,322,2898,2898,online_verify_reconstruction_units,198,14.636363636363637,3
9,4,PRIME_MERSENNE_61,2305843009213693951,prss_local_seed_naive,local,per_party,fold_after,1,3,52,naive,M,9,52,216,268,2412,268,online_verify_reconstruction_units,22,12.181818181818182,3
9,4,PRIME_MERSENNE_61,2305843009213693951,prss_local_seed_naive,local,total,fold_after,1,3,52,naive,M,9,52,216,268,2412,2412,online_verify_reconstruction_units,198,12.181818181818182,3
9,4,PRIME_MERSENNE_61,2305843009213693951,prss_local_seed_dpss,local,per_party,fold_after,1,3,52,dpss,M_squared,81,52,486,538,4842,538,online_verify_reconstruction_units,22,24.454545454545453,3
9,4,PRIME_MERSENNE_61,2305843009213693951,prss_local_seed_dpss,local,total,fold_after,1,3,52,dpss,M_squared,81,52,486,538,4842,4842,online_verify_reconstruction_units,198,24.454545454545453,3
9,4,PRIME_MERSENNE_61,2305843009213693951,prss_local_seed_naive,local,per_party,fold_after,1,3,52,naive,M_squared,81,52,1944,1996,17964,1996,online_verify_reconstruction_units,22,90.72727272727273,3
9,4,PRIME_MERSENNE_61,2305843009213693951,prss_local_seed_naive,local,total,fold_after,1,3,52,naive,M_squared,81,52,1944,1996,17964,17964,online_verify_reconstruction_units,198,90.72727272727273,3
9,4,PRIME_MERSENNE_61,2305843009213693951,prss_commit,commit,per_party,fold_after,1,3,52,none,none,0,76,0,76,684,76,online_verify_reconstruction_units,22,3.4545454545454546,3
9,4,PRIME_MERSENNE_61,2305843009213693951,prss_commit,commit,total,fold_after,1,3,52,none,none,0,76,0,76,684,684,online_verify_reconstruction_units,198,3.4545454545454546,3
9,4,PRIME_MERSENNE_61,2305843009213693951,prss_commit_seed_dpss,commit,per_party,fold_after,1,3,52,dpss,one,1,76,246,322,2898,322,online_verify_reconstruction_units,22,14.636363636363637,3
9,4,PRIME_MERSENNE_61,2305843009213693951,prss_commit_seed_dpss,commit,total,fold_after,1,3,52,dpss,one,1,76,246,322,2898,2898,online_verify_reconstruction_units,198,14.636363636363637,3
9,4,PRIME_MERSENNE_61,2305843009213693951,prss_commit_seed_naive,commit,per_party,fold_after,1,3,52,naive,one,1,76,24,100,900,100,online_verify_reconstruction_units,22,4.545454545454546,3
9,4,PRIME_MERSENNE_61,2305843009213693951,prss_commit_seed_naive,commit,total,fold_after,1,3,52,naive,one,1,76,24,100,900,900,online_verify_reconstruction_units,198,4.545454545454546,3
9,4,PRIME_MERSENNE_61,2305843009213693951,prss_commit_seed_dpss,commit,per_party,fold_after,1,3,52,dpss,M,9,76,270,346,3114,346,online_verify_reconstruction_units,22,15.727272727272727,3
9,4,PRIME_MERSENNE_61,2305843009213693951,prss_commit_seed_dpss,commit,total,fold_after,1,3,52,dpss,M,9,76,270,346,3114,3114,online_verify_reconstruction_units,198,15.727272727272727,3
9,4,PRIME_MERSENNE_61,2305843009213693951,prss_commit_seed_naive,commit,per_party,fold_after,1,3,52,naive,M,9,76,216,292,2628,292,online_verify_reconstruction_units,22,13.272727272727273,3
9,4,PRIME_MERSENNE_61,2305843009213693951,prss_commit_seed_naive,commit,total,fold_after,1,3,52,naive,M,9,76,216,292,2628,2628,online_verify_reconstruction_units,198,13.272727272727273,3
9,4,PRIME_MERSENNE_61,2305843009213693951,prss_commit_seed_dpss,commit,per_party,fold_after,1,3,52,dpss,M_squared,81,76,486,562,5058,562,online_verify_reconstruction_units,22,25.545454545454547,3
9,4,PRIME_MERSENNE_61,2305843009213693951,prss_commit_seed_dpss,commit,total,fold_after,1,3,52,dpss,M_squared,81,76,486,562,5058,5058,online_verify_reconstruction_units,198,25.545454545454547,3
9,4,PRIME_MERSENNE_61,2305843009213693951,prss_commit_seed_naive,commit,per_party,fold_after,1,3,52,naive,M_squared,81,76,1944,2020,18180,2020,online_verify_reconstruction_units,22,91.81818181818181,3
9,4,PRIME_MERSENNE_61,2305843009213693951,prss_commit_seed_naive,commit,total,fold_after,1,3,52,naive,M_squared,81,76,1944,2020,18180,18180,online_verify_reconstruction_units,198,91.81818181818181,3
9,4,PRIME_MERSENNE_61,2305843009213693951,prss_dispute,dispute,per_party,fold_after,1,3,52,none,none,0,148,0,148,1332,148,online_verify_reconstruction_units,22,6.7272727272727275,3
9,4,PRIME_MERSENNE_61,2305843009213693951,prss_dispute,dispute,total,fold_after,1,3,52,none,none,0,148,0,148,1332,1332,online_verify_reconstruction_units,198,6.7272727272727275,3
9,4,PRIME_MERSENNE_61,2305843009213693951,prss_dispute_seed_dpss,dispute,per_party,fold_after,1,3,52,dpss,one,1,148,246,394,3546,394,online_verify_reconstruction_units,22,17.90909090909091,3
9,4,PRIME_MERSENNE_61,2305843009213693951,prss_dispute_seed_dpss,dispute,total,fold_after,1,3,52,dpss,one,1,148,246,394,3546,3546,online_verify_reconstruction_units,198,17.90909090909091,3
9,4,PRIME_MERSENNE_61,2305843009213693951,prss_dispute_seed_naive,dispute,per_party,fold_after,1,3,52,naive,one,1,148,24,172,1548,172,online_verify_reconstruction_units,22,7.818181818181818,3
9,4,PRIME_MERSENNE_61,2305843009213693951,prss_dispute_seed_naive,dispute,total,fold_after,1,3,52,naive,one,1,148,24,172,1548,1548,online_verify_reconstruction_units,198,7.818181818181818,3
9,4,PRIME_MERSENNE_61,2305843009213693951,prss_dispute_seed_dpss,dispute,per_party,fold_after,1,3,52,dpss,M,9,148,270,418,3762,418,online_verify_reconstruction_units,22,19.0,3
9,4,PRIME_MERSENNE_61,2305843009213693951,prss_dispute_seed_dpss,dispute,total,fold_after,1,3,52,dpss,M,9,148,270,418,3762,3762,online_verify_reconstruction_units,198,19.0,3
9,4,PRIME_MERSENNE_61,2305843009213693951,prss_dispute_seed_naive,dispute,per_party,fold_after,1,3,52,naive,M,9,148,216,364,3276,364,online_verify_reconstruction_units,22,16.545454545454547,3
9,4,PRIME_MERSENNE_61,2305843009213693951,prss_dispute_seed_naive,dispute,total,fold_after,1,3,52,naive,M,9,148,216,364,3276,3276,online_verify_reconstruction_units,198,16.545454545454547,3
9,4,PRIME_MERSENNE_61,2305843009213693951,prss_dispute_seed_dpss,dispute,per_party,fold_after,1,3,52,dpss,M_squared,81,148,486,634,5706,634,online_verify_reconstruction_units,22,28.818181818181817,3
9,4,PRIME_MERSENNE_61,2305843009213693951,prss_dispute_seed_dpss,dispute,total,fold_after,1,3,52,dpss,M_squared,81,148,486,634,5706,5706,online_verify_reconstruction_units,198,28.818181818181817,3
9,4,PRIME_MERSENNE_61,2305843009213693951,prss_dispute_seed_naive,dispute,per_party,fold_after,1,3,52,naive,M_squared,81,148,1944,2092,18828,2092,online_verify_reconstruction_units,22,95.0909090909091,3
9,4,PRIME_MERSENNE_61,2305843009213693951,prss_dispute_seed_naive,dispute,total,fold_after,1,3,52,naive,M_squared,81,148,1944,2092,18828,18828,online_verify_reconstruction_units,198,95.0909090909091,3
9,4,PRIME_MERSENNE_61,2305843009213693951,naive,n/a,per_party,fold_before,0,2,89,none,none,0,712,0,712,6408,712,online_verify_reconstruction_units,22,32.36363636363637,3
9,4,PRIME_MERSENNE_61,2305843009213693951,naive,n/a,total,fold_before,0,2,89,none,none,0,712,0,712,6408,6408,online_verify_reconstruction_units,198,32.36363636363637,3
9,4,PRIME_MERSENNE_61,2305843009213693951,dpss_model,n/a,per_party,fold_before,0,2,89,none,none,0,332,0,332,2988,332,online_verify_reconstruction_units,22,15.090909090909092,3
9,4,PRIME_MERSENNE_61,2305843009213693951,dpss_model,n/a,total,fold_before,0,2,89,none,none,0,332,0,332,2988,2988,online_verify_reconstruction_units,198,15.090909090909092,3
9,4,PRIME_MERSENNE_61,2305843009213693951,full_mask,n/a,per_party,fold_before,0,2,45,none,none,0,360,0,360,3240,360,online_verify_reconstruction_units,22,16.363636363636363,3
9,4,PRIME_MERSENNE_61,2305843009213693951,full_mask,n/a,total,fold_before,0,2,45,none,none,0,360,0,360,3240,3240,online_verify_reconstruction_units,198,16.363636363636363,3
9,4,PRIME_MERSENNE_61,2305843009213693951,kernel_mask,n/a,per_party,fold_before,0,2,33,none,none,0,264,0,264,2376,264,online_verify_reconstruction_units,22,12.0,3
9,4,PRIME_MERSENNE_61,2305843009213693951,kernel_mask,n/a,total,fold_before,0,2,33,none,none,0,264,0,264,2376,2376,online_verify_reconstruction_units,198,12.0,3
9,4,PRIME_MERSENNE_61,2305843009213693951,prss_local,local,per_party,fold_before,0,2,89,none,none,0,89,0,89,801,89,online_verify_reconstruction_units,22,4.045454545454546,3
9,4,PRIME_MERSENNE_61,2305843009213693951,prss_local,local,total,fold_before,0,2,89,none,none,0,89,0,89,801,801,online_verify_reconstruction_units,198,4.045454545454546,3
9,4,PRIME_MERSENNE_61,2305843009213693951,prss_local_seed_dpss,local,per_party,fold_before,0,2,89,dpss,one,1,89,246,335,3015,335,online_verify_reconstruction_units,22,15.227272727272727,3
9,4,PRIME_MERSENNE_61,2305843009213693951,prss_local_seed_dpss,local,total,fold_before,0,2,89,dpss,one,1,89,246,335,3015,3015,online_verify_reconstruction_units,198,15.227272727272727,3
9,4,PRIME_MERSENNE_61,2305843009213693951,prss_local_seed_naive,local,per_party,fold_before,0,2,89,naive,one,1,89,24,113,1017,113,online_verify_reconstruction_units,22,5.136363636363637,3
9,4,PRIME_MERSENNE_61,2305843009213693951,prss_local_seed_naive,local,total,fold_before,0,2,89,naive,one,1,89,24,113,1017,1017,online_verify_reconstruction_units,198,5.136363636363637,3
9,4,PRIME_MERSENNE_61,2305843009213693951,prss_local_seed_dpss,local,per_party,fold_before,0,2,89,dpss,M,9,89,270,359,3231,359,online_verify_reconstruction_units,22,16.318181818181817,3
9,4,PRIME_MERSENNE_61,2305843009213693951,prss_local_seed_dpss,local,total,fold_before,0,2,89,dpss,M,9,89,270,359,3231,3231,online_verify_reconstruction_units,198,16.318181818181817,3
9,4,PRIME_MERSENNE_61,2305843009213693951,prss_local_seed_naive,local,per_party,fold_before,0,2,89,naive,M,9,89,216,305,2745,305,online_verify_reconstruction_units,22,13.863636363636363,3
9,4,PRIME_MERSENNE_61,2305843009213693951,prss_local_seed_naive,local,total,fold_before,0,2,89,naive,M,9,89,216,305,2745,2745,online_verify_reconstruction_units,198,13.863636363636363,3
9,4,PRIME_MERSENNE_61,2305843009213693951,prss_local_seed_dpss,local,per_party,fold_before,0,2,89,dpss,M_squared,81,89,486,575,5175,575,online_verify_reconstruction_units,22,26.136363636363637,3
9,4,PRIME_MERSENNE_61,2305843009213693951,prss_local_seed_dpss,local,total,fold_before,0,2,89,dpss,M_squared,81,89,486,575,5175,5175,online_verify_reconstruction_units,198,26.136363636363637,3
9,4,PRIME_MERSENNE_61,2305843009213693951,prss_local_seed_naive,local,per_party,fold_before,0,2,89,naive,M_squared,81,89,1944,2033,18297,2033,online_verify_reconstruction_units,22,92.4090909090909,3
9,4,PRIME_MERSENNE_61,2305843009213693951,prss_local_seed_naive,local,total,fold_before,0,2,89,naive,M_squared,81,89,1944,2033,18297,18297,online_verify_reconstruction_units,198,92.4090909090909,3
9,4,PRIME_MERSENNE_61,2305843009213693951,prss_commit,commit,per_party,fold_before,0,2,89,none,none,0,113,0,113,1017,113,online_verify_reconstruction_units,22,5.136363636363637,3
9,4,PRIME_MERSENNE_61,2305843009213693951,prss_commit,commit,total,fold_before,0,2,89,none,none,0,113,0,113,1017,1017,online_verify_reconstruction_units,198,5.136363636363637,3
9,4,PRIME_MERSENNE_61,2305843009213693951,prss_commit_seed_dpss,commit,per_party,fold_before,0,2,89,dpss,one,1,113,246,359,3231,359,online_verify_reconstruction_units,22,16.318181818181817,3
9,4,PRIME_MERSENNE_61,2305843009213693951,prss_commit_seed_dpss,commit,total,fold_before,0,2,89,dpss,one,1,113,246,359,3231,3231,online_verify_reconstruction_units,198,16.318181818181817,3
9,4,PRIME_MERSENNE_61,2305843009213693951,prss_commit_seed_naive,commit,per_party,fold_before,0,2,89,naive,one,1,113,24,137,1233,137,online_verify_reconstruction_units,22,6.2272727272727275,3
9,4,PRIME_MERSENNE_61,2305843009213693951,prss_commit_seed_naive,commit,total,fold_before,0,2,89,naive,one,1,113,24,137,1233,1233,online_verify_reconstruction_units,198,6.2272727272727275,3
9,4,PRIME_MERSENNE_61,2305843009213693951,prss_commit_seed_dpss,commit,per_party,fold_before,0,2,89,dpss,M,9,113,270,383,3447,383,online_verify_reconstruction_units,22,17.40909090909091,3
9,4,PRIME_MERSENNE_61,2305843009213693951,prss_commit_seed_dpss,commit,total,fold_before,0,2,89,dpss,M,9,113,270,383,3447,3447,online_verify_reconstruction_units,198,17.40909090909091,3
9,4,PRIME_MERSENNE_61,2305843009213693951,prss_commit_seed_naive,commit,per_party,fold_before,0,2,89,naive,M,9,113,216,329,2961,329,online_verify_reconstruction_units,22,14.954545454545455,3
9,4,PRIME_MERSENNE_61,2305843009213693951,prss_commit_seed_naive,commit,total,fold_before,0,2,89,naive,M,9,113,216,329,2961,2961,online_verify_reconstruction_units,198,14.954545454545455,3
9,4,PRIME_MERSENNE_61,2305843009213693951,prss_commit_seed_dpss,commit,per_party,fold_before,0,2,89,dpss,M_squared,81,113,486,599,5391,599,online_verify_reconstruction_units,22,27.227272727272727,3
9,4,PRIME_MERSENNE_61,2305843009213693951,prss_commit_seed_dpss,commit,total,fold_before,0,2,89,dpss,M_squared,81,113,486,599,5391,5391,online_verify_reconstruction_units,198,27.227272727272727,3
9,4,PRIME_MERSENNE_61,2305843009213693951,prss_commit_seed_naive,commit,per_party,fold_before,0,2,89,naive,M_squared,81,113,1944,2057,18513,2057,online_verify_reconstruction_units,22,93.5,3
9,4,PRIME_MERSENNE_61,2305843009213693951,prss_commit_seed_naive,commit,total,fold_before,0,2,89,naive,M_squared,81,113,1944,2057,18513,18513,online_verify_reconstruction_units,198,93.5,3
9,4,PRIME_MERSENNE_61,2305843009213693951,prss_dispute,dispute,per_party,fold_before,0,2,89,none,none,0,185,0,185,1665,185,online_verify_reconstruction_units,22,8.409090909090908,3
9,4,PRIME_MERSENNE_61,2305843009213693951,prss_dispute,dispute,total,fold_before,0,2,89,none,none,0,185,0,185,1665,1665,online_verify_reconstruction_units,198,8.409090909090908,3
9,4,PRIME_MERSENNE_61,2305843009213693951,prss_dispute_seed_dpss,dispute,per_party,fold_before,0,2,89,dpss,one,1,185,246,431,3879,431,online_verify_reconstruction_units,22,19.59090909090909,3
9,4,PRIME_MERSENNE_61,2305843009213693951,prss_dispute_seed_dpss,dispute,total,fold_before,0,2,89,dpss,one,1,185,246,431,3879,3879,online_verify_reconstruction_units,198,19.59090909090909,3
9,4,PRIME_MERSENNE_61,2305843009213693951,prss_dispute_seed_naive,dispute,per_party,fold_before,0,2,89,naive,one,1,185,24,209,1881,209,online_verify_reconstruction_units,22,9.5,3
9,4,PRIME_MERSENNE_61,2305843009213693951,prss_dispute_seed_naive,dispute,total,fold_before,0,2,89,naive,one,1,185,24,209,1881,1881,online_verify_reconstruction_units,198,9.5,3
9,4,PRIME_MERSENNE_61,2305843009213693951,prss_dispute_seed_dpss,dispute,per_party,fold_before,0,2,89,dpss,M,9,185,270,455,4095,455,online_verify_reconstruction_units,22,20.681818181818183,3
9,4,PRIME_MERSENNE_61,2305843009213693951,prss_dispute_seed_dpss,dispute,total,fold_before,0,2,89,dpss,M,9,185,270,455,4095,4095,online_verify_reconstruction_units,198,20.681818181818183,3
9,4,PRIME_MERSENNE_61,2305843009213693951,prss_dispute_seed_naive,dispute,per_party,fold_before,0,2,89,naive,M,9,185,216,401,3609,401,online_verify_reconstruction_units,22,18.227272727272727,3
9,4,PRIME_MERSENNE_61,2305843009213693951,prss_dispute_seed_naive,dispute,total,fold_before,0,2,89,naive,M,9,185,216,401,3609,3609,online_verify_reconstruction_units,198,18.227272727272727,3
9,4,PRIME_MERSENNE_61,2305843009213693951,prss_dispute_seed_dpss,dispute,per_party,fold_before,0,2,89,dpss,M_squared,81,185,486,671,6039,671,online_verify_reconstruction_units,22,30.5,3
9,4,PRIME_MERSENNE_61,2305843009213693951,prss_dispute_seed_dpss,dispute,total,fold_before,0,2,89,dpss,M_squared,81,185,486,671,6039,6039,online_verify_reconstruction_units,198,30.5,3
9,4,PRIME_MERSENNE_61,2305843009213693951,prss_dispute_seed_naive,dispute,per_party,fold_before,0,2,89,naive,M_squared,81,185,1944,2129,19161,2129,online_verify_reconstruction_units,22,96.77272727272727,3
9,4,PRIME_MERSENNE_61,2305843009213693951,prss_dispute_seed_naive,dispute,total,fold_before,0,2,89,naive,M_squared,81,185,1944,2129,19161,19161,online_verify_reconstruction_units,198,96.77272727272727,3
15,4,PRIME_MERSENNE_61,2305843009213693951,naive,n/a,per_party,fold_after,1,3,52,none,none,0,728,0,728,10920,728,online_verify_reconstruction_units,22,33.09090909090909,3
15,4,PRIME_MERSENNE_61,2305843009213693951,naive,n/a,total,fold_after,1,3,52,none,none,0,728,0,728,10920,10920,online_verify_reconstruction_units,330,33.09090909090909,3
15,4,PRIME_MERSENNE_61,2305843009213693951,dpss_model,n/a,per_party,fold_after,1,3,52,none,none,0,727,0,727,10905,727,online_verify_reconstruction_units,22,33.04545454545455,3
15,4,PRIME_MERSENNE_61,2305843009213693951,dpss_model,n/a,total,fold_after,1,3,52,none,none,0,727,0,727,10905,10905,online_verify_reconstruction_units,330,33.04545454545455,3
15,4,PRIME_MERSENNE_61,2305843009213693951,full_mask,n/a,per_party,fold_after,1,3,45,none,none,0,630,0,630,9450,630,online_verify_reconstruction_units,22,28.636363636363637,3
15,4,PRIME_MERSENNE_61,2305843009213693951,full_mask,n/a,total,fold_after,1,3,45,none,none,0,630,0,630,9450,9450,online_verify_reconstruction_units,330,28.636363636363637,3
15,4,PRIME_MERSENNE_61,2305843009213693951,kernel_mask,n/a,per_party,fold_after,1,3,24,none,none,0,336,0,336,5040,336,online_verify_reconstruction_units,22,15.272727272727273,3
15,4,PRIME_MERSENNE_61,2305843009213693951,kernel_mask,n/a,total,fold_after,1,3,24,none,none,0,336,0,336,5040,5040,online_verify_reconstruction_units,330,15.272727272727273,3
15,4,PRIME_MERSENNE_61,2305843009213693951,prss_local,local,per_party,fold_after,1,3,52,none,none,0,52,0,52,780,52,online_verify_reconstruction_units,22,2.3636363636363638,3
15,4,PRIME_MERSENNE_61,2305843009213693951,prss_local,local,total,fold_after,1,3,52,none,none,0,52,0,52,780,780,online_verify_reconstruction_units,330,2.3636363636363638,3
15,4,PRIME_MERSENNE_61,2305843009213693951,prss_local_seed_dpss,local,per_party,fold_after,1,3,52,dpss,one,1,52,678,730,10950,730,online_verify_reconstruction_units,22,33.18181818181818,3
15,4,PRIME_MERSENNE_61,2305843009213693951,prss_local_seed_dpss,local,total,fold_after,1,3,52,dpss,one,1,52,678,730,10950,10950,online_verify_reconstruction_units,330,33.18181818181818,3
15,4,PRIME_MERSENNE_61,2305843009213693951,prss_local_seed_naive,local,per_party,fold_after,1,3,52,naive,one,1,52,42,94,1410,94,online_verify_reconstruction_units,22,4.2727272727272725,3
15,4,PRIME_MERSENNE_61,2305843009213693951,prss_local_seed_naive,local,total,fold_after,1,3,52,naive,one,1,52,42,94,1410,1410,online_verify_reconstruction_units,330,4.2727272727272725,3
15,4,PRIME_MERSENNE_61,2305843009213693951,prss_local_seed_dpss,local,per_party,fold_after,1,3,52,dpss,M,15,52,720,772,11580,772,online_verify_reconstruction_units,22,35.09090909090909,3
15,4,PRIME_MERSENNE_61,2305843009213693951,prss_local_seed_dpss,local,total,fold_after,1,3,52,dpss,M,15,52,720,772,11580,11580,online_verify_reconstruction_units,330,35.09090909090909,3
15,4,PRIME_MERSENNE_61,2305843009213693951,prss_local_seed_naive,local,per_party,fold_after,1,3,52,naive,M,15,52,630,682,10230,682,online_verify_reconstruction_units,22,31.0,3
15,4,PRIME_MERSENNE_61,2305843009213693951,prss_local_seed_naive,local,total,fold_after,1,3,52,naive,M,15,52,630,682,10230,10230,online_verify_reconstruction_units,330,31.0,3
15,4,PRIME_MERSENNE_61,2305843009213693951,prss_local_seed_dpss,local,per_party,fold_after,1,3,52,dpss,M_squared,225,52,1350,1402,21030,1402,online_verify_reconstruction_units,22,63.72727272727273,3
15,4,PRIME_MERSENNE_61,2305843009213693951,prss_local_seed_dpss,local,total,fold_after,1,3,52,dpss,M_squared,225,52,1350,1402,21030,21030,online_verify_reconstruction_units,330,63.72727272727273,3
15,4,PRIME_MERSENNE_61,2305843009213693951,prss_local_seed_naive,local,per_party,fold_after,1,3,52,naive,M_squared,225,52,9450,9502,142530,9502,online_verify_reconstruction_units,22,431.90909090909093,3
15,4,PRIME_MERSENNE_61,2305843009213693951,prss_local_seed_naive,local,total,fold_after,1,3,52,naive,M_squared,225,52,9450,9502,142530,142530,online_verify_reconstruction_units,330,431.90909090909093,3
15,4,PRIME_MERSENNE_61,2305843009213693951,prss_commit,commit,per_party,fold_after,1,3,52,none,none,0,94,0,94,1410,94,online_verify_reconstruction_units,22,4.2727272727272725,3
15,4,PRIME_MERSENNE_61,2305843009213693951,prss_commit,commit,total,fold_after,1,3,52,none,none,0,94,0,94,1410,1410,online_verify_reconstruction_units,330,4.2727272727272725,3
15,4,PRIME_MERSENNE_61,2305843009213693951,prss_commit_seed_dpss,commit,per_party,fold_after,1,3,52,dpss,one,1,94,678,772,11580,772,online_verify_reconstruction_units,22,35.09090909090909,3
15,4,PRIME_MERSENNE_61,2305843009213693951,prss_commit_seed_dpss,commit,total,fold_after,1,3,52,dpss,one,1,94,678,772,11580,11580,online_verify_reconstruction_units,330,35.09090909090909,3
15,4,PRIME_MERSENNE_61,2305843009213693951,prss_commit_seed_naive,commit,per_party,fold_after,1,3,52,naive,one,1,94,42,136,2040,136,online_verify_reconstruction_units,22,6.181818181818182,3
15,4,PRIME_MERSENNE_61,2305843009213693951,prss_commit_seed_naive,commit,total,fold_after,1,3,52,naive,one,1,94,42,136,2040,2040,online_verify_reconstruction_units,330,6.181818181818182,3
15,4,PRIME_MERSENNE_61,2305843009213693951,prss_commit_seed_dpss,commit,per_party,fold_after,1,3,52,dpss,M,15,94,720,814,12210,814,online_verify_reconstruction_units,22,37.0,3
15,4,PRIME_MERSENNE_61,2305843009213693951,prss_commit_seed_dpss,commit,total,fold_after,1,3,52,dpss,M,15,94,720,814,12210,12210,online_verify_reconstruction_units,330,37.0,3
15,4,PRIME_MERSENNE_61,2305843009213693951,prss_commit_seed_naive,commit,per_party,fold_after,1,3,52,naive,M,15,94,630,724,10860,724,online_verify_reconstruction_units,22,32.90909090909091,3
15,4,PRIME_MERSENNE_61,2305843009213693951,prss_commit_seed_naive,commit,total,fold_after,1,3,52,naive,M,15,94,630,724,10860,10860,online_verify_reconstruction_units,330,32.90909090909091,3
15,4,PRIME_MERSENNE_61,2305843009213693951,prss_commit_seed_dpss,commit,per_party,fold_after,1,3,52,dpss,M_squared,225,94,1350,1444,21660,1444,online_verify_reconstruction_units,22,65.63636363636364,3
15,4,PRIME_MERSENNE_61,2305843009213693951,prss_commit_seed_dpss,commit,total,fold_after,1,3,52,dpss,M_squared,225,94,1350,1444,21660,21660,online_verify_reconstruction_units,330,65.63636363636364,3
15,4,PRIME_MERSENNE_61,2305843009213693951,prss_commit_seed_naive,commit,per_party,fold_after,1,3,52,naive,M_squared,225,94,9450,9544,143160,9544,online_verify_reconstruction_units,22,433.8181818181818,3
15,4,PRIME_MERSENNE_61,2305843009213693951,prss_commit_seed_naive,commit,total,fold_after,1,3,52,naive,M_squared,225,94,9450,9544,143160,143160,online_verify_reconstruction_units,330,433.8181818181818,3
15,4,PRIME_MERSENNE_61,2305843009213693951,prss_dispute,dispute,per_party,fold_after,1,3,52,none,none,0,220,0,220,3300,220,online_verify_reconstruction_units,22,10.0,3
15,4,PRIME_MERSENNE_61,2305843009213693951,prss_dispute,dispute,total,fold_after,1,3,52,none,none,0,220,0,220,3300,3300,online_verify_reconstruction_units,330,10.0,3
15,4,PRIME_MERSENNE_61,2305843009213693951,prss_dispute_seed_dpss,dispute,per_party,fold_after,1,3,52,dpss,one,1,220,678,898,13470,898,online_verify_reconstruction_units,22,40.81818181818182,3
15,4,PRIME_MERSENNE_61,2305843009213693951,prss_dispute_seed_dpss,dispute,total,fold_after,1,3,52,dpss,one,1,220,678,898,13470,13470,online_verify_reconstruction_units,330,40.81818181818182,3
15,4,PRIME_MERSENNE_61,2305843009213693951,prss_dispute_seed_naive,dispute,per_party,fold_after,1,3,52,naive,one,1,220,42,262,3930,262,online_verify_reconstruction_units,22,11.909090909090908,3
15,4,PRIME_MERSENNE_61,2305843009213693951,prss_dispute_seed_naive,dispute,total,fold_after,1,3,52,naive,one,1,220,42,262,3930,3930,online_verify_reconstruction_units,330,11.909090909090908,3
15,4,PRIME_MERSENNE_61,2305843009213693951,prss_dispute_seed_dpss,dispute,per_party,fold_after,1,3,52,dpss,M,15,220,720,940,14100,940,online_verify_reconstruction_units,22,42.72727272727273,3
15,4,PRIME_MERSENNE_61,2305843009213693951,prss_dispute_seed_dpss,dispute,total,fold_after,1,3,52,dpss,M,15,220,720,940,14100,14100,online_verify_reconstruction_units,330,42.72727272727273,3
15,4,PRIME_MERSENNE_61,2305843009213693951,prss_dispute_seed_naive,dispute,per_party,fold_after,1,3,52,naive,M,15,220,630,850,12750,850,online_verify_reconstruction_units,22,38.63636363636363,3
15,4,PRIME_MERSENNE_61,2305843009213693951,prss_dispute_seed_naive,dispute,total,fold_after,1,3,52,naive,M,15,220,630,850,12750,12750,online_verify_reconstruction_units,330,38.63636363636363,3
15,4,PRIME_MERSENNE_61,2305843009213693951,prss_dispute_seed_dpss,dispute,per_party,fold_after,1,3,52,dpss,M_squared,225,220,1350,1570,23550,1570,online_verify_reconstruction_units,22,71.36363636363636,3
15,4,PRIME_MERSENNE_61,2305843009213693951,prss_dispute_seed_dpss,dispute,total,fold_after,1,3,52,dpss,M_squared,225,220,1350,1570,23550,23550,online_verify_reconstruction_units,330,71.36363636363636,3
15,4,PRIME_MERSENNE_61,2305843009213693951,prss_dispute_seed_naive,dispute,per_party,fold_after,1,3,52,naive,M_squared,225,220,9450,9670,145050,9670,online_verify_reconstruction_units,22,439.54545454545456,3
15,4,PRIME_MERSENNE_61,2305843009213693951,prss_dispute_seed_naive,dispute,total,fold_after,1,3,52,naive,M_squared,225,220,9450,9670,145050,145050,online_verify_reconstruction_units,330,439.54545454545456,3
15,4,PRIME_MERSENNE_61,2305843009213693951,naive,n/a,per_party,fold_before,0,2,89,none,none,0,1246,0,1246,18690,1246,online_verify_reconstruction_units,22,56.63636363636363,3
15,4,PRIME_MERSENNE_61,2305843009213693951,naive,n/a,total,fold_before,0,2,89,none,none,0,1246,0,1246,18690,18690,online_verify_reconstruction_units,330,56.63636363636363,3
15,4,PRIME_MERSENNE_61,2305843009213693951,dpss_model,n/a,per_party,fold_before,0,2,89,none,none,0,764,0,764,11460,764,online_verify_reconstruction_units,22,34.72727272727273,3
15,4,PRIME_MERSENNE_61,2305843009213693951,dpss_model,n/a,total,fold_before,0,2,89,none,none,0,764,0,764,11460,11460,online_verify_reconstruction_units,330,34.72727272727273,3
15,4,PRIME_MERSENNE_61,2305843009213693951,full_mask,n/a,per_party,fold_before,0,2,45,none,none,0,630,0,630,9450,630,online_verify_reconstruction_units,22,28.636363636363637,3
15,4,PRIME_MERSENNE_61,2305843009213693951,full_mask,n/a,total,fold_before,0,2,45,none,none,0,630,0,630,9450,9450,online_verify_reconstruction_units,330,28.636363636363637,3
15,4,PRIME_MERSENNE_61,2305843009213693951,kernel_mask,n/a,per_party,fold_before,0,2,33,none,none,0,462,0,462,6930,462,online_verify_reconstruction_units,22,21.0,3
15,4,PRIME_MERSENNE_61,2305843009213693951,kernel_mask,n/a,total,fold_before,0,2,33,none,none,0,462,0,462,6930,6930,online_verify_reconstruction_units,330,21.0,3
15,4,PRIME_MERSENNE_61,2305843009213693951,prss_local,local,per_party,fold_before,0,2,89,none,none,0,89,0,89,1335,89,online_verify_reconstruction_units,22,4.045454545454546,3
15,4,PRIME_MERSENNE_61,2305843009213693951,prss_local,local,total,fold_before,0,2,89,none,none,0,89,0,89,1335,1335,online_verify_reconstruction_units,330,4.045454545454546,3
15,4,PRIME_MERSENNE_61,2305843009213693951,prss_local_seed_dpss,local,per_party,fold_before,0,2,89,dpss,one,1,89,678,767,11505,767,online_verify_reconstruction_units,22,34.86363636363637,3
15,4,PRIME_MERSENNE_61,2305843009213693951,prss_local_seed_dpss,local,total,fold_before,0,2,89,dpss,one,1,89,678,767,11505,11505,online_verify_reconstruction_units,330,34.86363636363637,3
15,4,PRIME_MERSENNE_61,2305843009213693951,prss_local_seed_naive,local,per_party,fold_before,0,2,89,naive,one,1,89,42,131,1965,131,online_verify_reconstruction_units,22,5.954545454545454,3
15,4,PRIME_MERSENNE_61,2305843009213693951,prss_local_seed_naive,local,total,fold_before,0,2,89,naive,one,1,89,42,131,1965,1965,online_verify_reconstruction_units,330,5.954545454545454,3
15,4,PRIME_MERSENNE_61,2305843009213693951,prss_local_seed_dpss,local,per_party,fold_before,0,2,89,dpss,M,15,89,720,809,12135,809,online_verify_reconstruction_units,22,36.77272727272727,3
15,4,PRIME_MERSENNE_61,2305843009213693951,prss_local_seed_dpss,local,total,fold_before,0,2,89,dpss,M,15,89,720,809,12135,12135,online_verify_reconstruction_units,330,36.77272727272727,3
15,4,PRIME_MERSENNE_61,2305843009213693951,prss_local_seed_naive,local,per_party,fold_before,0,2,89,naive,M,15,89,630,719,10785,719,online_verify_reconstruction_units,22,32.68181818181818,3
15,4,PRIME_MERSENNE_61,2305843009213693951,prss_local_seed_naive,local,total,fold_before,0,2,89,naive,M,15,89,630,719,10785,10785,online_verify_reconstruction_units,330,32.68181818181818,3
15,4,PRIME_MERSENNE_61,2305843009213693951,prss_local_seed_dpss,local,per_party,fold_before,0,2,89,dpss,M_squared,225,89,1350,1439,21585,1439,online_verify_reconstruction_units,22,65.4090909090909,3
15,4,PRIME_MERSENNE_61,2305843009213693951,prss_local_seed_dpss,local,total,fold_before,0,2,89,dpss,M_squared,225,89,1350,1439,21585,21585,online_verify_reconstruction_units,330,65.4090909090909,3
15,4,PRIME_MERSENNE_61,2305843009213693951,prss_local_seed_naive,local,per_party,fold_before,0,2,89,naive,M_squared,225,89,9450,9539,143085,9539,online_verify_reconstruction_units,22,433.59090909090907,3
15,4,PRIME_MERSENNE_61,2305843009213693951,prss_local_seed_naive,local,total,fold_before,0,2,89,naive,M_squared,225,89,9450,9539,143085,143085,online_verify_reconstruction_units,330,433.59090909090907,3
15,4,PRIME_MERSENNE_61,2305843009213693951,prss_commit,commit,per_party,fold_before,0,2,89,none,none,0,131,0,131,1965,131,online_verify_reconstruction_units,22,5.954545454545454,3
15,4,PRIME_MERSENNE_61,2305843009213693951,prss_commit,commit,total,fold_before,0,2,89,none,none,0,131,0,131,1965,1965,online_verify_reconstruction_units,330,5.954545454545454,3
15,4,PRIME_MERSENNE_61,2305843009213693951,prss_commit_seed_dpss,commit,per_party,fold_before,0,2,89,dpss,one,1,131,678,809,12135,809,online_verify_reconstruction_units,22,36.77272727272727,3
15,4,PRIME_MERSENNE_61,2305843009213693951,prss_commit_seed_dpss,commit,total,fold_before,0,2,89,dpss,one,1,131,678,809,12135,12135,online_verify_reconstruction_units,330,36.77272727272727,3
15,4,PRIME_MERSENNE_61,2305843009213693951,prss_commit_seed_naive,commit,per_party,fold_before,0,2,89,naive,one,1,131,42,173,2595,173,online_verify_reconstruction_units,22,7.863636363636363,3
15,4,PRIME_MERSENNE_61,2305843009213693951,prss_commit_seed_naive,commit,total,fold_before,0,2,89,naive,one,1,131,42,173,2595,2595,online_verify_reconstruction_units,330,7.863636363636363,3
15,4,PRIME_MERSENNE_61,2305843009213693951,prss_commit_seed_dpss,commit,per_party,fold_before,0,2,89,dpss,M,15,131,720,851,12765,851,online_verify_reconstruction_units,22,38.68181818181818,3
15,4,PRIME_MERSENNE_61,2305843009213693951,prss_commit_seed_dpss,commit,total,fold_before,0,2,89,dpss,M,15,131,720,851,12765,12765,online_verify_reconstruction_units,330,38.68181818181818,3
15,4,PRIME_MERSENNE_61,2305843009213693951,prss_commit_seed_naive,commit,per_party,fold_before,0,2,89,naive,M,15,131,630,761,11415,761,online_verify_reconstruction_units,22,34.59090909090909,3
15,4,PRIME_MERSENNE_61,2305843009213693951,prss_commit_seed_naive,commit,total,fold_before,0,2,89,naive,M,15,131,630,761,11415,11415,online_verify_reconstruction_units,330,34.59090909090909,3
15,4,PRIME_MERSENNE_61,2305843009213693951,prss_commit_seed_dpss,commit,per_party,fold_before,0,2,89,dpss,M_squared,225,131,1350,1481,22215,1481,online_verify_reconstruction_units,22,67.31818181818181,3
15,4,PRIME_MERSENNE_61,2305843009213693951,prss_commit_seed_dpss,commit,total,fold_before,0,2,89,dpss,M_squared,225,131,1350,1481,22215,22215,online_verify_reconstruction_units,330,67.31818181818181,3
15,4,PRIME_MERSENNE_61,2305843009213693951,prss_commit_seed_naive,commit,per_party,fold_before,0,2,89,naive,M_squared,225,131,9450,9581,143715,9581,online_verify_reconstruction_units,22,435.5,3
15,4,PRIME_MERSENNE_61,2305843009213693951,prss_commit_seed_naive,commit,total,fold_before,0,2,89,naive,M_squared,225,131,9450,9581,143715,143715,online_verify_reconstruction_units,330,435.5,3
15,4,PRIME_MERSENNE_61,2305843009213693951,prss_dispute,dispute,per_party,fold_before,0,2,89,none,none,0,257,0,257,3855,257,online_verify_reconstruction_units,22,11.681818181818182,3
15,4,PRIME_MERSENNE_61,2305843009213693951,prss_dispute,dispute,total,fold_before,0,2,89,none,none,0,257,0,257,3855,3855,online_verify_reconstruction_units,330,11.681818181818182,3
15,4,PRIME_MERSENNE_61,2305843009213693951,prss_dispute_seed_dpss,dispute,per_party,fold_before,0,2,89,dpss,one,1,257,678,935,14025,935,online_verify_reconstruction_units,22,42.5,3
15,4,PRIME_MERSENNE_61,2305843009213693951,prss_dispute_seed_dpss,dispute,total,fold_before,0,2,89,dpss,one,1,257,678,935,14025,14025,online_verify_reconstruction_units,330,42.5,3
15,4,PRIME_MERSENNE_61,2305843009213693951,prss_dispute_seed_naive,dispute,per_party,fold_before,0,2,89,naive,one,1,257,42,299,4485,299,online_verify_reconstruction_units,22,13.590909090909092,3
15,4,PRIME_MERSENNE_61,2305843009213693951,prss_dispute_seed_naive,dispute,total,fold_before,0,2,89,naive,one,1,257,42,299,4485,4485,online_verify_reconstruction_units,330,13.590909090909092,3
15,4,PRIME_MERSENNE_61,2305843009213693951,prss_dispute_seed_dpss,dispute,per_party,fold_before,0,2,89,dpss,M,15,257,720,977,14655,977,online_verify_reconstruction_units,22,44.40909090909091,3
15,4,PRIME_MERSENNE_61,2305843009213693951,prss_dispute_seed_dpss,dispute,total,fold_before,0,2,89,dpss,M,15,257,720,977,14655,14655,online_verify_reconstruction_units,330,44.40909090909091,3
15,4,PRIME_MERSENNE_61,2305843009213693951,prss_dispute_seed_naive,dispute,per_party,fold_before,0,2,89,naive,M,15,257,630,887,13305,887,online_verify_reconstruction_units,22,40.31818181818182,3
15,4,PRIME_MERSENNE_61,2305843009213693951,prss_dispute_seed_naive,dispute,total,fold_before,0,2,89,naive,M,15,257,630,887,13305,13305,online_verify_reconstruction_units,330,40.31818181818182,3
15,4,PRIME_MERSENNE_61,2305843009213693951,prss_dispute_seed_dpss,dispute,per_party,fold_before,0,2,89,dpss,M_squared,225,257,1350,1607,24105,1607,online_verify_reconstruction_units,22,73.04545454545455,3
15,4,PRIME_MERSENNE_61,2305843009213693951,prss_dispute_seed_dpss,dispute,total,fold_before,0,2,89,dpss,M_squared,225,257,1350,1607,24105,24105,online_verify_reconstruction_units,330,73.04545454545455,3
15,4,PRIME_MERSENNE_61,2305843009213693951,prss_dispute_seed_naive,dispute,per_party,fold_before,0,2,89,naive,M_squared,225,257,9450,9707,145605,9707,online_verify_reconstruction_units,22,441.22727272727275,3
15,4,PRIME_MERSENNE_61,2305843009213693951,prss_dispute_seed_naive,dispute,total,fold_before,0,2,89,naive,M_squared,225,257,9450,9707,145605,145605,online_verify_reconstruction_units,330,441.22727272727275,3
31,4,PRIME_MERSENNE_61,2305843009213693951,naive,n/a,per_party,fold_after,1,3,52,none,none,0,1560,0,1560,48360,1560,online_verify_reconstruction_units,22,70.9090909090909,3
31,4,PRIME_MERSENNE_61,2305843009213693951,naive,n/a,total,fold_after,1,3,52,none,none,0,1560,0,1560,48360,48360,online_verify_reconstruction_units,682,70.9090909090909,3
31,4,PRIME_MERSENNE_61,2305843009213693951,dpss_model,n/a,per_party,fold_after,1,3,52,none,none,0,2935,0,2935,90985,2935,online_verify_reconstruction_units,22,133.4090909090909,3
31,4,PRIME_MERSENNE_61,2305843009213693951,dpss_model,n/a,total,fold_after,1,3,52,none,none,0,2935,0,2935,90985,90985,online_verify_reconstruction_units,682,133.4090909090909,3
31,4,PRIME_MERSENNE_61,2305843009213693951,full_mask,n/a,per_party,fold_after,1,3,45,none,none,0,1350,0,1350,41850,1350,online_verify_reconstruction_units,22,61.36363636363637,3
31,4,PRIME_MERSENNE_61,2305843009213693951,full_mask,n/a,total,fold_after,1,3,45,none,none,0,1350,0,1350,41850,41850,online_verify_reconstruction_units,682,61.36363636363637,3
31,4,PRIME_MERSENNE_61,2305843009213693951,kernel_mask,n/a,per_party,fold_after,1,3,24,none,none,0,720,0,720,22320,720,online_verify_reconstruction_units,22,32.72727272727273,3
31,4,PRIME_MERSENNE_61,2305843009213693951,kernel_mask,n/a,total,fold_after,1,3,24,none,none,0,720,0,720,22320,22320,online_verify_reconstruction_units,682,32.72727272727273,3
31,4,PRIME_MERSENNE_61,2305843009213693951,prss_local,local,per_party,fold_after,1,3,52,none,none,0,52,0,52,1612,52,online_verify_reconstruction_units,22,2.3636363636363638,3
31,4,PRIME_MERSENNE_61,2305843009213693951,prss_local,local,total,fold_after,1,3,52,none,none,0,52,0,52,1612,1612,online_verify_reconstruction_units,682,2.3636363636363638,3
31,4,PRIME_MERSENNE_61,2305843009213693951,prss_local_seed_dpss,local,per_party,fold_after,1,3,52,dpss,one,1,52,2886,2938,91078,2938,online_verify_reconstruction_units,22,133.54545454545453,3
31,4,PRIME_MERSENNE_61,2305843009213693951,prss_local_seed_dpss,local,total,fold_after,1,3,52,dpss,one,1,52,2886,2938,91078,91078,online_verify_reconstruction_units,682,133.54545454545453,3
31,4,PRIME_MERSENNE_61,2305843009213693951,prss_local_seed_naive,local,per_party,fold_after,1,3,52,naive,one,1,52,90,142,4402,142,online_verify_reconstruction_units,22,6.454545454545454,3
31,4,PRIME_MERSENNE_61,2305843009213693951,prss_local_seed_naive,local,total,fold_after,1,3,52,naive,one,1,52,90,142,4402,4402,online_verify_reconstruction_units,682,6.454545454545454,3
31,4,PRIME_MERSENNE_61,2305843009213693951,prss_local_seed_dpss,local,per_party,fold_after,1,3,52,dpss,M,31,52,2976,3028,93868,3028,online_verify_reconstruction_units,22,137.63636363636363,3
31,4,PRIME_MERSENNE_61,2305843009213693951,prss_local_seed_dpss,local,total,fold_after,1,3,52,dpss,M,31,52,2976,3028,93868,93868,online_verify_reconstruction_units,682,137.63636363636363,3
31,4,PRIME_MERSENNE_61,2305843009213693951,prss_local_seed_naive,local,per_party,fold_after,1,3,52,naive,M,31,52,2790,2842,88102,2842,online_verify_reconstruction_units,22,129.1818181818182,3
31,4,PRIME_MERSENNE_61,2305843009213693951,prss_local_seed_naive,local,total,fold_after,1,3,52,naive,M,31,52,2790,2842,88102,88102,online_verify_reconstruction_units,682,129.1818181818182,3
31,4,PRIME_MERSENNE_61,2305843009213693951,prss_local_seed_dpss,local,per_party,fold_after,1,3,52,dpss,M_squared,961,52,5766,5818,180358,5818,online_verify_reconstruction_units,22,264.45454545454544,3
31,4,PRIME_MERSENNE_61,2305843009213693951,prss_local_seed_dpss,local,total,fold_after,1,3,52,dpss,M_squared,961,52,5766,5818,180358,180358,online_verify_reconstruction_units,682,264.45454545454544,3
31,4,PRIME_MERSENNE_61,2305843009213693951,prss_local_seed_naive,local,per_party,fold_after,1,3,52,naive,M_squared,961,52,86490,86542,2682802,86542,online_verify_reconstruction_units,22,3933.7272727272725,3
31,4,PRIME_MERSENNE_61,2305843009213693951,prss_local_seed_naive,local,total,fold_after,1,3,52,naive,M_squared,961,52,86490,86542,2682802,2682802,online_verify_reconstruction_units,682,3933.7272727272725,3
31,4,PRIME_MERSENNE_61,2305843009213693951,prss_commit,commit,per_party,fold_after,1,3,52,none,none,0,142,0,142,4402,142,online_verify_reconstruction_units,22,6.454545454545454,3
31,4,PRIME_MERSENNE_61,2305843009213693951,prss_commit,commit,total,fold_after,1,3,52,none,none,0,142,0,142,4402,4402,online_verify_reconstruction_units,682,6.454545454545454,3
31,4,PRIME_MERSENNE_61,2305843009213693951,prss_commit_seed_dpss,commit,per_party,fold_after,1,3,52,dpss,one,1,142,2886,3028,93868,3028,online_verify_reconstruction_units,22,137.63636363636363,3
31,4,PRIME_MERSENNE_61,2305843009213693951,prss_commit_seed_dpss,commit,total,fold_after,1,3,52,dpss,one,1,142,2886,3028,93868,93868,online_verify_reconstruction_units,682,137.63636363636363,3
31,4,PRIME_MERSENNE_61,2305843009213693951,prss_commit_seed_naive,commit,per_party,fold_after,1,3,52,naive,one,1,142,90,232,7192,232,online_verify_reconstruction_units,22,10.545454545454545,3
31,4,PRIME_MERSENNE_61,2305843009213693951,prss_commit_seed_naive,commit,total,fold_after,1,3,52,naive,one,1,142,90,232,7192,7192,online_verify_reconstruction_units,682,10.545454545454545,3
31,4,PRIME_MERSENNE_61,2305843009213693951,prss_commit_seed_dpss,commit,per_party,fold_after,1,3,52,dpss,M,31,142,2976,3118,96658,3118,online_verify_reconstruction_units,22,141.72727272727272,3
31,4,PRIME_MERSENNE_61,2305843009213693951,prss_commit_seed_dpss,commit,total,fold_after,1,3,52,dpss,M,31,142,2976,3118,96658,96658,online_verify_reconstruction_units,682,141.72727272727272,3
31,4,PRIME_MERSENNE_61,2305843009213693951,prss_commit_seed_naive,commit,per_party,fold_after,1,3,52,naive,M,31,142,2790,2932,90892,2932,online_verify_reconstruction_units,22,133.27272727272728,3
31,4,PRIME_MERSENNE_61,2305843009213693951,prss_commit_seed_naive,commit,total,fold_after,1,3,52,naive,M,31,142,2790,2932,90892,90892,online_verify_reconstruction_units,682,133.27272727272728,3
31,4,PRIME_MERSENNE_61,2305843009213693951,prss_commit_seed_dpss,commit,per_party,fold_after,1,3,52,dpss,M_squared,961,142,5766,5908,183148,5908,online_verify_reconstruction_units,22,268.54545454545456,3
31,4,PRIME_MERSENNE_61,2305843009213693951,prss_commit_seed_dpss,commit,total,fold_after,1,3,52,dpss,M_squared,961,142,5766,5908,183148,183148,online_verify_reconstruction_units,682,268.54545454545456,3
31,4,PRIME_MERSENNE_61,2305843009213693951,prss_commit_seed_naive,commit,per_party,fold_after,1,3,52,naive,M_squared,961,142,86490,86632,2685592,86632,online_verify_reconstruction_units,22,3937.818181818182,3
31,4,PRIME_MERSENNE_61,2305843009213693951,prss_commit_seed_naive,commit,total,fold_after,1,3,52,naive,M_squared,961,142,86490,86632,2685592,2685592,online_verify_reconstruction_units,682,3937.818181818182,3
31,4,PRIME_MERSENNE_61,2305843009213693951,prss_dispute,dispute,per_party,fold_after,1,3,52,none,none,0,502,0,502,15562,502,online_verify_reconstruction_units,22,22.818181818181817,3
31,4,PRIME_MERSENNE_61,2305843009213693951,prss_dispute,dispute,total,fold_after,1,3,52,none,none,0,502,0,502,15562,15562,online_verify_reconstruction_units,682,22.818181818181817,3
31,4,PRIME_MERSENNE_61,2305843009213693951,prss_dispute_seed_dpss,dispute,per_party,fold_after,1,3,52,dpss,one,1,502,2886,3388,105028,3388,online_verify_reconstruction_units,22,154.0,3
31,4,PRIME_MERSENNE_61,2305843009213693951,prss_dispute_seed_dpss,dispute,total,fold_after,1,3,52,dpss,one,1,502,2886,3388,105028,105028,online_verify_reconstruction_units,682,154.0,3
31,4,PRIME_MERSENNE_61,2305843009213693951,prss_dispute_seed_naive,dispute,per_party,fold_after,1,3,52,naive,one,1,502,90,592,18352,592,online_verify_reconstruction_units,22,26.90909090909091,3
31,4,PRIME_MERSENNE_61,2305843009213693951,prss_dispute_seed_naive,dispute,total,fold_after,1,3,52,naive,one,1,502,90,592,18352,18352,online_verify_reconstruction_units,682,26.90909090909091,3
31,4,PRIME_MERSENNE_61,2305843009213693951,prss_dispute_seed_dpss,dispute,per_party,fold_after,1,3,52,dpss,M,31,502,2976,3478,107818,3478,online_verify_reconstruction_units,22,158.0909090909091,3
31,4,PRIME_MERSENNE_61,2305843009213693951,prss_dispute_seed_dpss,dispute,total,fold_after,1,3,52,dpss,M,31,502,2976,3478,107818,107818,online_verify_reconstruction_units,682,158.0909090909091,3
31,4,PRIME_MERSENNE_61,2305843009213693951,prss_dispute_seed_naive,dispute,per_party,fold_after,1,3,52,naive,M,31,502,2790,3292,102052,3292,online_verify_reconstruction_units,22,149.63636363636363,3
31,4,PRIME_MERSENNE_61,2305843009213693951,prss_dispute_seed_naive,dispute,total,fold_after,1,3,52,naive,M,31,502,2790,3292,102052,102052,online_verify_reconstruction_units,682,149.63636363636363,3
31,4,PRIME_MERSENNE_61,2305843009213693951,prss_dispute_seed_dpss,dispute,per_party,fold_after,1,3,52,dpss,M_squared,961,502,5766,6268,194308,6268,online_verify_reconstruction_units,22,284.90909090909093,3
31,4,PRIME_MERSENNE_61,2305843009213693951,prss_dispute_seed_dpss,dispute,total,fold_after,1,3,52,dpss,M_squared,961,502,5766,6268,194308,194308,online_verify_reconstruction_units,682,284.90909090909093,3
31,4,PRIME_MERSENNE_61,2305843009213693951,prss_dispute_seed_naive,dispute,per_party,fold_after,1,3,52,naive,M_squared,961,502,86490,86992,2696752,86992,online_verify_reconstruction_units,22,3954.181818181818,3
31,4,PRIME_MERSENNE_61,2305843009213693951,prss_dispute_seed_naive,dispute,total,fold_after,1,3,52,naive,M_squared,961,502,86490,86992,2696752,2696752,online_verify_reconstruction_units,682,3954.181818181818,3
31,4,PRIME_MERSENNE_61,2305843009213693951,naive,n/a,per_party,fold_before,0,2,89,none,none,0,2670,0,2670,82770,2670,online_verify_reconstruction_units,22,121.36363636363636,3
31,4,PRIME_MERSENNE_61,2305843009213693951,naive,n/a,total,fold_before,0,2,89,none,none,0,2670,0,2670,82770,82770,online_verify_reconstruction_units,682,121.36363636363636,3
31,4,PRIME_MERSENNE_61,2305843009213693951,dpss_model,n/a,per_party,fold_before,0,2,89,none,none,0,2972,0,2972,92132,2972,online_verify_reconstruction_units,22,135.0909090909091,3
31,4,PRIME_MERSENNE_61,2305843009213693951,dpss_model,n/a,total,fold_before,0,2,89,none,none,0,2972,0,2972,92132,92132,online_verify_reconstruction_units,682,135.0909090909091,3
31,4,PRIME_MERSENNE_61,2305843009213693951,full_mask,n/a,per_party,fold_before,0,2,45,none,none,0,1350,0,1350,41850,1350,online_verify_reconstruction_units,22,61.36363636363637,3
31,4,PRIME_MERSENNE_61,2305843009213693951,full_mask,n/a,total,fold_before,0,2,45,none,none,0,1350,0,1350,41850,41850,online_verify_reconstruction_units,682,61.36363636363637,3
31,4,PRIME_MERSENNE_61,2305843009213693951,kernel_mask,n/a,per_party,fold_before,0,2,33,none,none,0,990,0,990,30690,990,online_verify_reconstruction_units,22,45.0,3
31,4,PRIME_MERSENNE_61,2305843009213693951,kernel_mask,n/a,total,fold_before,0,2,33,none,none,0,990,0,990,30690,30690,online_verify_reconstruction_units,682,45.0,3
31,4,PRIME_MERSENNE_61,2305843009213693951,prss_local,local,per_party,fold_before,0,2,89,none,none,0,89,0,89,2759,89,online_verify_reconstruction_units,22,4.045454545454546,3
31,4,PRIME_MERSENNE_61,2305843009213693951,prss_local,local,total,fold_before,0,2,89,none,none,0,89,0,89,2759,2759,online_verify_reconstruction_units,682,4.045454545454546,3
31,4,PRIME_MERSENNE_61,2305843009213693951,prss_local_seed_dpss,local,per_party,fold_before,0,2,89,dpss,one,1,89,2886,2975,92225,2975,online_verify_reconstruction_units,22,135.22727272727272,3
31,4,PRIME_MERSENNE_61,2305843009213693951,prss_local_seed_dpss,local,total,fold_before,0,2,89,dpss,one,1,89,2886,2975,92225,92225,online_verify_reconstruction_units,682,135.22727272727272,3
31,4,PRIME_MERSENNE_61,2305843009213693951,prss_local_seed_naive,local,per_party,fold_before,0,2,89,naive,one,1,89,90,179,5549,179,online_verify_reconstruction_units,22,8.136363636363637,3
31,4,PRIME_MERSENNE_61,2305843009213693951,prss_local_seed_naive,local,total,fold_before,0,2,89,naive,one,1,89,90,179,5549,5549,online_verify_reconstruction_units,682,8.136363636363637,3
31,4,PRIME_MERSENNE_61,2305843009213693951,prss_local_seed_dpss,local,per_party,fold_before,0,2,89,dpss,M,31,89,2976,3065,95015,3065,online_verify_reconstruction_units,22,139.3181818181818,3
31,4,PRIME_MERSENNE_61,2305843009213693951,prss_local_seed_dpss,local,total,fold_before,0,2,89,dpss,M,31,89,2976,3065,95015,95015,online_verify_reconstruction_units,682,139.3181818181818,3
31,4,PRIME_MERSENNE_61,2305843009213693951,prss_local_seed_naive,local,per_party,fold_before,0,2,89,naive,M,31,89,2790,2879,89249,2879,online_verify_reconstruction_units,22,130.86363636363637,3
31,4,PRIME_MERSENNE_61,2305843009213693951,prss_local_seed_naive,local,total,fold_before,0,2,89,naive,M,31,89,2790,2879,89249,89249,online_verify_reconstruction_units,682,130.86363636363637,3
31,4,PRIME_MERSENNE_61,2305843009213693951,prss_local_seed_dpss,local,per_party,fold_before,0,2,89,dpss,M_squared,961,89,5766,5855,181505,5855,online_verify_reconstruction_units,22,266.1363636363636,3
31,4,PRIME_MERSENNE_61,2305843009213693951,prss_local_seed_dpss,local,total,fold_before,0,2,89,dpss,M_squared,961,89,5766,5855,181505,181505,online_verify_reconstruction_units,682,266.1363636363636,3
31,4,PRIME_MERSENNE_61,2305843009213693951,prss_local_seed_naive,local,per_party,fold_before,0,2,89,naive,M_squared,961,89,86490,86579,2683949,86579,online_verify_reconstruction_units,22,3935.409090909091,3
31,4,PRIME_MERSENNE_61,2305843009213693951,prss_local_seed_naive,local,total,fold_before,0,2,89,naive,M_squared,961,89,86490,86579,2683949,2683949,online_verify_reconstruction_units,682,3935.409090909091,3
31,4,PRIME_MERSENNE_61,2305843009213693951,prss_commit,commit,per_party,fold_before,0,2,89,none,none,0,179,0,179,5549,179,online_verify_reconstruction_units,22,8.136363636363637,3
31,4,PRIME_MERSENNE_61,2305843009213693951,prss_commit,commit,total,fold_before,0,2,89,none,none,0,179,0,179,5549,5549,online_verify_reconstruction_units,682,8.136363636363637,3
31,4,PRIME_MERSENNE_61,2305843009213693951,prss_commit_seed_dpss,commit,per_party,fold_before,0,2,89,dpss,one,1,179,2886,3065,95015,3065,online_verify_reconstruction_units,22,139.3181818181818,3
31,4,PRIME_MERSENNE_61,2305843009213693951,prss_commit_seed_dpss,commit,total,fold_before,0,2,89,dpss,one,1,179,2886,3065,95015,95015,online_verify_reconstruction_units,682,139.3181818181818,3
31,4,PRIME_MERSENNE_61,2305843009213693951,prss_commit_seed_naive,commit,per_party,fold_before,0,2,89,naive,one,1,179,90,269,8339,269,online_verify_reconstruction_units,22,12.227272727272727,3
31,4,PRIME_MERSENNE_61,2305843009213693951,prss_commit_seed_naive,commit,total,fold_before,0,2,89,naive,one,1,179,90,269,8339,8339,online_verify_reconstruction_units,682,12.227272727272727,3
31,4,PRIME_MERSENNE_61,2305843009213693951,prss_commit_seed_dpss,commit,per_party,fold_before,0,2,89,dpss,M,31,179,2976,3155,97805,3155,online_verify_reconstruction_units,22,143.4090909090909,3
31,4,PRIME_MERSENNE_61,2305843009213693951,prss_commit_seed_dpss,commit,total,fold_before,0,2,89,dpss,M,31,179,2976,3155,97805,97805,online_verify_reconstruction_units,682,143.4090909090909,3
31,4,PRIME_MERSENNE_61,2305843009213693951,prss_commit_seed_naive,commit,per_party,fold_before,0,2,89,naive,M,31,179,2790,2969,92039,2969,online_verify_reconstruction_units,22,134.95454545454547,3
31,4,PRIME_MERSENNE_61,2305843009213693951,prss_commit_seed_naive,commit,total,fold_before,0,2,89,naive,M,31,179,2790,2969,92039,92039,online_verify_reconstruction_units,682,134.95454545454547,3
31,4,PRIME_MERSENNE_61,2305843009213693951,prss_commit_seed_dpss,commit,per_party,fold_before,0,2,89,dpss,M_squared,961,179,5766,5945,184295,5945,online_verify_reconstruction_units,22,270.22727272727275,3
31,4,PRIME_MERSENNE_61,2305843009213693951,prss_commit_seed_dpss,commit,total,fold_before,0,2,89,dpss,M_squared,961,179,5766,5945,184295,184295,online_verify_reconstruction_units,682,270.22727272727275,3
31,4,PRIME_MERSENNE_61,2305843009213693951,prss_commit_seed_naive,commit,per_party,fold_before,0,2,89,naive,M_squared,961,179,86490,86669,2686739,86669,online_verify_reconstruction_units,22,3939.5,3
31,4,PRIME_MERSENNE_61,2305843009213693951,prss_commit_seed_naive,commit,total,fold_before,0,2,89,naive,M_squared,961,179,86490,86669,2686739,2686739,online_verify_reconstruction_units,682,3939.5,3
31,4,PRIME_MERSENNE_61,2305843009213693951,prss_dispute,dispute,per_party,fold_before,0,2,89,none,none,0,539,0,539,16709,539,online_verify_reconstruction_units,22,24.5,3
31,4,PRIME_MERSENNE_61,2305843009213693951,prss_dispute,dispute,total,fold_before,0,2,89,none,none,0,539,0,539,16709,16709,online_verify_reconstruction_units,682,24.5,3
31,4,PRIME_MERSENNE_61,2305843009213693951,prss_dispute_seed_dpss,dispute,per_party,fold_before,0,2,89,dpss,one,1,539,2886,3425,106175,3425,online_verify_reconstruction_units,22,155.6818181818182,3
31,4,PRIME_MERSENNE_61,2305843009213693951,prss_dispute_seed_dpss,dispute,total,fold_before,0,2,89,dpss,one,1,539,2886,3425,106175,106175,online_verify_reconstruction_units,682,155.6818181818182,3
31,4,PRIME_MERSENNE_61,2305843009213693951,prss_dispute_seed_naive,dispute,per_party,fold_before,0,2,89,naive,one,1,539,90,629,19499,629,online_verify_reconstruction_units,22,28.59090909090909,3
31,4,PRIME_MERSENNE_61,2305843009213693951,prss_dispute_seed_naive,dispute,total,fold_before,0,2,89,naive,one,1,539,90,629,19499,19499,online_verify_reconstruction_units,682,28.59090909090909,3
31,4,PRIME_MERSENNE_61,2305843009213693951,prss_dispute_seed_dpss,dispute,per_party,fold_before,0,2,89,dpss,M,31,539,2976,3515,108965,3515,online_verify_reconstruction_units,22,159.77272727272728,3
31,4,PRIME_MERSENNE_61,2305843009213693951,prss_dispute_seed_dpss,dispute,total,fold_before,0,2,89,dpss,M,31,539,2976,3515,108965,108965,online_verify_reconstruction_units,682,159.77272727272728,3
31,4,PRIME_MERSENNE_61,2305843009213693951,prss_dispute_seed_naive,dispute,per_party,fold_before,0,2,89,naive,M,31,539,2790,3329,103199,3329,online_verify_reconstruction_units,22,151.3181818181818,3
31,4,PRIME_MERSENNE_61,2305843009213693951,prss_dispute_seed_naive,dispute,total,fold_before,0,2,89,naive,M,31,539,2790,3329,103199,103199,online_verify_reconstruction_units,682,151.3181818181818,3
31,4,PRIME_MERSENNE_61,2305843009213693951,prss_dispute_seed_dpss,dispute,per_party,fold_before,0,2,89,dpss,M_squared,961,539,5766,6305,195455,6305,online_verify_reconstruction_units,22,286.59090909090907,3
31,4,PRIME_MERSENNE_61,2305843009213693951,prss_dispute_seed_dpss,dispute,total,fold_before,0,2,89,dpss,M_squared,961,539,5766,6305,195455,195455,online_verify_reconstruction_units,682,286.59090909090907,3
31,4,PRIME_MERSENNE_61,2305843009213693951,prss_dispute_seed_naive,dispute,per_party,fold_before,0,2,89,naive,M_squared,961,539,86490,87029,2697899,87029,online_verify_reconstruction_units,22,3955.8636363636365,3
31,4,PRIME_MERSENNE_61,2305843009213693951,prss_dispute_seed_naive,dispute,total,fold_before,0,2,89,naive,M_squared,961,539,86490,87029,2697899,2697899,online_verify_reconstruction_units,682,3955.8636363636365,3
63,4,PRIME_MERSENNE_61,2305843009213693951,naive,n/a,per_party,fold_after,1,3,52,none,none,0,3224,0,3224,203112,3224,online_verify_reconstruction_units,22,146.54545454545453,3
63,4,PRIME_MERSENNE_61,2305843009213693951,naive,n/a,total,fold_after,1,3,52,none,none,0,3224,0,3224,203112,203112,online_verify_reconstruction_units,1386,146.54545454545453,3
63,4,PRIME_MERSENNE_61,2305843009213693951,dpss_model,n/a,per_party,fold_after,1,3,52,none,none,0,11959,0,11959,753417,11959,online_verify_reconstruction_units,22,543.5909090909091,3
63,4,PRIME_MERSENNE_61,2305843009213693951,dpss_model,n/a,total,fold_after,1,3,52,none,none,0,11959,0,11959,753417,753417,online_verify_reconstruction_units,1386,543.5909090909091,3
63,4,PRIME_MERSENNE_61,2305843009213693951,full_mask,n/a,per_party,fold_after,1,3,45,none,none,0,2790,0,2790,175770,2790,online_verify_reconstruction_units,22,126.81818181818181,3
63,4,PRIME_MERSENNE_61,2305843009213693951,full_mask,n/a,total,fold_after,1,3,45,none,none,0,2790,0,2790,175770,175770,online_verify_reconstruction_units,1386,126.81818181818181,3
63,4,PRIME_MERSENNE_61,2305843009213693951,kernel_mask,n/a,per_party,fold_after,1,3,24,none,none,0,1488,0,1488,93744,1488,online_verify_reconstruction_units,22,67.63636363636364,3
63,4,PRIME_MERSENNE_61,2305843009213693951,kernel_mask,n/a,total,fold_after,1,3,24,none,none,0,1488,0,1488,93744,93744,online_verify_reconstruction_units,1386,67.63636363636364,3
63,4,PRIME_MERSENNE_61,2305843009213693951,prss_local,local,per_party,fold_after,1,3,52,none,none,0,52,0,52,3276,52,online_verify_reconstruction_units,22,2.3636363636363638,3
63,4,PRIME_MERSENNE_61,2305843009213693951,prss_local,local,total,fold_after,1,3,52,none,none,0,52,0,52,3276,3276,online_verify_reconstruction_units,1386,2.3636363636363638,3
63,4,PRIME_MERSENNE_61,2305843009213693951,prss_local_seed_dpss,local,per_party,fold_after,1,3,52,dpss,one,1,52,11910,11962,753606,11962,online_verify_reconstruction_units,22,543.7272727272727,3
63,4,PRIME_MERSENNE_61,2305843009213693951,prss_local_seed_dpss,local,total,fold_after,1,3,52,dpss,one,1,52,11910,11962,753606,753606,online_verify_reconstruction_units,1386,543.7272727272727,3
63,4,PRIME_MERSENNE_61,2305843009213693951,prss_local_seed_naive,local,per_party,fold_after,1,3,52,naive,one,1,52,186,238,14994,238,online_verify_reconstruction_units,22,10.818181818181818,3
63,4,PRIME_MERSENNE_61,2305843009213693951,prss_local_seed_naive,local,total,fold_after,1,3,52,naive,one,1,52,186,238,14994,14994,online_verify_reconstruction_units,1386,10.818181818181818,3
63,4,PRIME_MERSENNE_61,2305843009213693951,prss_local_seed_dpss,local,per_party,fold_after,1,3,52,dpss,M,63,52,12096,12148,765324,12148,online_verify_reconstruction_units,22,552.1818181818181,3
63,4,PRIME_MERSENNE_61,2305843009213693951,prss_local_seed_dpss,local,total,fold_after,1,3,52,dpss,M,63,52,12096,12148,765324,765324,online_verify_reconstruction_units,1386,552.1818181818181,3
63,4,PRIME_MERSENNE_61,2305843009213693951,prss_local_seed_naive,local,per_party,fold_after,1,3,52,naive,M,63,52,11718,11770,741510,11770,online_verify_reconstruction_units,22,535.0,3
63,4,PRIME_MERSENNE_61,2305843009213693951,prss_local_seed_naive,local,total,fold_after,1,3,52,naive,M,63,52,11718,11770,741510,741510,online_verify_reconstruction_units,1386,535.0,3
63,4,PRIME_MERSENNE_61,2305843009213693951,prss_local_seed_dpss,local,per_party,fold_after,1,3,52,dpss,M_squared,3969,52,23814,23866,1503558,23866,online_verify_reconstruction_units,22,1084.8181818181818,3
63,4,PRIME_MERSENNE_61,2305843009213693951,prss_local_seed_dpss,local,total,fold_after,1,3,52,dpss,M_squared,3969,52,23814,23866,1503558,1503558,online_verify_reconstruction_units,1386,1084.8181818181818,3
63,4,PRIME_MERSENNE_61,2305843009213693951,prss_local_seed_naive,local,per_party,fold_after,1,3,52,naive,M_squared,3969,52,738234,738286,46512018,738286,online_verify_reconstruction_units,22,33558.454545454544,3
63,4,PRIME_MERSENNE_61,2305843009213693951,prss_local_seed_naive,local,total,fold_after,1,3,52,naive,M_squared,3969,52,738234,738286,46512018,46512018,online_verify_reconstruction_units,1386,33558.454545454544,3
63,4,PRIME_MERSENNE_61,2305843009213693951,prss_commit,commit,per_party,fold_after,1,3,52,none,none,0,238,0,238,14994,238,online_verify_reconstruction_units,22,10.818181818181818,3
63,4,PRIME_MERSENNE_61,2305843009213693951,prss_commit,commit,total,fold_after,1,3,52,none,none,0,238,0,238,14994,14994,online_verify_reconstruction_units,1386,10.818181818181818,3
63,4,PRIME_MERSENNE_61,2305843009213693951,prss_commit_seed_dpss,commit,per_party,fold_after,1,3,52,dpss,one,1,238,11910,12148,765324,12148,online_verify_reconstruction_units,22,552.1818181818181,3
63,4,PRIME_MERSENNE_61,2305843009213693951,prss_commit_seed_dpss,commit,total,fold_after,1,3,52,dpss,one,1,238,11910,12148,765324,765324,online_verify_reconstruction_units,1386,552.1818181818181,3
63,4,PRIME_MERSENNE_61,2305843009213693951,prss_commit_seed_naive,commit,per_party,fold_after,1,3,52,naive,one,1,238,186,424,26712,424,online_verify_reconstruction_units,22,19.272727272727273,3
63,4,PRIME_MERSENNE_61,2305843009213693951,prss_commit_seed_naive,commit,total,fold_after,1,3,52,naive,one,1,238,186,424,26712,26712,online_verify_reconstruction_units,1386,19.272727272727273,3
63,4,PRIME_MERSENNE_61,2305843009213693951,prss_commit_seed_dpss,commit,per_party,fold_after,1,3,52,dpss,M,63,238,12096,12334,777042,12334,online_verify_reconstruction_units,22,560.6363636363636,3
63,4,PRIME_MERSENNE_61,2305843009213693951,prss_commit_seed_dpss,commit,total,fold_after,1,3,52,dpss,M,63,238,12096,12334,777042,777042,online_verify_reconstruction_units,1386,560.6363636363636,3
63,4,PRIME_MERSENNE_61,2305843009213693951,prss_commit_seed_naive,commit,per_party,fold_after,1,3,52,naive,M,63,238,11718,11956,753228,11956,online_verify_reconstruction_units,22,543.4545454545455,3
63,4,PRIME_MERSENNE_61,2305843009213693951,prss_commit_seed_naive,commit,total,fold_after,1,3,52,naive,M,63,238,11718,11956,753228,753228,online_verify_reconstruction_units,1386,543.4545454545455,3
63,4,PRIME_MERSENNE_61,2305843009213693951,prss_commit_seed_dpss,commit,per_party,fold_after,1,3,52,dpss,M_squared,3969,238,23814,24052,1515276,24052,online_verify_reconstruction_units,22,1093.2727272727273,3
63,4,PRIME_MERSENNE_61,2305843009213693951,prss_commit_seed_dpss,commit,total,fold_after,1,3,52,dpss,M_squared,3969,238,23814,24052,1515276,1515276,online_verify_reconstruction_units,1386,1093.2727272727273,3
63,4,PRIME_MERSENNE_61,2305843009213693951,prss_commit_seed_naive,commit,per_party,fold_after,1,3,52,naive,M_squared,3969,238,738234,738472,46523736,738472,online_verify_reconstruction_units,22,33566.90909090909,3
63,4,PRIME_MERSENNE_61,2305843009213693951,prss_commit_seed_naive,commit,total,fold_after,1,3,52,naive,M_squared,3969,238,738234,738472,46523736,46523736,online_verify_reconstruction_units,1386,33566.90909090909,3
63,4,PRIME_MERSENNE_61,2305843009213693951,prss_dispute,dispute,per_party,fold_after,1,3,52,none,none,0,1168,0,1168,73584,1168,online_verify_reconstruction_units,22,53.09090909090909,3
63,4,PRIME_MERSENNE_61,2305843009213693951,prss_dispute,dispute,total,fold_after,1,3,52,none,none,0,1168,0,1168,73584,73584,online_verify_reconstruction_units,1386,53.09090909090909,3
63,4,PRIME_MERSENNE_61,2305843009213693951,prss_dispute_seed_dpss,dispute,per_party,fold_after,1,3,52,dpss,one,1,1168,11910,13078,823914,13078,online_verify_reconstruction_units,22,594.4545454545455,3
63,4,PRIME_MERSENNE_61,2305843009213693951,prss_dispute_seed_dpss,dispute,total,fold_after,1,3,52,dpss,one,1,1168,11910,13078,823914,823914,online_verify_reconstruction_units,1386,594.4545454545455,3
63,4,PRIME_MERSENNE_61,2305843009213693951,prss_dispute_seed_naive,dispute,per_party,fold_after,1,3,52,naive,one,1,1168,186,1354,85302,1354,online_verify_reconstruction_units,22,61.54545454545455,3
63,4,PRIME_MERSENNE_61,2305843009213693951,prss_dispute_seed_naive,dispute,total,fold_after,1,3,52,naive,one,1,1168,186,1354,85302,85302,online_verify_reconstruction_units,1386,61.54545454545455,3
63,4,PRIME_MERSENNE_61,2305843009213693951,prss_dispute_seed_dpss,dispute,per_party,fold_after,1,3,52,dpss,M,63,1168,12096,13264,835632,13264,online_verify_reconstruction_units,22,602.9090909090909,3
63,4,PRIME_MERSENNE_61,2305843009213693951,prss_dispute_seed_dpss,dispute,total,fold_after,1,3,52,dpss,M,63,1168,12096,13264,835632,835632,online_verify_reconstruction_units,1386,602.9090909090909,3
63,4,PRIME_MERSENNE_61,2305843009213693951,prss_dispute_seed_naive,dispute,per_party,fold_after,1,3,52,naive,M,63,1168,11718,12886,811818,12886,online_verify_reconstruction_units,22,585.7272727272727,3
63,4,PRIME_MERSENNE_61,2305843009213693951,prss_dispute_seed_naive,dispute,total,fold_after,1,3,52,naive,M,63,1168,11718,12886,811818,811818,online_verify_reconstruction_units,1386,585.7272727272727,3
63,4,PRIME_MERSENNE_61,2305843009213693951,prss_dispute_seed_dpss,dispute,per_party,fold_after,1,3,52,dpss,M_squared,3969,1168,23814,24982,1573866,24982,online_verify_reconstruction_units,22,1135.5454545454545,3
63,4,PRIME_MERSENNE_61,2305843009213693951,prss_dispute_seed_dpss,dispute,total,fold_after,1,3,52,dpss,M_squared,3969,1168,23814,24982,1573866,1573866,online_verify_reconstruction_units,1386,1135.5454545454545,3
63,4,PRIME_MERSENNE_61,2305843009213693951,prss_dispute_seed_naive,dispute,per_party,fold_after,1,3,52,naive,M_squared,3969,1168,738234,739402,46582326,739402,online_verify_reconstruction_units,22,33609.181818181816,3
63,4,PRIME_MERSENNE_61,2305843009213693951,prss_dispute_seed_naive,dispute,total,fold_after,1,3,52,naive,M_squared,3969,1168,738234,739402,46582326,46582326,online_verify_reconstruction_units,1386,33609.181818181816,3
63,4,PRIME_MERSENNE_61,2305843009213693951,naive,n/a,per_party,fold_before,0,2,89,none,none,0,5518,0,5518,347634,5518,online_verify_reconstruction_units,22,250.8181818181818,3
63,4,PRIME_MERSENNE_61,2305843009213693951,naive,n/a,total,fold_before,0,2,89,none,none,0,5518,0,5518,347634,347634,online_verify_reconstruction_units,1386,250.8181818181818,3
63,4,PRIME_MERSENNE_61,2305843009213693951,dpss_model,n/a,per_party,fold_before,0,2,89,none,none,0,11996,0,11996,755748,11996,online_verify_reconstruction_units,22,545.2727272727273,3
63,4,PRIME_MERSENNE_61,2305843009213693951,dpss_model,n/a,total,fold_before,0,2,89,none,none,0,11996,0,11996,755748,755748,online_verify_reconstruction_units,1386,545.2727272727273,3
63,4,PRIME_MERSENNE_61,2305843009213693951,full_mask,n/a,per_party,fold_before,0,2,45,none,none,0,2790,0,2790,175770,2790,online_verify_reconstruction_units,22,126.81818181818181,3
63,4,PRIME_MERSENNE_61,2305843009213693951,full_mask,n/a,total,fold_before,0,2,45,none,none,0,2790,0,2790,175770,175770,online_verify_reconstruction_units,1386,126.81818181818181,3
63,4,PRIME_MERSENNE_61,2305843009213693951,kernel_mask,n/a,per_party,fold_before,0,2,33,none,none,0,2046,0,2046,128898,2046,online_verify_reconstruction_units,22,93.0,3
63,4,PRIME_MERSENNE_61,2305843009213693951,kernel_mask,n/a,total,fold_before,0,2,33,none,none,0,2046,0,2046,128898,128898,online_verify_reconstruction_units,1386,93.0,3
63,4,PRIME_MERSENNE_61,2305843009213693951,prss_local,local,per_party,fold_before,0,2,89,none,none,0,89,0,89,5607,89,online_verify_reconstruction_units,22,4.045454545454546,3
63,4,PRIME_MERSENNE_61,2305843009213693951,prss_local,local,total,fold_before,0,2,89,none,none,0,89,0,89,5607,5607,online_verify_reconstruction_units,1386,4.045454545454546,3
63,4,PRIME_MERSENNE_61,2305843009213693951,prss_local_seed_dpss,local,per_party,fold_before,0,2,89,dpss,one,1,89,11910,11999,755937,11999,online_verify_reconstruction_units,22,545.4090909090909,3
63,4,PRIME_MERSENNE_61,2305843009213693951,prss_local_seed_dpss,local,total,fold_before,0,2,89,dpss,one,1,89,11910,11999,755937,755937,online_verify_reconstruction_units,1386,545.4090909090909,3
63,4,PRIME_MERSENNE_61,2305843009213693951,prss_local_seed_naive,local,per_party,fold_before,0,2,89,naive,one,1,89,186,275,17325,275,online_verify_reconstruction_units,22,12.5,3
63,4,PRIME_MERSENNE_61,2305843009213693951,prss_local_seed_naive,local,total,fold_before,0,2,89,naive,one,1,89,186,275,17325,17325,online_verify_reconstruction_units,1386,12.5,3
63,4,PRIME_MERSENNE_61,2305843009213693951,prss_local_seed_dpss,local,per_party,fold_before,0,2,89,dpss,M,63,89,12096,12185,767655,12185,online_verify_reconstruction_units,22,553.8636363636364,3
63,4,PRIME_MERSENNE_61,2305843009213693951,prss_local_seed_dpss,local,total,fold_before,0,2,89,dpss,M,63,89,12096,12185,767655,767655,online_verify_reconstruction_units,1386,553.8636363636364,3
63,4,PRIME_MERSENNE_61,2305843009213693951,prss_local_seed_naive,local,per_party,fold_before,0,2,89,naive,M,63,89,11718,11807,743841,11807,online_verify_reconstruction_units,22,536.6818181818181,3
63,4,PRIME_MERSENNE_61,2305843009213693951,prss_local_seed_naive,local,total,fold_before,0,2,89,naive,M,63,89,11718,11807,743841,743841,online_verify_reconstruction_units,1386,536.6818181818181,3
63,4,PRIME_MERSENNE_61,2305843009213693951,prss_local_seed_dpss,local,per_party,fold_before,0,2,89,dpss,M_squared,3969,89,23814,23903,1505889,23903,online_verify_reconstruction_units,22,1086.5,3
63,4,PRIME_MERSENNE_61,2305843009213693951,prss_local_seed_dpss,local,total,fold_before,0,2,89,dpss,M_squared,3969,89,23814,23903,1505889,1505889,online_verify_reconstruction_units,1386,1086.5,3
63,4,PRIME_MERSENNE_61,2305843009213693951,prss_local_seed_naive,local,per_party,fold_before,0,2,89,naive,M_squared,3969,89,738234,738323,46514349,738323,online_verify_reconstruction_units,22,33560.13636363636,3
63,4,PRIME_MERSENNE_61,2305843009213693951,prss_local_seed_naive,local,total,fold_before,0,2,89,naive,M_squared,3969,89,738234,738323,46514349,46514349,online_verify_reconstruction_units,1386,33560.13636363636,3
63,4,PRIME_MERSENNE_61,2305843009213693951,prss_commit,commit,per_party,fold_before,0,2,89,none,none,0,275,0,275,17325,275,online_verify_reconstruction_units,22,12.5,3
63,4,PRIME_MERSENNE_61,2305843009213693951,prss_commit,commit,total,fold_before,0,2,89,none,none,0,275,0,275,17325,17325,online_verify_reconstruction_units,1386,12.5,3
63,4,PRIME_MERSENNE_61,2305843009213693951,prss_commit_seed_dpss,commit,per_party,fold_before,0,2,89,dpss,one,1,275,11910,12185,767655,12185,online_verify_reconstruction_units,22,553.8636363636364,3
63,4,PRIME_MERSENNE_61,2305843009213693951,prss_commit_seed_dpss,commit,total,fold_before,0,2,89,dpss,one,1,275,11910,12185,767655,767655,online_verify_reconstruction_units,1386,553.8636363636364,3
63,4,PRIME_MERSENNE_61,2305843009213693951,prss_commit_seed_naive,commit,per_party,fold_before,0,2,89,naive,one,1,275,186,461,29043,461,online_verify_reconstruction_units,22,20.954545454545453,3
63,4,PRIME_MERSENNE_61,2305843009213693951,prss_commit_seed_naive,commit,total,fold_before,0,2,89,naive,one,1,275,186,461,29043,29043,online_verify_reconstruction_units,1386,20.954545454545453,3
63,4,PRIME_MERSENNE_61,2305843009213693951,prss_commit_seed_dpss,commit,per_party,fold_before,0,2,89,dpss,M,63,275,12096,12371,779373,12371,online_verify_reconstruction_units,22,562.3181818181819,3
63,4,PRIME_MERSENNE_61,2305843009213693951,prss_commit_seed_dpss,commit,total,fold_before,0,2,89,dpss,M,63,275,12096,12371,779373,779373,online_verify_reconstruction_units,1386,562.3181818181819,3
63,4,PRIME_MERSENNE_61,2305843009213693951,prss_commit_seed_naive,commit,per_party,fold_before,0,2,89,naive,M,63,275,11718,11993,755559,11993,online_verify_reconstruction_units,22,545.1363636363636,3
63,4,PRIME_MERSENNE_61,2305843009213693951,prss_commit_seed_naive,commit,total,fold_before,0,2,89,naive,M,63,275,11718,11993,755559,755559,online_verify_reconstruction_units,1386,545.1363636363636,3
63,4,PRIME_MERSENNE_61,2305843009213693951,prss_commit_seed_dpss,commit,per_party,fold_before,0,2,89,dpss,M_squared,3969,275,23814,24089,1517607,24089,online_verify_reconstruction_units,22,1094.9545454545455,3
63,4,PRIME_MERSENNE_61,2305843009213693951,prss_commit_seed_dpss,commit,total,fold_before,0,2,89,dpss,M_squared,3969,275,23814,24089,1517607,1517607,online_verify_reconstruction_units,1386,1094.9545454545455,3
63,4,PRIME_MERSENNE_61,2305843009213693951,prss_commit_seed_naive,commit,per_party,fold_before,0,2,89,naive,M_squared,3969,275,738234,738509,46526067,738509,online_verify_reconstruction_units,22,33568.59090909091,3
63,4,PRIME_MERSENNE_61,2305843009213693951,prss_commit_seed_naive,commit,total,fold_before,0,2,89,naive,M_squared,3969,275,738234,738509,46526067,46526067,online_verify_reconstruction_units,1386,33568.59090909091,3
63,4,PRIME_MERSENNE_61,2305843009213693951,prss_dispute,dispute,per_party,fold_before,0,2,89,none,none,0,1205,0,1205,75915,1205,online_verify_reconstruction_units,22,54.77272727272727,3
63,4,PRIME_MERSENNE_61,2305843009213693951,prss_dispute,dispute,total,fold_before,0,2,89,none,none,0,1205,0,1205,75915,75915,online_verify_reconstruction_units,1386,54.77272727272727,3
63,4,PRIME_MERSENNE_61,2305843009213693951,prss_dispute_seed_dpss,dispute,per_party,fold_before,0,2,89,dpss,one,1,1205,11910,13115,826245,13115,online_verify_reconstruction_units,22,596.1363636363636,3
63,4,PRIME_MERSENNE_61,2305843009213693951,prss_dispute_seed_dpss,dispute,total,fold_before,0,2,89,dpss,one,1,1205,11910,13115,826245,826245,online_verify_reconstruction_units,1386,596.1363636363636,3
63,4,PRIME_MERSENNE_61,2305843009213693951,prss_dispute_seed_naive,dispute,per_party,fold_before,0,2,89,naive,one,1,1205,186,1391,87633,1391,online_verify_reconstruction_units,22,63.22727272727273,3
63,4,PRIME_MERSENNE_61,2305843009213693951,prss_dispute_seed_naive,dispute,total,fold_before,0,2,89,naive,one,1,1205,186,1391,87633,87633,online_verify_reconstruction_units,1386,63.22727272727273,3
63,4,PRIME_MERSENNE_61,2305843009213693951,prss_dispute_seed_dpss,dispute,per_party,fold_before,0,2,89,dpss,M,63,1205,12096,13301,837963,13301,online_verify_reconstruction_units,22,604.5909090909091,3
63,4,PRIME_MERSENNE_61,2305843009213693951,prss_dispute_seed_dpss,dispute,total,fold_before,0,2,89,dpss,M,63,1205,12096,13301,837963,837963,online_verify_reconstruction_units,1386,604.5909090909091,3
63,4,PRIME_MERSENNE_61,2305843009213693951,prss_dispute_seed_naive,dispute,per_party,fold_before,0,2,89,naive,M,63,1205,11718,12923,814149,12923,online_verify_reconstruction_units,22,587.4090909090909,3
63,4,PRIME_MERSENNE_61,2305843009213693951,prss_dispute_seed_naive,dispute,total,fold_before,0,2,89,naive,M,63,1205,11718,12923,814149,814149,online_verify_reconstruction_units,1386,587.4090909090909,3
63,4,PRIME_MERSENNE_61,2305843009213693951,prss_dispute_seed_dpss,dispute,per_party,fold_before,0,2,89,dpss,M_squared,3969,1205,23814,25019,1576197,25019,online_verify_reconstruction_units,22,1137.2272727272727,3
63,4,PRIME_MERSENNE_61,2305843009213693951,prss_dispute_seed_dpss,dispute,total,fold_before,0,2,89,dpss,M_squared,3969,1205,23814,25019,1576197,1576197,online_verify_reconstruction_units,1386,1137.2272727272727,3
63,4,PRIME_MERSENNE_61,2305843009213693951,prss_dispute_seed_naive,dispute,per_party,fold_before,0,2,89,naive,M_squared,3969,1205,738234,739439,46584657,739439,online_verify_reconstruction_units,22,33610.86363636364,3
63,4,PRIME_MERSENNE_61,2305843009213693951,prss_dispute_seed_naive,dispute,total,fold_before,0,2,89,naive,M_squared,3969,1205,738234,739439,46584657,46584657,online_verify_reconstruction_units,1386,33610.86363636364,3
3,6,PRIME_MERSENNE_61,2305843009213693951,naive,n/a,per_party,fold_after,1,5,179,none,none,0,358,0,358,1074,358,online_verify_reconstruction_units,30,11.933333333333334,5
3,6,PRIME_MERSENNE_61,2305843009213693951,naive,n/a,total,fold_after,1,5,179,none,none,0,358,0,358,1074,1074,online_verify_reconstruction_units,90,11.933333333333334,5
3,6,PRIME_MERSENNE_61,2305843009213693951,dpss_model,n/a,per_party,fold_after,1,5,179,none,none,0,224,0,224,672,224,online_verify_reconstruction_units,30,7.466666666666667,5
3,6,PRIME_MERSENNE_61,2305843009213693951,dpss_model,n/a,total,fold_after,1,5,179,none,none,0,224,0,224,672,672,online_verify_reconstruction_units,90,7.466666666666667,5
3,6,PRIME_MERSENNE_61,2305843009213693951,full_mask,n/a,per_party,fold_after,1,5,105,none,none,0,210,0,210,630,210,online_verify_reconstruction_units,30,7.0,5
3,6,PRIME_MERSENNE_61,2305843009213693951,full_mask,n/a,total,fold_after,1,5,105,none,none,0,210,0,210,630,630,online_verify_reconstruction_units,90,7.0,5
3,6,PRIME_MERSENNE_61,2305843009213693951,kernel_mask,n/a,per_party,fold_after,1,5,55,none,none,0,110,0,110,330,110,online_verify_reconstruction_units,30,3.6666666666666665,5
3,6,PRIME_MERSENNE_61,2305843009213693951,kernel_mask,n/a,total,fold_after,1,5,55,none,none,0,110,0,110,330,330,online_verify_reconstruction_units,90,3.6666666666666665,5
3,6,PRIME_MERSENNE_61,2305843009213693951,prss_local,local,per_party,fold_after,1,5,179,none,none,0,179,0,179,537,179,online_verify_reconstruction_units,30,5.966666666666667,5
3,6,PRIME_MERSENNE_61,2305843009213693951,prss_local,local,total,fold_after,1,5,179,none,none,0,179,0,179,537,537,online_verify_reconstruction_units,90,5.966666666666667,5
3,6,PRIME_MERSENNE_61,2305843009213693951,prss_local_seed_dpss,local,per_party,fold_after,1,5,179,dpss,one,1,179,50,229,687,229,online_verify_reconstruction_units,30,7.633333333333334,5
3,6,PRIME_MERSENNE_61,2305843009213693951,prss_local_seed_dpss,local,total,fold_after,1,5,179,dpss,one,1,179,50,229,687,687,online_verify_reconstruction_units,90,7.633333333333334,5
3,6,PRIME_MERSENNE_61,2305843009213693951,prss_local_seed_naive,local,per_party,fold_after,1,5,179,naive,one,1,179,10,189,567,189,online_verify_reconstruction_units,30,6.3,5
3,6,PRIME_MERSENNE_61,2305843009213693951,prss_local_seed_naive,local,total,fold_after,1,5,179,naive,one,1,179,10,189,567,567,online_verify_reconstruction_units,90,6.3,5
3,6,PRIME_MERSENNE_61,2305843009213693951,prss_local_seed_dpss,local,per_party,fold_after,1,5,179,dpss,M,3,179,60,239,717,239,online_verify_reconstruction_units,30,7.966666666666667,5
3,6,PRIME_MERSENNE_61,2305843009213693951,prss_local_seed_dpss,local,total,fold_after,1,5,179,dpss,M,3,179,60,239,717,717,online_verify_reconstruction_units,90,7.966666666666667,5
3,6,PRIME_MERSENNE_61,2305843009213693951,prss_local_seed_naive,local,per_party,fold_after,1,5,179,naive,M,3,179,30,209,627,209,online_verify_reconstruction_units,30,6.966666666666667,5
3,6,PRIME_MERSENNE_61,2305843009213693951,prss_local_seed_naive,local,total,fold_after,1,5,179,naive,M,3,179,30,209,627,627,online_verify_reconstruction_units,90,6.966666666666667,5
3,6,PRIME_MERSENNE_61,2305843009213693951,prss_local_seed_dpss,local,per_party,fold_after,1,5,179,dpss,M_squared,9,179,90,269,807,269,online_verify_reconstruction_units,30,8.966666666666667,5
3,6,PRIME_MERSENNE_61,2305843009213693951,prss_local_seed_dpss,local,total,fold_after,1,5,179,dpss,M_squared,9,179,90,269,807,807,online_verify_reconstruction_units,90,8.966666666666667,5
3,6,PRIME_MERSENNE_61,2305843009213693951,prss_local_seed_naive,local,per_party,fold_after,1,5,179,naive,M_squared,9,179,90,269,807,269,online_verify_reconstruction_units,30,8.966666666666667,5
3,6,PRIME_MERSENNE_61,2305843009213693951,prss_local_seed_naive,local,total,fold_after,1,5,179,naive,M_squared,9,179,90,269,807,807,online_verify_reconstruction_units,90,8.966666666666667,5
3,6,PRIME_MERSENNE_61,2305843009213693951,prss_commit,commit,per_party,fold_after,1,5,179,none,none,0,189,0,189,567,189,online_verify_reconstruction_units,30,6.3,5
3,6,PRIME_MERSENNE_61,2305843009213693951,prss_commit,commit,total,fold_after,1,5,179,none,none,0,189,0,189,567,567,online_verify_reconstruction_units,90,6.3,5
3,6,PRIME_MERSENNE_61,2305843009213693951,prss_commit_seed_dpss,commit,per_party,fold_after,1,5,179,dpss,one,1,189,50,239,717,239,online_verify_reconstruction_units,30,7.966666666666667,5
3,6,PRIME_MERSENNE_61,2305843009213693951,prss_commit_seed_dpss,commit,total,fold_after,1,5,179,dpss,one,1,189,50,239,717,717,online_verify_reconstruction_units,90,7.966666666666667,5
3,6,PRIME_MERSENNE_61,2305843009213693951,prss_commit_seed_naive,commit,per_party,fold_after,1,5,179,naive,one,1,189,10,199,597,199,online_verify_reconstruction_units,30,6.633333333333334,5
3,6,PRIME_MERSENNE_61,2305843009213693951,prss_commit_seed_naive,commit,total,fold_after,1,5,179,naive,one,1,189,10,199,597,597,online_verify_reconstruction_units,90,6.633333333333334,5
3,6,PRIME_MERSENNE_61,2305843009213693951,prss_commit_seed_dpss,commit,per_party,fold_after,1,5,179,dpss,M,3,189,60,249,747,249,online_verify_reconstruction_units,30,8.3,5
3,6,PRIME_MERSENNE_61,2305843009213693951,prss_commit_seed_dpss,commit,total,fold_after,1,5,179,dpss,M,3,189,60,249,747,747,online_verify_reconstruction_units,90,8.3,5
3,6,PRIME_MERSENNE_61,2305843009213693951,prss_commit_seed_naive,commit,per_party,fold_after,1,5,179,naive,M,3,189,30,219,657,219,online_verify_reconstruction_units,30,7.3,5
3,6,PRIME_MERSENNE_61,2305843009213693951,prss_commit_seed_naive,commit,total,fold_after,1,5,179,naive,M,3,189,30,219,657,657,online_verify_reconstruction_units,90,7.3,5
3,6,PRIME_MERSENNE_61,2305843009213693951,prss_commit_seed_dpss,commit,per_party,fold_after,1,5,179,dpss,M_squared,9,189,90,279,837,279,online_verify_reconstruction_units,30,9.3,5
3,6,PRIME_MERSENNE_61,2305843009213693951,prss_commit_seed_dpss,commit,total,fold_after,1,5,179,dpss,M_squared,9,189,90,279,837,837,online_verify_reconstruction_units,90,9.3,5
3,6,PRIME_MERSENNE_61,2305843009213693951,prss_commit_seed_naive,commit,per_party,fold_after,1,5,179,naive,M_squared,9,189,90,279,837,279,online_verify_reconstruction_units,30,9.3,5
3,6,PRIME_MERSENNE_61,2305843009213693951,prss_commit_seed_naive,commit,total,fold_after,1,5,179,naive,M_squared,9,189,90,279,837,837,online_verify_reconstruction_units,90,9.3,5
3,6,PRIME_MERSENNE_61,2305843009213693951,prss_dispute,dispute,per_party,fold_after,1,5,179,none,none,0,199,0,199,597,199,online_verify_reconstruction_units,30,6.633333333333334,5
3,6,PRIME_MERSENNE_61,2305843009213693951,prss_dispute,dispute,total,fold_after,1,5,179,none,none,0,199,0,199,597,597,online_verify_reconstruction_units,90,6.633333333333334,5
3,6,PRIME_MERSENNE_61,2305843009213693951,prss_dispute_seed_dpss,dispute,per_party,fold_after,1,5,179,dpss,one,1,199,50,249,747,249,online_verify_reconstruction_units,30,8.3,5
3,6,PRIME_MERSENNE_61,2305843009213693951,prss_dispute_seed_dpss,dispute,total,fold_after,1,5,179,dpss,one,1,199,50,249,747,747,online_verify_reconstruction_units,90,8.3,5
3,6,PRIME_MERSENNE_61,2305843009213693951,prss_dispute_seed_naive,dispute,per_party,fold_after,1,5,179,naive,one,1,199,10,209,627,209,online_verify_reconstruction_units,30,6.966666666666667,5
3,6,PRIME_MERSENNE_61,2305843009213693951,prss_dispute_seed_naive,dispute,total,fold_after,1,5,179,naive,one,1,199,10,209,627,627,online_verify_reconstruction_units,90,6.966666666666667,5
3,6,PRIME_MERSENNE_61,2305843009213693951,prss_dispute_seed_dpss,dispute,per_party,fold_after,1,5,179,dpss,M,3,199,60,259,777,259,online_verify_reconstruction_units,30,8.633333333333333,5
3,6,PRIME_MERSENNE_61,2305843009213693951,prss_dispute_seed_dpss,dispute,total,fold_after,1,5,179,dpss,M,3,199,60,259,777,777,online_verify_reconstruction_units,90,8.633333333333333,5
3,6,PRIME_MERSENNE_61,2305843009213693951,prss_dispute_seed_naive,dispute,per_party,fold_after,1,5,179,naive,M,3,199,30,229,687,229,online_verify_reconstruction_units,30,7.633333333333334,5
3,6,PRIME_MERSENNE_61,2305843009213693951,prss_dispute_seed_naive,dispute,total,fold_after,1,5,179,naive,M,3,199,30,229,687,687,online_verify_reconstruction_units,90,7.633333333333334,5
3,6,PRIME_MERSENNE_61,2305843009213693951,prss_dispute_seed_dpss,dispute,per_party,fold_after,1,5,179,dpss,M_squared,9,199,90,289,867,289,online_verify_reconstruction_units,30,9.633333333333333,5
3,6,PRIME_MERSENNE_61,2305843009213693951,prss_dispute_seed_dpss,dispute,total,fold_after,1,5,179,dpss,M_squared,9,199,90,289,867,867,online_verify_reconstruction_units,90,9.633333333333333,5
3,6,PRIME_MERSENNE_61,2305843009213693951,prss_dispute_seed_naive,dispute,per_party,fold_after,1,5,179,naive,M_squared,9,199,90,289,867,289,online_verify_reconstruction_units,30,9.633333333333333,5
3,6,PRIME_MERSENNE_61,2305843009213693951,prss_dispute_seed_naive,dispute,total,fold_after,1,5,179,naive,M_squared,9,199,90,289,867,867,online_verify_reconstruction_units,90,9.633333333333333,5
3,6,PRIME_MERSENNE_61,2305843009213693951,naive,n/a,per_party,fold_before,0,4,318,none,none,0,636,0,636,1908,636,online_verify_reconstruction_units,30,21.2,5
3,6,PRIME_MERSENNE_61,2305843009213693951,naive,n/a,total,fold_before,0,4,318,none,none,0,636,0,636,1908,1908,online_verify_reconstruction_units,90,21.2,5
3,6,PRIME_MERSENNE_61,2305843009213693951,dpss_model,n/a,per_party,fold_before,0,4,318,none,none,0,363,0,363,1089,363,online_verify_reconstruction_units,30,12.1,5
3,6,PRIME_MERSENNE_61,2305843009213693951,dpss_model,n/a,total,fold_before,0,4,318,none,none,0,363,0,363,1089,1089,online_verify_reconstruction_units,90,12.1,5
3,6,PRIME_MERSENNE_61,2305843009213693951,full_mask,n/a,per_party,fold_before,0,4,105,none,none,0,210,0,210,630,210,online_verify_reconstruction_units,30,7.0,5
3,6,PRIME_MERSENNE_61,2305843009213693951,full_mask,n/a,total,fold_before,0,4,105,none,none,0,210,0,210,630,630,online_verify_reconstruction_units,90,7.0,5
3,6,PRIME_MERSENNE_61,2305843009213693951,kernel_mask,n/a,per_party,fold_before,0,4,70,none,none,0,140,0,140,420,140,online_verify_reconstruction_units,30,4.666666666666667,5
3,6,PRIME_MERSENNE_61,2305843009213693951,kernel_mask,n/a,total,fold_before,0,4,70,none,none,0,140,0,140,420,420,online_verify_reconstruction_units,90,4.666666666666667,5
3,6,PRIME_MERSENNE_61,2305843009213693951,prss_local,local,per_party,fold_before,0,4,318,none,none,0,318,0,318,954,318,online_verify_reconstruction_units,30,10.6,5
3,6,PRIME_MERSENNE_61,2305843009213693951,prss_local,local,total,fold_before,0,4,318,none,none,0,318,0,318,954,954,online_verify_reconstruction_units,90,10.6,5
3,6,PRIME_MERSENNE_61,2305843009213693951,prss_local_seed_dpss,local,per_party,fold_before,0,4,318,dpss,one,1,318,50,368,1104,368,online_verify_reconstruction_units,30,12.266666666666667,5
3,6,PRIME_MERSENNE_61,2305843009213693951,prss_local_seed_dpss,local,total,fold_before,0,4,318,dpss,one,1,318,50,368,1104,1104,online_verify_reconstruction_units,90,12.266666666666667,5
3,6,PRIME_MERSENNE_61,2305843009213693951,prss_local_seed_naive,local,per_party,fold_before,0,4,318,naive,one,1,318,10,328,984,328,online_verify_reconstruction_units,30,10.933333333333334,5
3,6,PRIME_MERSENNE_61,2305843009213693951,prss_local_seed_naive,local,total,fold_before,0,4,318,naive,one,1,318,10,328,984,984,online_verify_reconstruction_units,90,10.933333333333334,5
3,6,PRIME_MERSENNE_61,2305843009213693951,prss_local_seed_dpss,local,per_party,fold_before,0,4,318,dpss,M,3,318,60,378,1134,378,online_verify_reconstruction_units,30,12.6,5
3,6,PRIME_MERSENNE_61,2305843009213693951,prss_local_seed_dpss,local,total,fold_before,0,4,318,dpss,M,3,318,60,378,1134,1134,online_verify_reconstruction_units,90,12.6,5
3,6,PRIME_MERSENNE_61,2305843009213693951,prss_local_seed_naive,local,per_party,fold_before,0,4,318,naive,M,3,318,30,348,1044,348,online_verify_reconstruction_units,30,11.6,5
3,6,PRIME_MERSENNE_61,2305843009213693951,prss_local_seed_naive,local,total,fold_before,0,4,318,naive,M,3,318,30,348,1044,1044,online_verify_reconstruction_units,90,11.6,5
3,6,PRIME_MERSENNE_61,2305843009213693951,prss_local_seed_dpss,local,per_party,fold_before,0,4,318,dpss,M_squared,9,318,90,408,1224,408,online_verify_reconstruction_units,30,13.6,5
3,6,PRIME_MERSENNE_61,2305843009213693951,prss_local_seed_dpss,local,total,fold_before,0,4,318,dpss,M_squared,9,318,90,408,1224,1224,online_verify_reconstruction_units,90,13.6,5
3,6,PRIME_MERSENNE_61,2305843009213693951,prss_local_seed_naive,local,per_party,fold_before,0,4,318,naive,M_squared,9,318,90,408,1224,408,online_verify_reconstruction_units,30,13.6,5
3,6,PRIME_MERSENNE_61,2305843009213693951,prss_local_seed_naive,local,total,fold_before,0,4,318,naive,M_squared,9,318,90,408,1224,1224,online_verify_reconstruction_units,90,13.6,5
3,6,PRIME_MERSENNE_61,2305843009213693951,prss_commit,commit,per_party,fold_before,0,4,318,none,none,0,328,0,328,984,328,online_verify_reconstruction_units,30,10.933333333333334,5
3,6,PRIME_MERSENNE_61,2305843009213693951,prss_commit,commit,total,fold_before,0,4,318,none,none,0,328,0,328,984,984,online_verify_reconstruction_units,90,10.933333333333334,5
3,6,PRIME_MERSENNE_61,2305843009213693951,prss_commit_seed_dpss,commit,per_party,fold_before,0,4,318,dpss,one,1,328,50,378,1134,378,online_verify_reconstruction_units,30,12.6,5
3,6,PRIME_MERSENNE_61,2305843009213693951,prss_commit_seed_dpss,commit,total,fold_before,0,4,318,dpss,one,1,328,50,378,1134,1134,online_verify_reconstruction_units,90,12.6,5
3,6,PRIME_MERSENNE_61,2305843009213693951,prss_commit_seed_naive,commit,per_party,fold_before,0,4,318,naive,one,1,328,10,338,1014,338,online_verify_reconstruction_units,30,11.266666666666667,5
3,6,PRIME_MERSENNE_61,2305843009213693951,prss_commit_seed_naive,commit,total,fold_before,0,4,318,naive,one,1,328,10,338,1014,1014,online_verify_reconstruction_units,90,11.266666666666667,5
3,6,PRIME_MERSENNE_61,2305843009213693951,prss_commit_seed_dpss,commit,per_party,fold_before,0,4,318,dpss,M,3,328,60,388,1164,388,online_verify_reconstruction_units,30,12.933333333333334,5
3,6,PRIME_MERSENNE_61,2305843009213693951,prss_commit_seed_dpss,commit,total,fold_before,0,4,318,dpss,M,3,328,60,388,1164,1164,online_verify_reconstruction_units,90,12.933333333333334,5
3,6,PRIME_MERSENNE_61,2305843009213693951,prss_commit_seed_naive,commit,per_party,fold_before,0,4,318,naive,M,3,328,30,358,1074,358,online_verify_reconstruction_units,30,11.933333333333334,5
3,6,PRIME_MERSENNE_61,2305843009213693951,prss_commit_seed_naive,commit,total,fold_before,0,4,318,naive,M,3,328,30,358,1074,1074,online_verify_reconstruction_units,90,11.933333333333334,5
3,6,PRIME_MERSENNE_61,2305843009213693951,prss_commit_seed_dpss,commit,per_party,fold_before,0,4,318,dpss,M_squared,9,328,90,418,1254,418,online_verify_reconstruction_units,30,13.933333333333334,5
3,6,PRIME_MERSENNE_61,2305843009213693951,prss_commit_seed_dpss,commit,total,fold_before,0,4,318,dpss,M_squared,9,328,90,418,1254,1254,online_verify_reconstruction_units,90,13.933333333333334,5
3,6,PRIME_MERSENNE_61,2305843009213693951,prss_commit_seed_naive,commit,per_party,fold_before,0,4,318,naive,M_squared,9,328,90,418,1254,418,online_verify_reconstruction_units,30,13.933333333333334,5
3,6,PRIME_MERSENNE_61,2305843009213693951,prss_commit_seed_naive,commit,total,fold_before,0,4,318,naive,M_squared,9,328,90,418,1254,1254,online_verify_reconstruction_units,90,13.933333333333334,5
3,6,PRIME_MERSENNE_61,2305843009213693951,prss_dispute,dispute,per_party,fold_before,0,4,318,none,none,0,338,0,338,1014,338,online_verify_reconstruction_units,30,11.266666666666667,5
3,6,PRIME_MERSENNE_61,2305843009213693951,prss_dispute,dispute,total,fold_before,0,4,318,none,none,0,338,0,338,1014,1014,online_verify_reconstruction_units,90,11.266666666666667,5
3,6,PRIME_MERSENNE_61,2305843009213693951,prss_dispute_seed_dpss,dispute,per_party,fold_before,0,4,318,dpss,one,1,338,50,388,1164,388,online_verify_reconstruction_units,30,12.933333333333334,5
3,6,PRIME_MERSENNE_61,2305843009213693951,prss_dispute_seed_dpss,dispute,total,fold_before,0,4,318,dpss,one,1,338,50,388,1164,1164,online_verify_reconstruction_units,90,12.933333333333334,5
3,6,PRIME_MERSENNE_61,2305843009213693951,prss_dispute_seed_naive,dispute,per_party,fold_before,0,4,318,naive,one,1,338,10,348,1044,348,online_verify_reconstruction_units,30,11.6,5
3,6,PRIME_MERSENNE_61,2305843009213693951,prss_dispute_seed_naive,dispute,total,fold_before,0,4,318,naive,one,1,338,10,348,1044,1044,online_verify_reconstruction_units,90,11.6,5
3,6,PRIME_MERSENNE_61,2305843009213693951,prss_dispute_seed_dpss,dispute,per_party,fold_before,0,4,318,dpss,M,3,338,60,398,1194,398,online_verify_reconstruction_units,30,13.266666666666667,5
3,6,PRIME_MERSENNE_61,2305843009213693951,prss_dispute_seed_dpss,dispute,total,fold_before,0,4,318,dpss,M,3,338,60,398,1194,1194,online_verify_reconstruction_units,90,13.266666666666667,5
3,6,PRIME_MERSENNE_61,2305843009213693951,prss_dispute_seed_naive,dispute,per_party,fold_before,0,4,318,naive,M,3,338,30,368,1104,368,online_verify_reconstruction_units,30,12.266666666666667,5
3,6,PRIME_MERSENNE_61,2305843009213693951,prss_dispute_seed_naive,dispute,total,fold_before,0,4,318,naive,M,3,338,30,368,1104,1104,online_verify_reconstruction_units,90,12.266666666666667,5
3,6,PRIME_MERSENNE_61,2305843009213693951,prss_dispute_seed_dpss,dispute,per_party,fold_before,0,4,318,dpss,M_squared,9,338,90,428,1284,428,online_verify_reconstruction_units,30,14.266666666666667,5
3,6,PRIME_MERSENNE_61,2305843009213693951,prss_dispute_seed_dpss,dispute,total,fold_before,0,4,318,dpss,M_squared,9,338,90,428,1284,1284,online_verify_reconstruction_units,90,14.266666666666667,5
3,6,PRIME_MERSENNE_61,2305843009213693951,prss_dispute_seed_naive,dispute,per_party,fold_before,0,4,318,naive,M_squared,9,338,90,428,1284,428,online_verify_reconstruction_units,30,14.266666666666667,5
3,6,PRIME_MERSENNE_61,2305843009213693951,prss_dispute_seed_naive,dispute,total,fold_before,0,4,318,naive,M_squared,9,338,90,428,1284,1284,online_verify_reconstruction_units,90,14.266666666666667,5
5,6,PRIME_MERSENNE_61,2305843009213693951,naive,n/a,per_party,fold_after,1,5,179,none,none,0,716,0,716,3580,716,online_verify_reconstruction_units,30,23.866666666666667,5
5,6,PRIME_MERSENNE_61,2305843009213693951,naive,n/a,total,fold_after,1,5,179,none,none,0,716,0,716,3580,3580,online_verify_reconstruction_units,150,23.866666666666667,5
5,6,PRIME_MERSENNE_61,2305843009213693951,dpss_model,n/a,per_party,fold_after,1,5,179,none,none,0,304,0,304,1520,304,online_verify_reconstruction_units,30,10.133333333333333,5
5,6,PRIME_MERSENNE_61,2305843009213693951,dpss_model,n/a,total,fold_after,1,5,179,none,none,0,304,0,304,1520,1520,online_verify_reconstruction_units,150,10.133333333333333,5
5,6,PRIME_MERSENNE_61,2305843009213693951,full_mask,n/a,per_party,fold_after,1,5,105,none,none,0,420,0,420,2100,420,online_verify_reconstruction_units,30,14.0,5
5,6,PRIME_MERSENNE_61,2305843009213693951,full_mask,n/a,total,fold_after,1,5,105,none,none,0,420,0,420,2100,2100,online_verify_reconstruction_units,150,14.0,5
5,6,PRIME_MERSENNE_61,2305843009213693951,kernel_mask,n/a,per_party,fold_after,1,5,55,none,none,0,220,0,220,1100,220,online_verify_reconstruction_units,30,7.333333333333333,5
5,6,PRIME_MERSENNE_61,2305843009213693951,kernel_mask,n/a,total,fold_after,1,5,55,none,none,0,220,0,220,1100,1100,online_verify_reconstruction_units,150,7.333333333333333,5
5,6,PRIME_MERSENNE_61,2305843009213693951,prss_local,local,per_party,fold_after,1,5,179,none,none,0,179,0,179,895,179,online_verify_reconstruction_units,30,5.966666666666667,5
5,6,PRIME_MERSENNE_61,2305843009213693951,prss_local,local,total,fold_after,1,5,179,none,none,0,179,0,179,895,895,online_verify_reconstruction_units,150,5.966666666666667,5
5,6,PRIME_MERSENNE_61,2305843009213693951,prss_local_seed_dpss,local,per_party,fold_after,1,5,179,dpss,one,1,179,130,309,1545,309,online_verify_reconstruction_units,30,10.3,5
5,6,PRIME_MERSENNE_61,2305843009213693951,prss_local_seed_dpss,local,total,fold_after,1,5,179,dpss,one,1,179,130,309,1545,1545,online_verify_reconstruction_units,150,10.3,5
5,6,PRIME_MERSENNE_61,2305843009213693951,prss_local_seed_naive,local,per_party,fold_after,1,5,179,naive,one,1,179,20,199,995,199,online_verify_reconstruction_units,30,6.633333333333334,5
5,6,PRIME_MERSENNE_61,2305843009213693951,prss_local_seed_naive,local,total,fold_after,1,5,179,naive,one,1,179,20,199,995,995,online_verify_reconstruction_units,150,6.633333333333334,5
5,6,PRIME_MERSENNE_61,2305843009213693951,prss_local_seed_dpss,local,per_party,fold_after,1,5,179,dpss,M,5,179,150,329,1645,329,online_verify_reconstruction_units,30,10.966666666666667,5
5,6,PRIME_MERSENNE_61,2305843009213693951,prss_local_seed_dpss,local,total,fold_after,1,5,179,dpss,M,5,179,150,329,1645,1645,online_verify_reconstruction_units,150,10.966666666666667,5
5,6,PRIME_MERSENNE_61,2305843009213693951,prss_local_seed_naive,local,per_party,fold_after,1,5,179,naive,M,5,179,100,279,1395,279,online_verify_reconstruction_units,30,9.3,5
5,6,PRIME_MERSENNE_61,2305843009213693951,prss_local_seed_naive,local,total,fold_after,1,5,179,naive,M,5,179,100,279,1395,1395,online_verify_reconstruction_units,150,9.3,5
5,6,PRIME_MERSENNE_61,2305843009213693951,prss_local_seed_dpss,local,per_party,fold_after,1,5,179,dpss,M_squared,25,179,250,429,2145,429,online_verify_reconstruction_units,30,14.3,5
5,6,PRIME_MERSENNE_61,2305843009213693951,prss_local_seed_dpss,local,total,fold_after,1,5,179,dpss,M_squared,25,179,250,429,2145,2145,online_verify_reconstruction_units,150,14.3,5
5,6,PRIME_MERSENNE_61,2305843009213693951,prss_local_seed_naive,local,per_party,fold_after,1,5,179,naive,M_squared,25,179,500,679,3395,679,online_verify_reconstruction_units,30,22.633333333333333,5
5,6,PRIME_MERSENNE_61,2305843009213693951,prss_local_seed_naive,local,total,fold_after,1,5,179,naive,M_squared,25,179,500,679,3395,3395,online_verify_reconstruction_units,150,22.633333333333333,5
5,6,PRIME_MERSENNE_61,2305843009213693951,prss_commit,commit,per_party,fold_after,1,5,179,none,none,0,199,0,199,995,199,online_verify_reconstruction_units,30,6.633333333333334,5
5,6,PRIME_MERSENNE_61,2305843009213693951,prss_commit,commit,total,fold_after,1,5,179,none,none,0,199,0,199,995,995,online_verify_reconstruction_units,150,6.633333333333334,5
5,6,PRIME_MERSENNE_61,2305843009213693951,prss_commit_seed_dpss,commit,per_party,fold_after,1,5,179,dpss,one,1,199,130,329,1645,329,online_verify_reconstruction_units,30,10.966666666666667,5
5,6,PRIME_MERSENNE_61,2305843009213693951,prss_commit_seed_dpss,commit,total,fold_after,1,5,179,dpss,one,1,199,130,329,1645,1645,online_verify_reconstruction_units,150,10.966666666666667,5
5,6,PRIME_MERSENNE_61,2305843009213693951,prss_commit_seed_naive,commit,per_party,fold_after,1,5,179,naive,one,1,199,20,219,1095,219,online_verify_reconstruction_units,30,7.3,5
5,6,PRIME_MERSENNE_61,2305843009213693951,prss_commit_seed_naive,commit,total,fold_after,1,5,179,naive,one,1,199,20,219,1095,1095,online_verify_reconstruction_units,150,7.3,5
5,6,PRIME_MERSENNE_61,2305843009213693951,prss_commit_seed_dpss,commit,per_party,fold_after,1,5,179,dpss,M,5,199,150,349,1745,349,online_verify_reconstruction_units,30,11.633333333333333,5
5,6,PRIME_MERSENNE_61,2305843009213693951,prss_commit_seed_dpss,commit,total,fold_after,1,5,179,dpss,M,5,199,150,349,1745,1745,online_verify_reconstruction_units,150,11.633333333333333,5
5,6,PRIME_MERSENNE_61,2305843009213693951,prss_commit_seed_naive,commit,per_party,fold_after,1,5,179,naive,M,5,199,100,299,1495,299,online_verify_reconstruction_units,30,9.966666666666667,5
5,6,PRIME_MERSENNE_61,2305843009213693951,prss_commit_seed_naive,commit,total,fold_after,1,5,179,naive,M,5,199,100,299,1495,1495,online_verify_reconstruction_units,150,9.966666666666667,5
5,6,PRIME_MERSENNE_61,2305843009213693951,prss_commit_seed_dpss,commit,per_party,fold_after,1,5,179,dpss,M_squared,25,199,250,449,2245,449,online_verify_reconstruction_units,30,14.966666666666667,5
5,6,PRIME_MERSENNE_61,2305843009213693951,prss_commit_seed_dpss,commit,total,fold_after,1,5,179,dpss,M_squared,25,199,250,449,2245,2245,online_verify_reconstruction_units,150,14.966666666666667,5
5,6,PRIME_MERSENNE_61,2305843009213693951,prss_commit_seed_naive,commit,per_party,fold_after,1,5,179,naive,M_squared,25,199,500,699,3495,699,online_verify_reconstruction_units,30,23.3,5
5,6,PRIME_MERSENNE_61,2305843009213693951,prss_commit_seed_naive,commit,total,fold_after,1,5,179,naive,M_squared,25,199,500,699,3495,3495,online_verify_reconstruction_units,150,23.3,5
5,6,PRIME_MERSENNE_61,2305843009213693951,prss_dispute,dispute,per_party,fold_after,1,5,179,none,none,0,239,0,239,1195,239,online_verify_reconstruction_units,30,7.966666666666667,5
5,6,PRIME_MERSENNE_61,2305843009213693951,prss_dispute,dispute,total,fold_after,1,5,179,none,none,0,239,0,239,1195,1195,online_verify_reconstruction_units,150,7.966666666666667,5
5,6,PRIME_MERSENNE_61,2305843009213693951,prss_dispute_seed_dpss,dispute,per_party,fold_after,1,5,179,dpss,one,1,239,130,369,1845,369,online_verify_reconstruction_units,30,12.3,5
5,6,PRIME_MERSENNE_61,2305843009213693951,prss_dispute_seed_dpss,dispute,total,fold_after,1,5,179,dpss,one,1,239,130,369,1845,1845,online_verify_reconstruction_units,150,12.3,5
5,6,PRIME_MERSENNE_61,2305843009213693951,prss_dispute_seed_naive,dispute,per_party,fold_after,1,5,179,naive,one,1,239,20,259,1295,259,online_verify_reconstruction_units,30,8.633333333333333,5
5,6,PRIME_MERSENNE_61,2305843009213693951,prss_dispute_seed_naive,dispute,total,fold_after,1,5,179,naive,one,1,239,20,259,1295,1295,online_verify_reconstruction_units,150,8.633333333333333,5
5,6,PRIME_MERSENNE_61,2305843009213693951,prss_dispute_seed_dpss,dispute,per_party,fold_after,1,5,179,dpss,M,5,239,150,389,1945,389,online_verify_reconstruction_units,30,12.966666666666667,5
5,6,PRIME_MERSENNE_61,2305843009213693951,prss_dispute_seed_dpss,dispute,total,fold_after,1,5,179,dpss,M,5,239,150,389,1945,1945,online_verify_reconstruction_units,150,12.966666666666667,5
5,6,PRIME_MERSENNE_61,2305843009213693951,prss_dispute_seed_naive,dispute,per_party,fold_after,1,5,179,naive,M,5,239,100,339,1695,339,online_verify_reconstruction_units,30,11.3,5
5,6,PRIME_MERSENNE_61,2305843009213693951,prss_dispute_seed_naive,dispute,total,fold_after,1,5,179,naive,M,5,239,100,339,1695,1695,online_verify_reconstruction_units,150,11.3,5
5,6,PRIME_MERSENNE_61,2305843009213693951,prss_dispute_seed_dpss,dispute,per_party,fold_after,1,5,179,dpss,M_squared,25,239,250,489,2445,489,online_verify_reconstruction_units,30,16.3,5
5,6,PRIME_MERSENNE_61,2305843009213693951,prss_dispute_seed_dpss,dispute,total,fold_after,1,5,179,dpss,M_squared,25,239,250,489,2445,2445,online_verify_reconstruction_units,150,16.3,5
5,6,PRIME_MERSENNE_61,2305843009213693951,prss_dispute_seed_naive,dispute,per_party,fold_after,1,5,179,naive,M_squared,25,239,500,739,3695,739,online_verify_reconstruction_units,30,24.633333333333333,5
5,6,PRIME_MERSENNE_61,2305843009213693951,prss_dispute_seed_naive,dispute,total,fold_after,1,5,179,naive,M_squared,25,239,500,739,3695,3695,online_verify_reconstruction_units,150,24.633333333333333,5
5,6,PRIME_MERSENNE_61,2305843009213693951,naive,n/a,per_party,fold_before,0,4,318,none,none,0,1272,0,1272,6360,1272,online_verify_reconstruction_units,30,42.4,5
5,6,PRIME_MERSENNE_61,2305843009213693951,naive,n/a,total,fold_before,0,4,318,none,none,0,1272,0,1272,6360,6360,online_verify_reconstruction_units,150,42.4,5
5,6,PRIME_MERSENNE_61,2305843009213693951,dpss_model,n/a,per_party,fold_before,0,4,318,none,none,0,443,0,443,2215,443,online_verify_reconstruction_units,30,14.766666666666667,5
5,6,PRIME_MERSENNE_61,2305843009213693951,dpss_model,n/a,total,fold_before,0,4,318,none,none,0,443,0,443,2215,2215,online_verify_reconstruction_units,150,14.766666666666667,5
5,6,PRIME_MERSENNE_61,2305843009213693951,full_mask,n/a,per_party,fold_before,0,4,105,none,none,0,420,0,420,2100,420,online_verify_reconstruction_units,30,14.0,5
5,6,PRIME_MERSENNE_61,2305843009213693951,full_mask,n/a,total,fold_before,0,4,105,none,none,0,420,0,420,2100,2100,online_verify_reconstruction_units,150,14.0,5
5,6,PRIME_MERSENNE_61,2305843009213693951,kernel_mask,n/a,per_party,fold_before,0,4,70,none,none,0,280,0,280,1400,280,online_verify_reconstruction_units,30,9.333333333333334,5
5,6,PRIME_MERSENNE_61,2305843009213693951,kernel_mask,n/a,total,fold_before,0,4,70,none,none,0,280,0,280,1400,1400,online_verify_reconstruction_units,150,9.333333333333334,5
5,6,PRIME_MERSENNE_61,2305843009213693951,prss_local,local,per_party,fold_before,0,4,318,none,none,0,318,0,318,1590,318,online_verify_reconstruction_units,30,10.6,5
5,6,PRIME_MERSENNE_61,2305843009213693951,prss_local,local,total,fold_before,0,4,318,none,none,0,318,0,318,1590,1590,online_verify_reconstruction_units,150,10.6,5
5,6,PRIME_MERSENNE_61,2305843009213693951,prss_local_seed_dpss,local,per_party,fold_before,0,4,318,dpss,one,1,318,130,448,2240,448,online_verify_reconstruction_units,30,14.933333333333334,5
5,6,PRIME_MERSENNE_61,2305843009213693951,prss_local_seed_dpss,local,total,fold_before,0,4,318,dpss,one,1,318,130,448,2240,2240,online_verify_reconstruction_units,150,14.933333333333334,5
5,6,PRIME_MERSENNE_61,2305843009213693951,prss_local_seed_naive,local,per_party,fold_before,0,4,318,naive,one,1,318,20,338,1690,338,online_verify_reconstruction_units,30,11.266666666666667,5
5,6,PRIME_MERSENNE_61,2305843009213693951,prss_local_seed_naive,local,total,fold_before,0,4,318,naive,one,1,318,20,338,1690,1690,online_verify_reconstruction_units,150,11.266666666666667,5
5,6,PRIME_MERSENNE_61,2305843009213693951,prss_local_seed_dpss,local,per_party,fold_before,0,4,318,dpss,M,5,318,150,468,2340,468,online_verify_reconstruction_units,30,15.6,5
5,6,PRIME_MERSENNE_61,2305843009213693951,prss_local_seed_dpss,local,total,fold_before,0,4,318,dpss,M,5,318,150,468,2340,2340,online_verify_reconstruction_units,150,15.6,5
5,6,PRIME_MERSENNE_61,2305843009213693951,prss_local_seed_naive,local,per_party,fold_before,0,4,318,naive,M,5,318,100,418,2090,418,online_verify_reconstruction_units,30,13.933333333333334,5
5,6,PRIME_MERSENNE_61,2305843009213693951,prss_local_seed_naive,local,total,fold_before,0,4,318,naive,M,5,318,100,418,2090,2090,online_verify_reconstruction_units,150,13.933333333333334,5
5,6,PRIME_MERSENNE_61,2305843009213693951,prss_local_seed_dpss,local,per_party,fold_before,0,4,318,dpss,M_squared,25,318,250,568,2840,568,online_verify_reconstruction_units,30,18.933333333333334,5
5,6,PRIME_MERSENNE_61,2305843009213693951,prss_local_seed_dpss,local,total,fold_before,0,4,318,dpss,M_squared,25,318,250,568,2840,2840,online_verify_reconstruction_units,150,18.933333333333334,5
5,6,PRIME_MERSENNE_61,2305843009213693951,prss_local_seed_naive,local,per_party,fold_before,0,4,318,naive,M_squared,25,318,500,818,4090,818,online_verify_reconstruction_units,30,27.266666666666666,5
5,6,PRIME_MERSENNE_61,2305843009213693951,prss_local_seed_naive,local,total,fold_before,0,4,318,naive,M_squared,25,318,500,818,4090,4090,online_verify_reconstruction_units,150,27.266666666666666,5
5,6,PRIME_MERSENNE_61,2305843009213693951,prss_commit,commit,per_party,fold_before,0,4,318,none,none,0,338,0,338,1690,338,online_verify_reconstruction_units,30,11.266666666666667,5
5,6,PRIME_MERSENNE_61,2305843009213693951,prss_commit,commit,total,fold_before,0,4,318,none,none,0,338,0,338,1690,1690,online_verify_reconstruction_units,150,11.266666666666667,5
5,6,PRIME_MERSENNE_61,2305843009213693951,prss_commit_seed_dpss,commit,per_party,fold_before,0,4,318,dpss,one,1,338,130,468,2340,468,online_verify_reconstruction_units,30,15.6,5
5,6,PRIME_MERSENNE_61,2305843009213693951,prss_commit_seed_dpss,commit,total,fold_before,0,4,318,dpss,one,1,338,130,468,2340,2340,online_verify_reconstruction_units,150,15.6,5
5,6,PRIME_MERSENNE_61,2305843009213693951,prss_commit_seed_naive,commit,per_party,fold_before,0,4,318,naive,one,1,338,20,358,1790,358,online_verify_reconstruction_units,30,11.933333333333334,5
5,6,PRIME_MERSENNE_61,2305843009213693951,prss_commit_seed_naive,commit,total,fold_before,0,4,318,naive,one,1,338,20,358,1790,1790,online_verify_reconstruction_units,150,11.933333333333334,5
5,6,PRIME_MERSENNE_61,2305843009213693951,prss_commit_seed_dpss,commit,per_party,fold_before,0,4,318,dpss,M,5,338,150,488,2440,488,online_verify_reconstruction_units,30,16.266666666666666,5
5,6,PRIME_MERSENNE_61,2305843009213693951,prss_commit_seed_dpss,commit,total,fold_before,0,4,318,dpss,M,5,338,150,488,2440,2440,online_verify_reconstruction_units,150,16.266666666666666,5
5,6,PRIME_MERSENNE_61,2305843009213693951,prss_commit_seed_naive,commit,per_party,fold_before,0,4,318,naive,M,5,338,100,438,2190,438,online_verify_reconstruction_units,30,14.6,5
5,6,PRIME_MERSENNE_61,2305843009213693951,prss_commit_seed_naive,commit,total,fold_before,0,4,318,naive,M,5,338,100,438,2190,2190,online_verify_reconstruction_units,150,14.6,5
5,6,PRIME_MERSENNE_61,2305843009213693951,prss_commit_seed_dpss,commit,per_party,fold_before,0,4,318,dpss,M_squared,25,338,250,588,2940,588,online_verify_reconstruction_units,30,19.6,5
5,6,PRIME_MERSENNE_61,2305843009213693951,prss_commit_seed_dpss,commit,total,fold_before,0,4,318,dpss,M_squared,25,338,250,588,2940,2940,online_verify_reconstruction_units,150,19.6,5
5,6,PRIME_MERSENNE_61,2305843009213693951,prss_commit_seed_naive,commit,per_party,fold_before,0,4,318,naive,M_squared,25,338,500,838,4190,838,online_verify_reconstruction_units,30,27.933333333333334,5
5,6,PRIME_MERSENNE_61,2305843009213693951,prss_commit_seed_naive,commit,total,fold_before,0,4,318,naive,M_squared,25,338,500,838,4190,4190,online_verify_reconstruction_units,150,27.933333333333334,5
5,6,PRIME_MERSENNE_61,2305843009213693951,prss_dispute,dispute,per_party,fold_before,0,4,318,none,none,0,378,0,378,1890,378,online_verify_reconstruction_units,30,12.6,5
5,6,PRIME_MERSENNE_61,2305843009213693951,prss_dispute,dispute,total,fold_before,0,4,318,none,none,0,378,0,378,1890,1890,online_verify_reconstruction_units,150,12.6,5
5,6,PRIME_MERSENNE_61,2305843009213693951,prss_dispute_seed_dpss,dispute,per_party,fold_before,0,4,318,dpss,one,1,378,130,508,2540,508,online_verify_reconstruction_units,30,16.933333333333334,5
5,6,PRIME_MERSENNE_61,2305843009213693951,prss_dispute_seed_dpss,dispute,total,fold_before,0,4,318,dpss,one,1,378,130,508,2540,2540,online_verify_reconstruction_units,150,16.933333333333334,5
5,6,PRIME_MERSENNE_61,2305843009213693951,prss_dispute_seed_naive,dispute,per_party,fold_before,0,4,318,naive,one,1,378,20,398,1990,398,online_verify_reconstruction_units,30,13.266666666666667,5
5,6,PRIME_MERSENNE_61,2305843009213693951,prss_dispute_seed_naive,dispute,total,fold_before,0,4,318,naive,one,1,378,20,398,1990,1990,online_verify_reconstruction_units,150,13.266666666666667,5
5,6,PRIME_MERSENNE_61,2305843009213693951,prss_dispute_seed_dpss,dispute,per_party,fold_before,0,4,318,dpss,M,5,378,150,528,2640,528,online_verify_reconstruction_units,30,17.6,5
5,6,PRIME_MERSENNE_61,2305843009213693951,prss_dispute_seed_dpss,dispute,total,fold_before,0,4,318,dpss,M,5,378,150,528,2640,2640,online_verify_reconstruction_units,150,17.6,5
5,6,PRIME_MERSENNE_61,2305843009213693951,prss_dispute_seed_naive,dispute,per_party,fold_before,0,4,318,naive,M,5,378,100,478,2390,478,online_verify_reconstruction_units,30,15.933333333333334,5
5,6,PRIME_MERSENNE_61,2305843009213693951,prss_dispute_seed_naive,dispute,total,fold_before,0,4,318,naive,M,5,378,100,478,2390,2390,online_verify_reconstruction_units,150,15.933333333333334,5
5,6,PRIME_MERSENNE_61,2305843009213693951,prss_dispute_seed_dpss,dispute,per_party,fold_before,0,4,318,dpss,M_squared,25,378,250,628,3140,628,online_verify_reconstruction_units,30,20.933333333333334,5
5,6,PRIME_MERSENNE_61,2305843009213693951,prss_dispute_seed_dpss,dispute,total,fold_before,0,4,318,dpss,M_squared,25,378,250,628,3140,3140,online_verify_reconstruction_units,150,20.933333333333334,5
5,6,PRIME_MERSENNE_61,2305843009213693951,prss_dispute_seed_naive,dispute,per_party,fold_before,0,4,318,naive,M_squared,25,378,500,878,4390,878,online_verify_reconstruction_units,30,29.266666666666666,5
5,6,PRIME_MERSENNE_61,2305843009213693951,prss_dispute_seed_naive,dispute,total,fold_before,0,4,318,naive,M_squared,25,378,500,878,4390,4390,online_verify_reconstruction_units,150,29.266666666666666,5
7,6,PRIME_MERSENNE_61,2305843009213693951,naive,n/a,per_party,fold_after,1,5,179,none,none,0,1074,0,1074,7518,1074,online_verify_reconstruction_units,30,35.8,5
7,6,PRIME_MERSENNE_61,2305843009213693951,naive,n/a,total,fold_after,1,5,179,none,none,0,1074,0,1074,7518,7518,online_verify_reconstruction_units,210,35.8,5
7,6,PRIME_MERSENNE_61,2305843009213693951,dpss_model,n/a,per_party,fold_after,1,5,179,none,none,0,424,0,424,2968,424,online_verify_reconstruction_units,30,14.133333333333333,5
7,6,PRIME_MERSENNE_61,2305843009213693951,dpss_model,n/a,total,fold_after,1,5,179,none,none,0,424,0,424,2968,2968,online_verify_reconstruction_units,210,14.133333333333333,5
7,6,PRIME_MERSENNE_61,2305843009213693951,full_mask,n/a,per_party,fold_after,1,5,105,none,none,0,630,0,630,4410,630,online_verify_reconstruction_units,30,21.0,5
7,6,PRIME_MERSENNE_61,2305843009213693951,full_mask,n/a,total,fold_after,1,5,105,none,none,0,630,0,630,4410,4410,online_verify_reconstruction_units,210,21.0,5
7,6,PRIME_MERSENNE_61,2305843009213693951,kernel_mask,n/a,per_party,fold_after,1,5,55,none,none,0,330,0,330,2310,330,online_verify_reconstruction_units,30,11.0,5
7,6,PRIME_MERSENNE_61,2305843009213693951,kernel_mask,n/a,total,fold_after,1,5,55,none,none,0,330,0,330,2310,2310,online_verify_reconstruction_units,210,11.0,5
7,6,PRIME_MERSENNE_61,2305843009213693951,prss_local,local,per_party,fold_after,1,5,179,none,none,0,179,0,179,1253,179,online_verify_reconstruction_units,30,5.966666666666667,5
7,6,PRIME_MERSENNE_61,2305843009213693951,prss_local,local,total,fold_after,1,5,179,none,none,0,179,0,179,1253,1253,online_verify_reconstruction_units,210,5.966666666666667,5
7,6,PRIME_MERSENNE_61,2305843009213693951,prss_local_seed_dpss,local,per_party,fold_after,1,5,179,dpss,one,1,179,250,429,3003,429,online_verify_reconstruction_units,30,14.3,5
7,6,PRIME_MERSENNE_61,2305843009213693951,prss_local_seed_dpss,local,total,fold_after,1,5,179,dpss,one,1,179,250,429,3003,3003,online_verify_reconstruction_units,210,14.3,5
7,6,PRIME_MERSENNE_61,2305843009213693951,prss_local_seed_naive,local,per_party,fold_after,1,5,179,naive,one,1,179,30,209,1463,209,online_verify_reconstruction_units,30,6.966666666666667,5
7,6,PRIME_MERSENNE_61,2305843009213693951,prss_local_seed_naive,local,total,fold_after,1,5,179,naive,one,1,179,30,209,1463,1463,online_verify_reconstruction_units,210,6.966666666666667,5
7,6,PRIME_MERSENNE_61,2305843009213693951,prss_local_seed_dpss,local,per_party,fold_after,1,5,179,dpss,M,7,179,280,459,3213,459,online_verify_reconstruction_units,30,15.3,5
7,6,PRIME_MERSENNE_61,2305843009213693951,prss_local_seed_dpss,local,total,fold_after,1,5,179,dpss,M,7,179,280,459,3213,3213,online_verify_reconstruction_units,210,15.3,5
7,6,PRIME_MERSENNE_61,2305843009213693951,prss_local_seed_naive,local,per_party,fold_after,1,5,179,naive,M,7,179,210,389,2723,389,online_verify_reconstruction_units,30,12.966666666666667,5
7,6,PRIME_MERSENNE_61,2305843009213693951,prss_local_seed_naive,local,total,fold_after,1,5,179,naive,M,7,179,210,389,2723,2723,online_verify_reconstruction_units,210,12.966666666666667,5
7,6,PRIME_MERSENNE_61,2305843009213693951,prss_local_seed_dpss,local,per_party,fold_after,1,5,179,dpss,M_squared,49,179,490,669,4683,669,online_verify_reconstruction_units,30,22.3,5
7,6,PRIME_MERSENNE_61,2305843009213693951,prss_local_seed_dpss,local,total,fold_after,1,5,179,dpss,M_squared,49,179,490,669,4683,4683,online_verify_reconstruction_units,210,22.3,5
7,6,PRIME_MERSENNE_61,2305843009213693951,prss_local_seed_naive,local,per_party,fold_after,1,5,179,naive,M_squared,49,179,1470,1649,11543,1649,online_verify_reconstruction_units,30,54.96666666666667,5
7,6,PRIME_MERSENNE_61,2305843009213693951,prss_local_seed_naive,local,total,fold_after,1,5,179,naive,M_squared,49,179,1470,1649,11543,11543,online_verify_reconstruction_units,210,54.96666666666667,5
7,6,PRIME_MERSENNE_61,2305843009213693951,prss_commit,commit,per_party,fold_after,1,5,179,none,none,0,209,0,209,1463,209,online_verify_reconstruction_units,30,6.966666666666667,5
7,6,PRIME_MERSENNE_61,2305843009213693951,prss_commit,commit,total,fold_after,1,5,179,none,none,0,209,0,209,1463,1463,online_verify_reconstruction_units,210,6.966666666666667,5
7,6,PRIME_MERSENNE_61,2305843009213693951,prss_commit_seed_dpss,commit,per_party,fold_after,1,5,179,dpss,one,1,209,250,459,3213,459,online_verify_reconstruction_units,30,15.3,5
7,6,PRIME_MERSENNE_61,2305843009213693951,prss_commit_seed_dpss,commit,total,fold_after,1,5,179,dpss,one,1,209,250,459,3213,3213,online_verify_reconstruction_units,210,15.3,5
7,6,PRIME_MERSENNE_61,2305843009213693951,prss_commit_seed_naive,commit,per_party,fold_after,1,5,179,naive,one,1,209,30,239,1673,239,online_verify_reconstruction_units,30,7.966666666666667,5
7,6,PRIME_MERSENNE_61,2305843009213693951,prss_commit_seed_naive,commit,total,fold_after,1,5,179,naive,one,1,209,30,239,1673,1673,online_verify_reconstruction_units,210,7.966666666666667,5
7,6,PRIME_MERSENNE_61,2305843009213693951,prss_commit_seed_dpss,commit,per_party,fold_after,1,5,179,dpss,M,7,209,280,489,3423,489,online_verify_reconstruction_units,30,16.3,5
7,6,PRIME_MERSENNE_61,2305843009213693951,prss_commit_seed_dpss,commit,total,fold_after,1,5,179,dpss,M,7,209,280,489,3423,3423,online_verify_reconstruction_units,210,16.3,5
7,6,PRIME_MERSENNE_61,2305843009213693951,prss_commit_seed_naive,commit,per_party,fold_after,1,5,179,naive,M,7,209,210,419,2933,419,online_verify_reconstruction_units,30,13.966666666666667,5
7,6,PRIME_MERSENNE_61,2305843009213693951,prss_commit_seed_naive,commit,total,fold_after,1,5,179,naive,M,7,209,210,419,2933,2933,online_verify_reconstruction_units,210,13.966666666666667,5
7,6,PRIME_MERSENNE_61,2305843009213693951,prss_commit_seed_dpss,commit,per_party,fold_after,1,5,179,dpss,M_squared,49,209,490,699,4893,699,online_verify_reconstruction_units,30,23.3,5
7,6,PRIME_MERSENNE_61,2305843009213693951,prss_commit_seed_dpss,commit,total,fold_after,1,5,179,dpss,M_squared,49,209,490,699,4893,4893,online_verify_reconstruction_units,210,23.3,5
7,6,PRIME_MERSENNE_61,2305843009213693951,prss_commit_seed_naive,commit,per_party,fold_after,1,5,179,naive,M_squared,49,209,1470,1679,11753,1679,online_verify_reconstruction_units,30,55.96666666666667,5
7,6,PRIME_MERSENNE_61,2305843009213693951,prss_commit_seed_naive,commit,total,fold_after,1,5,179,naive,M_squared,49,209,1470,1679,11753,11753,online_verify_reconstruction_units,210,55.96666666666667,5
7,6,PRIME_MERSENNE_61,2305843009213693951,prss_dispute,dispute,per_party,fold_after,1,5,179,none,none,0,269,0,269,1883,269,online_verify_reconstruction_units,30,8.966666666666667,5
7,6,PRIME_MERSENNE_61,2305843009213693951,prss_dispute,dispute,total,fold_after,1,5,179,none,none,0,269,0,269,1883,1883,online_verify_reconstruction_units,210,8.966666666666667,5
7,6,PRIME_MERSENNE_61,2305843009213693951,prss_dispute_seed_dpss,dispute,per_party,fold_after,1,5,179,dpss,one,1,269,250,519,3633,519,online_verify_reconstruction_units,30,17.3,5
7,6,PRIME_MERSENNE_61,2305843009213693951,prss_dispute_seed_dpss,dispute,total,fold_after,1,5,179,dpss,one,1,269,250,519,3633,3633,online_verify_reconstruction_units,210,17.3,5
7,6,PRIME_MERSENNE_61,2305843009213693951,prss_dispute_seed_naive,dispute,per_party,fold_after,1,5,179,naive,one,1,269,30,299,2093,299,online_verify_reconstruction_units,30,9.966666666666667,5
7,6,PRIME_MERSENNE_61,2305843009213693951,prss_dispute_seed_naive,dispute,total,fold_after,1,5,179,naive,one,1,269,30,299,2093,2093,online_verify_reconstruction_units,210,9.966666666666667,5
7,6,PRIME_MERSENNE_61,2305843009213693951,prss_dispute_seed_dpss,dispute,per_party,fold_after,1,5,179,dpss,M,7,269,280,549,3843,549,online_verify_reconstruction_units,30,18.3,5
7,6,PRIME_MERSENNE_61,2305843009213693951,prss_dispute_seed_dpss,dispute,total,fold_after,1,5,179,dpss,M,7,269,280,549,3843,3843,online_verify_reconstruction_units,210,18.3,5
7,6,PRIME_MERSENNE_61,2305843009213693951,prss_dispute_seed_naive,dispute,per_party,fold_after,1,5,179,naive,M,7,269,210,479,3353,479,online_verify_reconstruction_units,30,15.966666666666667,5
7,6,PRIME_MERSENNE_61,2305843009213693951,prss_dispute_seed_naive,dispute,total,fold_after,1,5,179,naive,M,7,269,210,479,3353,3353,online_verify_reconstruction_units,210,15.966666666666667,5
7,6,PRIME_MERSENNE_61,2305843009213693951,prss_dispute_seed_dpss,dispute,per_party,fold_after,1,5,179,dpss,M_squared,49,269,490,759,5313,759,online_verify_reconstruction_units,30,25.3,5
7,6,PRIME_MERSENNE_61,2305843009213693951,prss_dispute_seed_dpss,dispute,total,fold_after,1,5,179,dpss,M_squared,49,269,490,759,5313,5313,online_verify_reconstruction_units,210,25.3,5
7,6,PRIME_MERSENNE_61,2305843009213693951,prss_dispute_seed_naive,dispute,per_party,fold_after,1,5,179,naive,M_squared,49,269,1470,1739,12173,1739,online_verify_reconstruction_units,30,57.96666666666667,5
7,6,PRIME_MERSENNE_61,2305843009213693951,prss_dispute_seed_naive,dispute,total,fold_after,1,5,179,naive,M_squared,49,269,1470,1739,12173,12173,online_verify_reconstruction_units,210,57.96666666666667,5
7,6,PRIME_MERSENNE_61,2305843009213693951,naive,n/a,per_party,fold_before,0,4,318,none,none,0,1908,0,1908,13356,1908,online_verify_reconstruction_units,30,63.6,5
7,6,PRIME_MERSENNE_61,2305843009213693951,naive,n/a,total,fold_before,0,4,318,none,none,0,1908,0,1908,13356,13356,online_verify_reconstruction_units,210,63.6,5
7,6,PRIME_MERSENNE_61,2305843009213693951,dpss_model,n/a,per_party,fold_before,0,4,318,none,none,0,563,0,563,3941,563,online_verify_reconstruction_units,30,18.766666666666666,5
7,6,PRIME_MERSENNE_61,2305843009213693951,dpss_model,n/a,total,fold_before,0,4,318,none,none,0,563,0,563,3941,3941,online_verify_reconstruction_units,210,18.766666666666666,5
7,6,PRIME_MERSENNE_61,2305843009213693951,full_mask,n/a,per_party,fold_before,0,4,105,none,none,0,630,0,630,4410,630,online_verify_reconstruction_units,30,21.0,5
7,6,PRIME_MERSENNE_61,2305843009213693951,full_mask,n/a,total,fold_before,0,4,105,none,none,0,630,0,630,4410,4410,online_verify_reconstruction_units,210,21.0,5
7,6,PRIME_MERSENNE_61,2305843009213693951,kernel_mask,n/a,per_party,fold_before,0,4,70,none,none,0,420,0,420,2940,420,online_verify_reconstruction_units,30,14.0,5
7,6,PRIME_MERSENNE_61,2305843009213693951,kernel_mask,n/a,total,fold_before,0,4,70,none,none,0,420,0,420,2940,2940,online_verify_reconstruction_units,210,14.0,5
7,6,PRIME_MERSENNE_61,2305843009213693951,prss_local,local,per_party,fold_before,0,4,318,none,none,0,318,0,318,2226,318,online_verify_reconstruction_units,30,10.6,5
7,6,PRIME_MERSENNE_61,2305843009213693951,prss_local,local,total,fold_before,0,4,318,none,none,0,318,0,318,2226,2226,online_verify_reconstruction_units,210,10.6,5
7,6,PRIME_MERSENNE_61,2305843009213693951,prss_local_seed_dpss,local,per_party,fold_before,0,4,318,dpss,one,1,318,250,568,3976,568,online_verify_reconstruction_units,30,18.933333333333334,5
7,6,PRIME_MERSENNE_61,2305843009213693951,prss_local_seed_dpss,local,total,fold_before,0,4,318,dpss,one,1,318,250,568,3976,3976,online_verify_reconstruction_units,210,18.933333333333334,5
7,6,PRIME_MERSENNE_61,2305843009213693951,prss_local_seed_naive,local,per_party,fold_before,0,4,318,naive,one,1,318,30,348,2436,348,online_verify_reconstruction_units,30,11.6,5
7,6,PRIME_MERSENNE_61,2305843009213693951,prss_local_seed_naive,local,total,fold_before,0,4,318,naive,one,1,318,30,348,2436,2436,online_verify_reconstruction_units,210,11.6,5
7,6,PRIME_MERSENNE_61,2305843009213693951,prss_local_seed_dpss,local,per_party,fold_before,0,4,318,dpss,M,7,318,280,598,4186,598,online_verify_reconstruction_units,30,19.933333333333334,5
7,6,PRIME_MERSENNE_61,2305843009213693951,prss_local_seed_dpss,local,total,fold_before,0,4,318,dpss,M,7,318,280,598,4186,4186,online_verify_reconstruction_units,210,19.933333333333334,5
7,6,PRIME_MERSENNE_61,2305843009213693951,prss_local_seed_naive,local,per_party,fold_before,0,4,318,naive,M,7,318,210,528,3696,528,online_verify_reconstruction_units,30,17.6,5
7,6,PRIME_MERSENNE_61,2305843009213693951,prss_local_seed_naive,local,total,fold_before,0,4,318,naive,M,7,318,210,528,3696,3696,online_verify_reconstruction_units,210,17.6,5
7,6,PRIME_MERSENNE_61,2305843009213693951,prss_local_seed_dpss,local,per_party,fold_before,0,4,318,dpss,M_squared,49,318,490,808,5656,808,online_verify_reconstruction_units,30,26.933333333333334,5
7,6,PRIME_MERSENNE_61,2305843009213693951,prss_local_seed_dpss,local,total,fold_before,0,4,318,dpss,M_squared,49,318,490,808,5656,5656,online_verify_reconstruction_units,210,26.933333333333334,5
7,6,PRIME_MERSENNE_61,2305843009213693951,prss_local_seed_naive,local,per_party,fold_before,0,4,318,naive,M_squared,49,318,1470,1788,12516,1788,online_verify_reconstruction_units,30,59.6,5
7,6,PRIME_MERSENNE_61,2305843009213693951,prss_local_seed_naive,local,total,fold_before,0,4,318,naive,M_squared,49,318,1470,1788,12516,12516,online_verify_reconstruction_units,210,59.6,5
7,6,PRIME_MERSENNE_61,2305843009213693951,prss_commit,commit,per_party,fold_before,0,4,318,none,none,0,348,0,348,2436,348,online_verify_reconstruction_units,30,11.6,5
7,6,PRIME_MERSENNE_61,2305843009213693951,prss_commit,commit,total,fold_before,0,4,318,none,none,0,348,0,348,2436,2436,online_verify_reconstruction_units,210,11.6,5
7,6,PRIME_MERSENNE_61,2305843009213693951,prss_commit_seed_dpss,commit,per_party,fold_before,0,4,318,dpss,one,1,348,250,598,4186,598,online_verify_reconstruction_units,30,19.933333333333334,5
7,6,PRIME_MERSENNE_61,2305843009213693951,prss_commit_seed_dpss,commit,total,fold_before,0,4,318,dpss,one,1,348,250,598,4186,4186,online_verify_reconstruction_units,210,19.933333333333334,5
7,6,PRIME_MERSENNE_61,2305843009213693951,prss_commit_seed_naive,commit,per_party,fold_before,0,4,318,naive,one,1,348,30,378,2646,378,online_verify_reconstruction_units,30,12.6,5
7,6,PRIME_MERSENNE_61,2305843009213693951,prss_commit_seed_naive,commit,total,fold_before,0,4,318,naive,one,1,348,30,378,2646,2646,online_verify_reconstruction_units,210,12.6,5
7,6,PRIME_MERSENNE_61,2305843009213693951,prss_commit_seed_dpss,commit,per_party,fold_before,0,4,318,dpss,M,7,348,280,628,4396,628,online_verify_reconstruction_units,30,20.933333333333334,5
7,6,PRIME_MERSENNE_61,2305843009213693951,prss_commit_seed_dpss,commit,total,fold_before,0,4,318,dpss,M,7,348,280,628,4396,4396,online_verify_reconstruction_units,210,20.933333333333334,5
7,6,PRIME_MERSENNE_61,2305843009213693951,prss_commit_seed_naive,commit,per_party,fold_before,0,4,318,naive,M,7,348,210,558,3906,558,online_verify_reconstruction_units,30,18.6,5
7,6,PRIME_MERSENNE_61,2305843009213693951,prss_commit_seed_naive,commit,total,fold_before,0,4,318,naive,M,7,348,210,558,3906,3906,online_verify_reconstruction_units,210,18.6,5
7,6,PRIME_MERSENNE_61,2305843009213693951,prss_commit_seed_dpss,commit,per_party,fold_before,0,4,318,dpss,M_squared,49,348,490,838,5866,838,online_verify_reconstruction_units,30,27.933333333333334,5
7,6,PRIME_MERSENNE_61,2305843009213693951,prss_commit_seed_dpss,commit,total,fold_before,0,4,318,dpss,M_squared,49,348,490,838,5866,5866,online_verify_reconstruction_units,210,27.933333333333334,5
7,6,PRIME_MERSENNE_61,2305843009213693951,prss_commit_seed_naive,commit,per_party,fold_before,0,4,318,naive,M_squared,49,348,1470,1818,12726,1818,online_verify_reconstruction_units,30,60.6,5
7,6,PRIME_MERSENNE_61,2305843009213693951,prss_commit_seed_naive,commit,total,fold_before,0,4,318,naive,M_squared,49,348,1470,1818,12726,12726,online_verify_reconstruction_units,210,60.6,5
7,6,PRIME_MERSENNE_61,2305843009213693951,prss_dispute,dispute,per_party,fold_before,0,4,318,none,none,0,408,0,408,2856,408,online_verify_reconstruction_units,30,13.6,5
7,6,PRIME_MERSENNE_61,2305843009213693951,prss_dispute,dispute,total,fold_before,0,4,318,none,none,0,408,0,408,2856,2856,online_verify_reconstruction_units,210,13.6,5
7,6,PRIME_MERSENNE_61,2305843009213693951,prss_dispute_seed_dpss,dispute,per_party,fold_before,0,4,318,dpss,one,1,408,250,658,4606,658,online_verify_reconstruction_units,30,21.933333333333334,5
7,6,PRIME_MERSENNE_61,2305843009213693951,prss_dispute_seed_dpss,dispute,total,fold_before,0,4,318,dpss,one,1,408,250,658,4606,4606,online_verify_reconstruction_units,210,21.933333333333334,5
7,6,PRIME_MERSENNE_61,2305843009213693951,prss_dispute_seed_naive,dispute,per_party,fold_before,0,4,318,naive,one,1,408,30,438,3066,438,online_verify_reconstruction_units,30,14.6,5
7,6,PRIME_MERSENNE_61,2305843009213693951,prss_dispute_seed_naive,dispute,total,fold_before,0,4,318,naive,one,1,408,30,438,3066,3066,online_verify_reconstruction_units,210,14.6,5
7,6,PRIME_MERSENNE_61,2305843009213693951,prss_dispute_seed_dpss,dispute,per_party,fold_before,0,4,318,dpss,M,7,408,280,688,4816,688,online_verify_reconstruction_units,30,22.933333333333334,5
7,6,PRIME_MERSENNE_61,2305843009213693951,prss_dispute_seed_dpss,dispute,total,fold_before,0,4,318,dpss,M,7,408,280,688,4816,4816,online_verify_reconstruction_units,210,22.933333333333334,5
7,6,PRIME_MERSENNE_61,2305843009213693951,prss_dispute_seed_naive,dispute,per_party,fold_before,0,4,318,naive,M,7,408,210,618,4326,618,online_verify_reconstruction_units,30,20.6,5
7,6,PRIME_MERSENNE_61,2305843009213693951,prss_dispute_seed_naive,dispute,total,fold_before,0,4,318,naive,M,7,408,210,618,4326,4326,online_verify_reconstruction_units,210,20.6,5
7,6,PRIME_MERSENNE_61,2305843009213693951,prss_dispute_seed_dpss,dispute,per_party,fold_before,0,4,318,dpss,M_squared,49,408,490,898,6286,898,online_verify_reconstruction_units,30,29.933333333333334,5
7,6,PRIME_MERSENNE_61,2305843009213693951,prss_dispute_seed_dpss,dispute,total,fold_before,0,4,318,dpss,M_squared,49,408,490,898,6286,6286,online_verify_reconstruction_units,210,29.933333333333334,5
7,6,PRIME_MERSENNE_61,2305843009213693951,prss_dispute_seed_naive,dispute,per_party,fold_before,0,4,318,naive,M_squared,49,408,1470,1878,13146,1878,online_verify_reconstruction_units,30,62.6,5
7,6,PRIME_MERSENNE_61,2305843009213693951,prss_dispute_seed_naive,dispute,total,fold_before,0,4,318,naive,M_squared,49,408,1470,1878,13146,13146,online_verify_reconstruction_units,210,62.6,5
9,6,PRIME_MERSENNE_61,2305843009213693951,naive,n/a,per_party,fold_after,1,5,179,none,none,0,1432,0,1432,12888,1432,online_verify_reconstruction_units,30,47.733333333333334,5
9,6,PRIME_MERSENNE_61,2305843009213693951,naive,n/a,total,fold_after,1,5,179,none,none,0,1432,0,1432,12888,12888,online_verify_reconstruction_units,270,47.733333333333334,5
9,6,PRIME_MERSENNE_61,2305843009213693951,dpss_model,n/a,per_party,fold_after,1,5,179,none,none,0,584,0,584,5256,584,online_verify_reconstruction_units,30,19.466666666666665,5
9,6,PRIME_MERSENNE_61,2305843009213693951,dpss_model,n/a,total,fold_after,1,5,179,none,none,0,584,0,584,5256,5256,online_verify_reconstruction_units,270,19.466666666666665,5
9,6,PRIME_MERSENNE_61,2305843009213693951,full_mask,n/a,per_party,fold_after,1,5,105,none,none,0,840,0,840,7560,840,online_verify_reconstruction_units,30,28.0,5
9,6,PRIME_MERSENNE_61,2305843009213693951,full_mask,n/a,total,fold_after,1,5,105,none,none,0,840,0,840,7560,7560,online_verify_reconstruction_units,270,28.0,5
9,6,PRIME_MERSENNE_61,2305843009213693951,kernel_mask,n/a,per_party,fold_after,1,5,55,none,none,0,440,0,440,3960,440,online_verify_reconstruction_units,30,14.666666666666666,5
9,6,PRIME_MERSENNE_61,2305843009213693951,kernel_mask,n/a,total,fold_after,1,5,55,none,none,0,440,0,440,3960,3960,online_verify_reconstruction_units,270,14.666666666666666,5
9,6,PRIME_MERSENNE_61,2305843009213693951,prss_local,local,per_party,fold_after,1,5,179,none,none,0,179,0,179,1611,179,online_verify_reconstruction_units,30,5.966666666666667,5
9,6,PRIME_MERSENNE_61,2305843009213693951,prss_local,local,total,fold_after,1,5,179,none,none,0,179,0,179,1611,1611,online_verify_reconstruction_units,270,5.966666666666667,5
9,6,PRIME_MERSENNE_61,2305843009213693951,prss_local_seed_dpss,local,per_party,fold_after,1,5,179,dpss,one,1,179,410,589,5301,589,online_verify_reconstruction_units,30,19.633333333333333,5
9,6,PRIME_MERSENNE_61,2305843009213693951,prss_local_seed_dpss,local,total,fold_after,1,5,179,dpss,one,1,179,410,589,5301,5301,online_verify_reconstruction_units,270,19.633333333333333,5
9,6,PRIME_MERSENNE_61,2305843009213693951,prss_local_seed_naive,local,per_party,fold_after,1,5,179,naive,one,1,179,40,219,1971,219,online_verify_reconstruction_units,30,7.3,5
9,6,PRIME_MERSENNE_61,2305843009213693951,prss_local_seed_naive,local,total,fold_after,1,5,179,naive,one,1,179,40,219,1971,1971,online_verify_reconstruction_units,270,7.3,5
9,6,PRIME_MERSENNE_61,2305843009213693951,prss_local_seed_dpss,local,per_party,fold_after,1,5,179,dpss,M,9,179,450,629,5661,629,online_verify_reconstruction_units,30,20.966666666666665,5
9,6,PRIME_MERSENNE_61,2305843009213693951,prss_local_seed_dpss,local,total,fold_after,1,5,179,dpss,M,9,179,450,629,5661,5661,online_verify_reconstruction_units,270,20.966666666666665,5
9,6,PRIME_MERSENNE_61,2305843009213693951,prss_local_seed_naive,local,per_party,fold_after,1,5,179,naive,M,9,179,360,539,4851,539,online_verify_reconstruction_units,30,17.966666666666665,5
9,6,PRIME_MERSENNE_61,2305843009213693951,prss_local_seed_naive,local,total,fold_after,1,5,179,naive,M,9,179,360,539,4851,4851,online_verify_reconstruction_units,270,17.966666666666665,5
9,6,PRIME_MERSENNE_61,2305843009213693951,prss_local_seed_dpss,local,per_party,fold_after,1,5,179,dpss,M_squared,81,179,810,989,8901,989,online_verify_reconstruction_units,30,32.96666666666667,5
9,6,PRIME_MERSENNE_61,2305843009213693951,prss_local_seed_dpss,local,total,fold_after,1,5,179,dpss,M_squared,81,179,810,989,8901,8901,online_verify_reconstruction_units,270,32.96666666666667,5
9,6,PRIME_MERSENNE_61,2305843009213693951,prss_local_seed_naive,local,per_party,fold_after,1,5,179,naive,M_squared,81,179,3240,3419,30771,3419,online_verify_reconstruction_units,30,113.96666666666667,5
9,6,PRIME_MERSENNE_61,2305843009213693951,prss_local_seed_naive,local,total,fold_after,1,5,179,naive,M_squared,81,179,3240,3419,30771,30771,online_verify_reconstruction_units,270,113.96666666666667,5
9,6,PRIME_MERSENNE_61,2305843009213693951,prss_commit,commit,per_party,fold_after,1,5,179,none,none,0,219,0,219,1971,219,online_verify_reconstruction_units,30,7.3,5
9,6,PRIME_MERSENNE_61,2305843009213693951,prss_commit,commit,total,fold_after,1,5,179,none,none,0,219,0,219,1971,1971,online_verify_reconstruction_units,270,7.3,5
9,6,PRIME_MERSENNE_61,2305843009213693951,prss_commit_seed_dpss,commit,per_party,fold_after,1,5,179,dpss,one,1,219,410,629,5661,629,online_verify_reconstruction_units,30,20.966666666666665,5
9,6,PRIME_MERSENNE_61,2305843009213693951,prss_commit_seed_dpss,commit,total,fold_after,1,5,179,dpss,one,1,219,410,629,5661,5661,online_verify_reconstruction_units,270,20.966666666666665,5
9,6,PRIME_MERSENNE_61,2305843009213693951,prss_commit_seed_naive,commit,per_party,fold_after,1,5,179,naive,one,1,219,40,259,2331,259,online_verify_reconstruction_units,30,8.633333333333333,5
9,6,PRIME_MERSENNE_61,2305843009213693951,prss_commit_seed_naive,commit,total,fold_after,1,5,179,naive,one,1,219,40,259,2331,2331,online_verify_reconstruction_units,270,8.633333333333333,5
9,6,PRIME_MERSENNE_61,2305843009213693951,prss_commit_seed_dpss,commit,per_party,fold_after,1,5,179,dpss,M,9,219,450,669,6021,669,online_verify_reconstruction_units,30,22.3,5
9,6,PRIME_MERSENNE_61,2305843009213693951,prss_commit_seed_dpss,commit,total,fold_after,1,5,179,dpss,M,9,219,450,669,6021,6021,online_verify_reconstruction_units,270,22.3,5
9,6,PRIME_MERSENNE_61,2305843009213693951,prss_commit_seed_naive,commit,per_party,fold_after,1,5,179,naive,M,9,219,360,579,5211,579,online_verify_reconstruction_units,30,19.3,5
9,6,PRIME_MERSENNE_61,2305843009213693951,prss_commit_seed_naive,commit,total,fold_after,1,5,179,naive,M,9,219,360,579,5211,5211,online_verify_reconstruction_units,270,19.3,5
9,6,PRIME_MERSENNE_61,2305843009213693951,prss_commit_seed_dpss,commit,per_party,fold_after,1,5,179,dpss,M_squared,81,219,810,1029,9261,1029,online_verify_reconstruction_units,30,34.3,5
9,6,PRIME_MERSENNE_61,2305843009213693951,prss_commit_seed_dpss,commit,total,fold_after,1,5,179,dpss,M_squared,81,219,810,1029,9261,9261,online_verify_reconstruction_units,270,34.3,5
9,6,PRIME_MERSENNE_61,2305843009213693951,prss_commit_seed_naive,commit,per_party,fold_after,1,5,179,naive,M_squared,81,219,3240,3459,31131,3459,online_verify_reconstruction_units,30,115.3,5
9,6,PRIME_MERSENNE_61,2305843009213693951,prss_commit_seed_naive,commit,total,fold_after,1,5,179,naive,M_squared,81,219,3240,3459,31131,31131,online_verify_reconstruction_units,270,115.3,5
9,6,PRIME_MERSENNE_61,2305843009213693951,prss_dispute,dispute,per_party,fold_after,1,5,179,none,none,0,339,0,339,3051,339,online_verify_reconstruction_units,30,11.3,5
9,6,PRIME_MERSENNE_61,2305843009213693951,prss_dispute,dispute,total,fold_after,1,5,179,none,none,0,339,0,339,3051,3051,online_verify_reconstruction_units,270,11.3,5
9,6,PRIME_MERSENNE_61,2305843009213693951,prss_dispute_seed_dpss,dispute,per_party,fold_after,1,5,179,dpss,one,1,339,410,749,6741,749,online_verify_reconstruction_units,30,24.966666666666665,5
9,6,PRIME_MERSENNE_61,2305843009213693951,prss_dispute_seed_dpss,dispute,total,fold_after,1,5,179,dpss,one,1,339,410,749,6741,6741,online_verify_reconstruction_units,270,24.966666666666665,5
9,6,PRIME_MERSENNE_61,2305843009213693951,prss_dispute_seed_naive,dispute,per_party,fold_after,1,5,179,naive,one,1,339,40,379,3411,379,online_verify_reconstruction_units,30,12.633333333333333,5
9,6,PRIME_MERSENNE_61,2305843009213693951,prss_dispute_seed_naive,dispute,total,fold_after,1,5,179,naive,one,1,339,40,379,3411,3411,online_verify_reconstruction_units,270,12.633333333333333,5
9,6,PRIME_MERSENNE_61,2305843009213693951,prss_dispute_seed_dpss,dispute,per_party,fold_after,1,5,179,dpss,M,9,339,450,789,7101,789,online_verify_reconstruction_units,30,26.3,5
9,6,PRIME_MERSENNE_61,2305843009213693951,prss_dispute_seed_dpss,dispute,total,fold_after,1,5,179,dpss,M,9,339,450,789,7101,7101,online_verify_reconstruction_units,270,26.3,5
9,6,PRIME_MERSENNE_61,2305843009213693951,prss_dispute_seed_naive,dispute,per_party,fold_after,1,5,179,naive,M,9,339,360,699,6291,699,online_verify_reconstruction_units,30,23.3,5
9,6,PRIME_MERSENNE_61,2305843009213693951,prss_dispute_seed_naive,dispute,total,fold_after,1,5,179,naive,M,9,339,360,699,6291,6291,online_verify_reconstruction_units,270,23.3,5
9,6,PRIME_MERSENNE_61,2305843009213693951,prss_dispute_seed_dpss,dispute,per_party,fold_after,1,5,179,dpss,M_squared,81,339,810,1149,10341,1149,online_verify_reconstruction_units,30,38.3,5
9,6,PRIME_MERSENNE_61,2305843009213693951,prss_dispute_seed_dpss,dispute,total,fold_after,1,5,179,dpss,M_squared,81,339,810,1149,10341,10341,online_verify_reconstruction_units,270,38.3,5
9,6,PRIME_MERSENNE_61,2305843009213693951,prss_dispute_seed_naive,dispute,per_party,fold_after,1,5,179,naive,M_squared,81,339,3240,3579,32211,3579,online_verify_reconstruction_units,30,119.3,5
9,6,PRIME_MERSENNE_61,2305843009213693951,prss_dispute_seed_naive,dispute,total,fold_after,1,5,179,naive,M_squared,81,339,3240,3579,32211,32211,online_verify_reconstruction_units,270,119.3,5
9,6,PRIME_MERSENNE_61,2305843009213693951,naive,n/a,per_party,fold_before,0,4,318,none,none,0,2544,0,2544,22896,2544,online_verify_reconstruction_units,30,84.8,5
9,6,PRIME_MERSENNE_61,2305843009213693951,naive,n/a,total,fold_before,0,4,318,none,none,0,2544,0,2544,22896,22896,online_verify_reconstruction_units,270,84.8,5
9,6,PRIME_MERSENNE_61,2305843009213693951,dpss_model,n/a,per_party,fold_before,0,4,318,none,none,0,723,0,723,6507,723,online_verify_reconstruction_units,30,24.1,5
9,6,PRIME_MERSENNE_61,2305843009213693951,dpss_model,n/a,total,fold_before,0,4,318,none,none,0,723,0,723,6507,6507,online_verify_reconstruction_units,270,24.1,5
9,6,PRIME_MERSENNE_61,2305843009213693951,full_mask,n/a,per_party,fold_before,0,4,105,none,none,0,840,0,840,7560,840,online_verify_reconstruction_units,30,28.0,5
9,6,PRIME_MERSENNE_61,2305843009213693951,full_mask,n/a,total,fold_before,0,4,105,none,none,0,840,0,840,7560,7560,online_verify_reconstruction_units,270,28.0,5
9,6,PRIME_MERSENNE_61,2305843009213693951,kernel_mask,n/a,per_party,fold_before,0,4,70,none,none,0,560,0,560,5040,560,online_verify_reconstruction_units,30,18.666666666666668,5
9,6,PRIME_MERSENNE_61,2305843009213693951,kernel_mask,n/a,total,fold_before,0,4,70,none,none,0,560,0,560,5040,5040,online_verify_reconstruction_units,270,18.666666666666668,5
9,6,PRIME_MERSENNE_61,2305843009213693951,prss_local,local,per_party,fold_before,0,4,318,none,none,0,318,0,318,2862,318,online_verify_reconstruction_units,30,10.6,5
9,6,PRIME_MERSENNE_61,2305843009213693951,prss_local,local,total,fold_before,0,4,318,none,none,0,318,0,318,2862,2862,online_verify_reconstruction_units,270,10.6,5
9,6,PRIME_MERSENNE_61,2305843009213693951,prss_local_seed_dpss,local,per_party,fold_before,0,4,318,dpss,one,1,318,410,728,6552,728,online_verify_reconstruction_units,30,24.266666666666666,5
9,6,PRIME_MERSENNE_61,2305843009213693951,prss_local_seed_dpss,local,total,fold_before,0,4,318,dpss,one,1,318,410,728,6552,6552,online_verify_reconstruction_units,270,24.266666666666666,5
9,6,PRIME_MERSENNE_61,2305843009213693951,prss_local_seed_naive,local,per_party,fold_before,0,4,318,naive,one,1,318,40,358,3222,358,online_verify_reconstruction_units,30,11.933333333333334,5
9,6,PRIME_MERSENNE_61,2305843009213693951,prss_local_seed_naive,local,total,fold_before,0,4,318,naive,one,1,318,40,358,3222,3222,online_verify_reconstruction_units,270,11.933333333333334,5
9,6,PRIME_MERSENNE_61,2305843009213693951,prss_local_seed_dpss,local,per_party,fold_before,0,4,318,dpss,M,9,318,450,768,6912,768,online_verify_reconstruction_units,30,25.6,5
9,6,PRIME_MERSENNE_61,2305843009213693951,prss_local_seed_dpss,local,total,fold_before,0,4,318,dpss,M,9,318,450,768,6912,6912,online_verify_reconstruction_units,270,25.6,5
9,6,PRIME_MERSENNE_61,2305843009213693951,prss_local_seed_naive,local,per_party,fold_before,0,4,318,naive,M,9,318,360,678,6102,678,online_verify_reconstruction_units,30,22.6,5
9,6,PRIME_MERSENNE_61,2305843009213693951,prss_local_seed_naive,local,total,fold_before,0,4,318,naive,M,9,318,360,678,6102,6102,online_verify_reconstruction_units,270,22.6,5
9,6,PRIME_MERSENNE_61,2305843009213693951,prss_local_seed_dpss,local,per_party,fold_before,0,4,318,dpss,M_squared,81,318,810,1128,10152,1128,online_verify_reconstruction_units,30,37.6,5
9,6,PRIME_MERSENNE_61,2305843009213693951,prss_local_seed_dpss,local,total,fold_before,0,4,318,dpss,M_squared,81,318,810,1128,10152,10152,online_verify_reconstruction_units,270,37.6,5
9,6,PRIME_MERSENNE_61,2305843009213693951,prss_local_seed_naive,local,per_party,fold_before,0,4,318,naive,M_squared,81,318,3240,3558,32022,3558,online_verify_reconstruction_units,30,118.6,5
9,6,PRIME_MERSENNE_61,2305843009213693951,prss_local_seed_naive,local,total,fold_before,0,4,318,naive,M_squared,81,318,3240,3558,32022,32022,online_verify_reconstruction_units,270,118.6,5
9,6,PRIME_MERSENNE_61,2305843009213693951,prss_commit,commit,per_party,fold_before,0,4,318,none,none,0,358,0,358,3222,358,online_verify_reconstruction_units,30,11.933333333333334,5
9,6,PRIME_MERSENNE_61,2305843009213693951,prss_commit,commit,total,fold_before,0,4,318,none,none,0,358,0,358,3222,3222,online_verify_reconstruction_units,270,11.933333333333334,5
9,6,PRIME_MERSENNE_61,2305843009213693951,prss_commit_seed_dpss,commit,per_party,fold_before,0,4,318,dpss,one,1,358,410,768,6912,768,online_verify_reconstruction_units,30,25.6,5
9,6,PRIME_MERSENNE_61,2305843009213693951,prss_commit_seed_dpss,commit,total,fold_before,0,4,318,dpss,one,1,358,410,768,6912,6912,online_verify_reconstruction_units,270,25.6,5
9,6,PRIME_MERSENNE_61,2305843009213693951,prss_commit_seed_naive,commit,per_party,fold_before,0,4,318,naive,one,1,358,40,398,3582,398,online_verify_reconstruction_units,30,13.266666666666667,5
9,6,PRIME_MERSENNE_61,2305843009213693951,prss_commit_seed_naive,commit,total,fold_before,0,4,318,naive,one,1,358,40,398,3582,3582,online_verify_reconstruction_units,270,13.266666666666667,5
9,6,PRIME_MERSENNE_61,2305843009213693951,prss_commit_seed_dpss,commit,per_party,fold_before,0,4,318,dpss,M,9,358,450,808,7272,808,online_verify_reconstruction_units,30,26.933333333333334,5
9,6,PRIME_MERSENNE_61,2305843009213693951,prss_commit_seed_dpss,commit,total,fold_before,0,4,318,dpss,M,9,358,450,808,7272,7272,online_verify_reconstruction_units,270,26.933333333333334,5
9,6,PRIME_MERSENNE_61,2305843009213693951,prss_commit_seed_naive,commit,per_party,fold_before,0,4,318,naive,M,9,358,360,718,6462,718,online_verify_reconstruction_units,30,23.933333333333334,5
9,6,PRIME_MERSENNE_61,2305843009213693951,prss_commit_seed_naive,commit,total,fold_before,0,4,318,naive,M,9,358,360,718,6462,6462,online_verify_reconstruction_units,270,23.933333333333334,5
9,6,PRIME_MERSENNE_61,2305843009213693951,prss_commit_seed_dpss,commit,per_party,fold_before,0,4,318,dpss,M_squared,81,358,810,1168,10512,1168,online_verify_reconstruction_units,30,38.93333333333333,5
9,6,PRIME_MERSENNE_61,2305843009213693951,prss_commit_seed_dpss,commit,total,fold_before,0,4,318,dpss,M_squared,81,358,810,1168,10512,10512,online_verify_reconstruction_units,270,38.93333333333333,5
9,6,PRIME_MERSENNE_61,2305843009213693951,prss_commit_seed_naive,commit,per_party,fold_before,0,4,318,naive,M_squared,81,358,3240,3598,32382,3598,online_verify_reconstruction_units,30,119.93333333333334,5
9,6,PRIME_MERSENNE_61,2305843009213693951,prss_commit_seed_naive,commit,total,fold_before,0,4,318,naive,M_squared,81,358,3240,3598,32382,32382,online_verify_reconstruction_units,270,119.93333333333334,5
9,6,PRIME_MERSENNE_61,2305843009213693951,prss_dispute,dispute,per_party,fold_before,0,4,318,none,none,0,478,0,478,4302,478,online_verify_reconstruction_units,30,15.933333333333334,5
9,6,PRIME_MERSENNE_61,2305843009213693951,prss_dispute,dispute,total,fold_before,0,4,318,none,none,0,478,0,478,4302,4302,online_verify_reconstruction_units,270,15.933333333333334,5
9,6,PRIME_MERSENNE_61,2305843009213693951,prss_dispute_seed_dpss,dispute,per_party,fold_before,0,4,318,dpss,one,1,478,410,888,7992,888,online_verify_reconstruction_units,30,29.6,5
9,6,PRIME_MERSENNE_61,2305843009213693951,prss_dispute_seed_dpss,dispute,total,fold_before,0,4,318,dpss,one,1,478,410,888,7992,7992,online_verify_reconstruction_units,270,29.6,5
9,6,PRIME_MERSENNE_61,2305843009213693951,prss_dispute_seed_naive,dispute,per_party,fold_before,0,4,318,naive,one,1,478,40,518,4662,518,online_verify_reconstruction_units,30,17.266666666666666,5
9,6,PRIME_MERSENNE_61,2305843009213693951,prss_dispute_seed_naive,dispute,total,fold_before,0,4,318,naive,one,1,478,40,518,4662,4662,online_verify_reconstruction_units,270,17.266666666666666,5
9,6,PRIME_MERSENNE_61,2305843009213693951,prss_dispute_seed_dpss,dispute,per_party,fold_before,0,4,318,dpss,M,9,478,450,928,8352,928,online_verify_reconstruction_units,30,30.933333333333334,5
9,6,PRIME_MERSENNE_61,2305843009213693951,prss_dispute_seed_dpss,dispute,total,fold_before,0,4,318,dpss,M,9,478,450,928,8352,8352,online_verify_reconstruction_units,270,30.933333333333334,5
9,6,PRIME_MERSENNE_61,2305843009213693951,prss_dispute_seed_naive,dispute,per_party,fold_before,0,4,318,naive,M,9,478,360,838,7542,838,online_verify_reconstruction_units,30,27.933333333333334,5
9,6,PRIME_MERSENNE_61,2305843009213693951,prss_dispute_seed_naive,dispute,total,fold_before,0,4,318,naive,M,9,478,360,838,7542,7542,online_verify_reconstruction_units,270,27.933333333333334,5
9,6,PRIME_MERSENNE_61,2305843009213693951,prss_dispute_seed_dpss,dispute,per_party,fold_before,0,4,318,dpss,M_squared,81,478,810,1288,11592,1288,online_verify_reconstruction_units,30,42.93333333333333,5
9,6,PRIME_MERSENNE_61,2305843009213693951,prss_dispute_seed_dpss,dispute,total,fold_before,0,4,318,dpss,M_squared,81,478,810,1288,11592,11592,online_verify_reconstruction_units,270,42.93333333333333,5
9,6,PRIME_MERSENNE_61,2305843009213693951,prss_dispute_seed_naive,dispute,per_party,fold_before,0,4,318,naive,M_squared,81,478,3240,3718,33462,3718,online_verify_reconstruction_units,30,123.93333333333334,5
9,6,PRIME_MERSENNE_61,2305843009213693951,prss_dispute_seed_naive,dispute,total,fold_before,0,4,318,naive,M_squared,81,478,3240,3718,33462,33462,online_verify_reconstruction_units,270,123.93333333333334,5
15,6,PRIME_MERSENNE_61,2305843009213693951,naive,n/a,per_party,fold_after,1,5,179,none,none,0,2506,0,2506,37590,2506,online_verify_reconstruction_units,30,83.53333333333333,5
15,6,PRIME_MERSENNE_61,2305843009213693951,naive,n/a,total,fold_after,1,5,179,none,none,0,2506,0,2506,37590,37590,online_verify_reconstruction_units,450,83.53333333333333,5
15,6,PRIME_MERSENNE_61,2305843009213693951,dpss_model,n/a,per_party,fold_after,1,5,179,none,none,0,1304,0,1304,19560,1304,online_verify_reconstruction_units,30,43.46666666666667,5
15,6,PRIME_MERSENNE_61,2305843009213693951,dpss_model,n/a,total,fold_after,1,5,179,none,none,0,1304,0,1304,19560,19560,online_verify_reconstruction_units,450,43.46666666666667,5
15,6,PRIME_MERSENNE_61,2305843009213693951,full_mask,n/a,per_party,fold_after,1,5,105,none,none,0,1470,0,1470,22050,1470,online_verify_reconstruction_units,30,49.0,5
15,6,PRIME_MERSENNE_61,2305843009213693951,full_mask,n/a,total,fold_after,1,5,105,none,none,0,1470,0,1470,22050,22050,online_verify_reconstruction_units,450,49.0,5
15,6,PRIME_MERSENNE_61,2305843009213693951,kernel_mask,n/a,per_party,fold_after,1,5,55,none,none,0,770,0,770,11550,770,online_verify_reconstruction_units,30,25.666666666666668,5
15,6,PRIME_MERSENNE_61,2305843009213693951,kernel_mask,n/a,total,fold_after,1,5,55,none,none,0,770,0,770,11550,11550,online_verify_reconstruction_units,450,25.666666666666668,5
15,6,PRIME_MERSENNE_61,2305843009213693951,prss_local,local,per_party,fold_after,1,5,179,none,none,0,179,0,179,2685,179,online_verify_reconstruction_units,30,5.966666666666667,5
15,6,PRIME_MERSENNE_61,2305843009213693951,prss_local,local,total,fold_after,1,5,179,none,none,0,179,0,179,2685,2685,online_verify_reconstruction_units,450,5.966666666666667,5
15,6,PRIME_MERSENNE_61,2305843009213693951,prss_local_seed_dpss,local,per_party,fold_after,1,5,179,dpss,one,1,179,1130,1309,19635,1309,online_verify_reconstruction_units,30,43.63333333333333,5
15,6,PRIME_MERSENNE_61,2305843009213693951,prss_local_seed_dpss,local,total,fold_after,1,5,179,dpss,one,1,179,1130,1309,19635,19635,online_verify_reconstruction_units,450,43.63333333333333,5
15,6,PRIME_MERSENNE_61,2305843009213693951,prss_local_seed_naive,local,per_party,fold_after,1,5,179,naive,one,1,179,70,249,3735,249,online_verify_reconstruction_units,30,8.3,5
15,6,PRIME_MERSENNE_61,2305843009213693951,prss_local_seed_naive,local,total,fold_after,1,5,179,naive,one,1,179,70,249,3735,3735,online_verify_reconstruction_units,450,8.3,5
15,6,PRIME_MERSENNE_61,2305843009213693951,prss_local_seed_dpss,local,per_party,fold_after,1,5,179,dpss,M,15,179,1200,1379,20685,1379,online_verify_reconstruction_units,30,45.96666666666667,5
15,6,PRIME_MERSENNE_61,2305843009213693951,prss_local_seed_dpss,local,total,fold_after,1,5,179,dpss,M,15,179,1200,1379,20685,20685,online_verify_reconstruction_units,450,45.96666666666667,5
15,6,PRIME_MERSENNE_61,2305843009213693951,prss_local_seed_naive,local,per_party,fold_after,1,5,179,naive,M,15,179,1050,1229,18435,1229,online_verify_reconstruction_units,30,40.96666666666667,5
15,6,PRIME_MERSENNE_61,2305843009213693951,prss_local_seed_naive,local,total,fold_after,1,5,179,naive,M,15,179,1050,1229,18435,18435,online_verify_reconstruction_units,450,40.96666666666667,5
15,6,PRIME_MERSENNE_61,2305843009213693951,prss_local_seed_dpss,local,per_party,fold_after,1,5,179,dpss,M_squared,225,179,2250,2429,36435,2429,online_verify_reconstruction_units,30,80.96666666666667,5
15,6,PRIME_MERSENNE_61,2305843009213693951,prss_local_seed_dpss,local,total,fold_after,1,5,179,dpss,M_squared,225,179,2250,2429,36435,36435,online_verify_reconstruction_units,450,80.96666666666667,5
15,6,PRIME_MERSENNE_61,2305843009213693951,prss_local_seed_naive,local,per_party,fold_after,1,5,179,naive,M_squared,225,179,15750,15929,238935,15929,online_verify_reconstruction_units,30,530.9666666666667,5
15,6,PRIME_MERSENNE_61,2305843009213693951,prss_local_seed_naive,local,total,fold_after,1,5,179,naive,M_squared,225,179,15750,15929,238935,238935,online_verify_reconstruction_units,450,530.9666666666667,5
15,6,PRIME_MERSENNE_61,2305843009213693951,prss_commit,commit,per_party,fold_after,1,5,179,none,none,0,249,0,249,3735,249,online_verify_reconstruction_units,30,8.3,5
15,6,PRIME_MERSENNE_61,2305843009213693951,prss_commit,commit,total,fold_after,1,5,179,none,none,0,249,0,249,3735,3735,online_verify_reconstruction_units,450,8.3,5
15,6,PRIME_MERSENNE_61,2305843009213693951,prss_commit_seed_dpss,commit,per_party,fold_after,1,5,179,dpss,one,1,249,1130,1379,20685,1379,online_verify_reconstruction_units,30,45.96666666666667,5
15,6,PRIME_MERSENNE_61,2305843009213693951,prss_commit_seed_dpss,commit,total,fold_after,1,5,179,dpss,one,1,249,1130,1379,20685,20685,online_verify_reconstruction_units,450,45.96666666666667,5
15,6,PRIME_MERSENNE_61,2305843009213693951,prss_commit_seed_naive,commit,per_party,fold_after,1,5,179,naive,one,1,249,70,319,4785,319,online_verify_reconstruction_units,30,10.633333333333333,5
15,6,PRIME_MERSENNE_61,2305843009213693951,prss_commit_seed_naive,commit,total,fold_after,1,5,179,naive,one,1,249,70,319,4785,4785,online_verify_reconstruction_units,450,10.633333333333333,5
15,6,PRIME_MERSENNE_61,2305843009213693951,prss_commit_seed_dpss,commit,per_party,fold_after,1,5,179,dpss,M,15,249,1200,1449,21735,1449,online_verify_reconstruction_units,30,48.3,5
15,6,PRIME_MERSENNE_61,2305843009213693951,prss_commit_seed_dpss,commit,total,fold_after,1,5,179,dpss,M,15,249,1200,1449,21735,21735,online_verify_reconstruction_units,450,48.3,5
15,6,PRIME_MERSENNE_61,2305843009213693951,prss_commit_seed_naive,commit,per_party,fold_after,1,5,179,naive,M,15,249,1050,1299,19485,1299,online_verify_reconstruction_units,30,43.3,5
15,6,PRIME_MERSENNE_61,2305843009213693951,prss_commit_seed_naive,commit,total,fold_after,1,5,179,naive,M,15,249,1050,1299,19485,19485,online_verify_reconstruction_units,450,43.3,5
15,6,PRIME_MERSENNE_61,2305843009213693951,prss_commit_seed_dpss,commit,per_party,fold_after,1,5,179,dpss,M_squared,225,249,2250,2499,37485,2499,online_verify_reconstruction_units,30,83.3,5
15,6,PRIME_MERSENNE_61,2305843009213693951,prss_commit_seed_dpss,commit,total,fold_after,1,5,179,dpss,M_squared,225,249,2250,2499,37485,37485,online_verify_reconstruction_units,450,83.3,5
15,6,PRIME_MERSENNE_61,2305843009213693951,prss_commit_seed_naive,commit,per_party,fold_after,1,5,179,naive,M_squared,225,249,15750,15999,239985,15999,online_verify_reconstruction_units,30,533.3,5
15,6,PRIME_MERSENNE_61,2305843009213693951,prss_commit_seed_naive,commit,total,fold_after,1,5,179,naive,M_squared,225,249,15750,15999,239985,239985,online_verify_reconstruction_units,450,533.3,5
15,6,PRIME_MERSENNE_61,2305843009213693951,prss_dispute,dispute,per_party,fold_after,1,5,179,none,none,0,459,0,459,6885,459,online_verify_reconstruction_units,30,15.3,5
15,6,PRIME_MERSENNE_61,2305843009213693951,prss_dispute,dispute,total,fold_after,1,5,179,none,none,0,459,0,459,6885,6885,online_verify_reconstruction_units,450,15.3,5
15,6,PRIME_MERSENNE_61,2305843009213693951,prss_dispute_seed_dpss,dispute,per_party,fold_after,1,5,179,dpss,one,1,459,1130,1589,23835,1589,online_verify_reconstruction_units,30,52.96666666666667,5
15,6,PRIME_MERSENNE_61,2305843009213693951,prss_dispute_seed_dpss,dispute,total,fold_after,1,5,179,dpss,one,1,459,1130,1589,23835,23835,online_verify_reconstruction_units,450,52.96666666666667,5
15,6,PRIME_MERSENNE_61,2305843009213693951,prss_dispute_seed_naive,dispute,per_party,fold_after,1,5,179,naive,one,1,459,70,529,7935,529,online_verify_reconstruction_units,30,17.633333333333333,5
15,6,PRIME_MERSENNE_61,2305843009213693951,prss_dispute_seed_naive,dispute,total,fold_after,1,5,179,naive,one,1,459,70,529,7935,7935,online_verify_reconstruction_units,450,17.633333333333333,5
15,6,PRIME_MERSENNE_61,2305843009213693951,prss_dispute_seed_dpss,dispute,per_party,fold_after,1,5,179,dpss,M,15,459,1200,1659,24885,1659,online_verify_reconstruction_units,30,55.3,5
15,6,PRIME_MERSENNE_61,2305843009213693951,prss_dispute_seed_dpss,dispute,total,fold_after,1,5,179,dpss,M,15,459,1200,1659,24885,24885,online_verify_reconstruction_units,450,55.3,5
15,6,PRIME_MERSENNE_61,2305843009213693951,prss_dispute_seed_naive,dispute,per_party,fold_after,1,5,179,naive,M,15,459,1050,1509,22635,1509,online_verify_reconstruction_units,30,50.3,5
15,6,PRIME_MERSENNE_61,2305843009213693951,prss_dispute_seed_naive,dispute,total,fold_after,1,5,179,naive,M,15,459,1050,1509,22635,22635,online_verify_reconstruction_units,450,50.3,5
15,6,PRIME_MERSENNE_61,2305843009213693951,prss_dispute_seed_dpss,dispute,per_party,fold_after,1,5,179,dpss,M_squared,225,459,2250,2709,40635,2709,online_verify_reconstruction_units,30,90.3,5
15,6,PRIME_MERSENNE_61,2305843009213693951,prss_dispute_seed_dpss,dispute,total,fold_after,1,5,179,dpss,M_squared,225,459,2250,2709,40635,40635,online_verify_reconstruction_units,450,90.3,5
15,6,PRIME_MERSENNE_61,2305843009213693951,prss_dispute_seed_naive,dispute,per_party,fold_after,1,5,179,naive,M_squared,225,459,15750,16209,243135,16209,online_verify_reconstruction_units,30,540.3,5
15,6,PRIME_MERSENNE_61,2305843009213693951,prss_dispute_seed_naive,dispute,total,fold_after,1,5,179,naive,M_squared,225,459,15750,16209,243135,243135,online_verify_reconstruction_units,450,540.3,5
15,6,PRIME_MERSENNE_61,2305843009213693951,naive,n/a,per_party,fold_before,0,4,318,none,none,0,4452,0,4452,66780,4452,online_verify_reconstruction_units,30,148.4,5
15,6,PRIME_MERSENNE_61,2305843009213693951,naive,n/a,total,fold_before,0,4,318,none,none,0,4452,0,4452,66780,66780,online_verify_reconstruction_units,450,148.4,5
15,6,PRIME_MERSENNE_61,2305843009213693951,dpss_model,n/a,per_party,fold_before,0,4,318,none,none,0,1443,0,1443,21645,1443,online_verify_reconstruction_units,30,48.1,5
15,6,PRIME_MERSENNE_61,2305843009213693951,dpss_model,n/a,total,fold_before,0,4,318,none,none,0,1443,0,1443,21645,21645,online_verify_reconstruction_units,450,48.1,5
15,6,PRIME_MERSENNE_61,2305843009213693951,full_mask,n/a,per_party,fold_before,0,4,105,none,none,0,1470,0,1470,22050,1470,online_verify_reconstruction_units,30,49.0,5
15,6,PRIME_MERSENNE_61,2305843009213693951,full_mask,n/a,total,fold_before,0,4,105,none,none,0,1470,0,1470,22050,22050,online_verify_reconstruction_units,450,49.0,5
15,6,PRIME_MERSENNE_61,2305843009213693951,kernel_mask,n/a,per_party,fold_before,0,4,70,none,none,0,980,0,980,14700,980,online_verify_reconstruction_units,30,32.666666666666664,5
15,6,PRIME_MERSENNE_61,2305843009213693951,kernel_mask,n/a,total,fold_before,0,4,70,none,none,0,980,0,980,14700,14700,online_verify_reconstruction_units,450,32.666666666666664,5
15,6,PRIME_MERSENNE_61,2305843009213693951,prss_local,local,per_party,fold_before,0,4,318,none,none,0,318,0,318,4770,318,online_verify_reconstruction_units,30,10.6,5
15,6,PRIME_MERSENNE_61,2305843009213693951,prss_local,local,total,fold_before,0,4,318,none,none,0,318,0,318,4770,4770,online_verify_reconstruction_units,450,10.6,5
15,6,PRIME_MERSENNE_61,2305843009213693951,prss_local_seed_dpss,local,per_party,fold_before,0,4,318,dpss,one,1,318,1130,1448,21720,1448,online_verify_reconstruction_units,30,48.266666666666666,5
15,6,PRIME_MERSENNE_61,2305843009213693951,prss_local_seed_dpss,local,total,fold_before,0,4,318,dpss,one,1,318,1130,1448,21720,21720,online_verify_reconstruction_units,450,48.266666666666666,5
15,6,PRIME_MERSENNE_61,2305843009213693951,prss_local_seed_naive,local,per_party,fold_before,0,4,318,naive,one,1,318,70,388,5820,388,online_verify_reconstruction_units,30,12.933333333333334,5
15,6,PRIME_MERSENNE_61,2305843009213693951,prss_local_seed_naive,local,total,fold_before,0,4,318,naive,one,1,318,70,388,5820,5820,online_verify_reconstruction_units,450,12.933333333333334,5
15,6,PRIME_MERSENNE_61,2305843009213693951,prss_local_seed_dpss,local,per_party,fold_before,0,4,318,dpss,M,15,318,1200,1518,22770,1518,online_verify_reconstruction_units,30,50.6,5
15,6,PRIME_MERSENNE_61,2305843009213693951,prss_local_seed_dpss,local,total,fold_before,0,4,318,dpss,M,15,318,1200,1518,22770,22770,online_verify_reconstruction_units,450,50.6,5
15,6,PRIME_MERSENNE_61,2305843009213693951,prss_local_seed_naive,local,per_party,fold_before,0,4,318,naive,M,15,318,1050,1368,20520,1368,online_verify_reconstruction_units,30,45.6,5
15,6,PRIME_MERSENNE_61,2305843009213693951,prss_local_seed_naive,local,total,fold_before,0,4,318,naive,M,15,318,1050,1368,20520,20520,online_verify_reconstruction_units,450,45.6,5
15,6,PRIME_MERSENNE_61,2305843009213693951,prss_local_seed_dpss,local,per_party,fold_before,0,4,318,dpss,M_squared,225,318,2250,2568,38520,2568,online_verify_reconstruction_units,30,85.6,5
15,6,PRIME_MERSENNE_61,2305843009213693951,prss_local_seed_dpss,local,total,fold_before,0,4,318,dpss,M_squared,225,318,2250,2568,38520,38520,online_verify_reconstruction_units,450,85.6,5
15,6,PRIME_MERSENNE_61,2305843009213693951,prss_local_seed_naive,local,per_party,fold_before,0,4,318,naive,M_squared,225,318,15750,16068,241020,16068,online_verify_reconstruction_units,30,535.6,5
15,6,PRIME_MERSENNE_61,2305843009213693951,prss_local_seed_naive,local,total,fold_before,0,4,318,naive,M_squared,225,318,15750,16068,241020,241020,online_verify_reconstruction_units,450,535.6,5
15,6,PRIME_MERSENNE_61,2305843009213693951,prss_commit,commit,per_party,fold_before,0,4,318,none,none,0,388,0,388,5820,388,online_verify_reconstruction_units,30,12.933333333333334,5
15,6,PRIME_MERSENNE_61,2305843009213693951,prss_commit,commit,total,fold_before,0,4,318,none,none,0,388,0,388,5820,5820,online_verify_reconstruction_units,450,12.933333333333334,5
15,6,PRIME_MERSENNE_61,2305843009213693951,prss_commit_seed_dpss,commit,per_party,fold_before,0,4,318,dpss,one,1,388,1130,1518,22770,1518,online_verify_reconstruction_units,30,50.6,5
15,6,PRIME_MERSENNE_61,2305843009213693951,prss_commit_seed_dpss,commit,total,fold_before,0,4,318,dpss,one,1,388,1130,1518,22770,22770,online_verify_reconstruction_units,450,50.6,5
15,6,PRIME_MERSENNE_61,2305843009213693951,prss_commit_seed_naive,commit,per_party,fold_before,0,4,318,naive,one,1,388,70,458,6870,458,online_verify_reconstruction_units,30,15.266666666666667,5
15,6,PRIME_MERSENNE_61,2305843009213693951,prss_commit_seed_naive,commit,total,fold_before,0,4,318,naive,one,1,388,70,458,6870,6870,online_verify_reconstruction_units,450,15.266666666666667,5
15,6,PRIME_MERSENNE_61,2305843009213693951,prss_commit_seed_dpss,commit,per_party,fold_before,0,4,318,dpss,M,15,388,1200,1588,23820,1588,online_verify_reconstruction_units,30,52.93333333333333,5
15,6,PRIME_MERSENNE_61,2305843009213693951,prss_commit_seed_dpss,commit,total,fold_before,0,4,318,dpss,M,15,388,1200,1588,23820,23820,online_verify_reconstruction_units,450,52.93333333333333,5
15,6,PRIME_MERSENNE_61,2305843009213693951,prss_commit_seed_naive,commit,per_party,fold_before,0,4,318,naive,M,15,388,1050,1438,21570,1438,online_verify_reconstruction_units,30,47.93333333333333,5
15,6,PRIME_MERSENNE_61,2305843009213693951,prss_commit_seed_naive,commit,total,fold_before,0,4,318,naive,M,15,388,1050,1438,21570,21570,online_verify_reconstruction_units,450,47.93333333333333,5
15,6,PRIME_MERSENNE_61,2305843009213693951,prss_commit_seed_dpss,commit,per_party,fold_before,0,4,318,dpss,M_squared,225,388,2250,2638,39570,2638,online_verify_reconstruction_units,30,87.93333333333334,5
15,6,PRIME_MERSENNE_61,2305843009213693951,prss_commit_seed_dpss,commit,total,fold_before,0,4,318,dpss,M_squared,225,388,2250,2638,39570,39570,online_verify_reconstruction_units,450,87.93333333333334,5
15,6,PRIME_MERSENNE_61,2305843009213693951,prss_commit_seed_naive,commit,per_party,fold_before,0,4,318,naive,M_squared,225,388,15750,16138,242070,16138,online_verify_reconstruction_units,30,537.9333333333333,5
15,6,PRIME_MERSENNE_61,2305843009213693951,prss_commit_seed_naive,commit,total,fold_before,0,4,318,naive,M_squared,225,388,15750,16138,242070,242070,online_verify_reconstruction_units,450,537.9333333333333,5
15,6,PRIME_MERSENNE_61,2305843009213693951,prss_dispute,dispute,per_party,fold_before,0,4,318,none,none,0,598,0,598,8970,598,online_verify_reconstruction_units,30,19.933333333333334,5
15,6,PRIME_MERSENNE_61,2305843009213693951,prss_dispute,dispute,total,fold_before,0,4,318,none,none,0,598,0,598,8970,8970,online_verify_reconstruction_units,450,19.933333333333334,5
15,6,PRIME_MERSENNE_61,2305843009213693951,prss_dispute_seed_dpss,dispute,per_party,fold_before,0,4,318,dpss,one,1,598,1130,1728,25920,1728,online_verify_reconstruction_units,30,57.6,5
15,6,PRIME_MERSENNE_61,2305843009213693951,prss_dispute_seed_dpss,dispute,total,fold_before,0,4,318,dpss,one,1,598,1130,1728,25920,25920,online_verify_reconstruction_units,450,57.6,5
15,6,PRIME_MERSENNE_61,2305843009213693951,prss_dispute_seed_naive,dispute,per_party,fold_before,0,4,318,naive,one,1,598,70,668,10020,668,online_verify_reconstruction_units,30,22.266666666666666,5
15,6,PRIME_MERSENNE_61,2305843009213693951,prss_dispute_seed_naive,dispute,total,fold_before,0,4,318,naive,one,1,598,70,668,10020,10020,online_verify_reconstruction_units,450,22.266666666666666,5
15,6,PRIME_MERSENNE_61,2305843009213693951,prss_dispute_seed_dpss,dispute,per_party,fold_before,0,4,318,dpss,M,15,598,1200,1798,26970,1798,online_verify_reconstruction_units,30,59.93333333333333,5
15,6,PRIME_MERSENNE_61,2305843009213693951,prss_dispute_seed_dpss,dispute,total,fold_before,0,4,318,dpss,M,15,598,1200,1798,26970,26970,online_verify_reconstruction_units,450,59.93333333333333,5
15,6,PRIME_MERSENNE_61,2305843009213693951,prss_dispute_seed_naive,dispute,per_party,fold_before,0,4,318,naive,M,15,598,1050,1648,24720,1648,online_verify_reconstruction_units,30,54.93333333333333,5
15,6,PRIME_MERSENNE_61,2305843009213693951,prss_dispute_seed_naive,dispute,total,fold_before,0,4,318,naive,M,15,598,1050,1648,24720,24720,online_verify_reconstruction_units,450,54.93333333333333,5
15,6,PRIME_MERSENNE_61,2305843009213693951,prss_dispute_seed_dpss,dispute,per_party,fold_before,0,4,318,dpss,M_squared,225,598,2250,2848,42720,2848,online_verify_reconstruction_units,30,94.93333333333334,5
15,6,PRIME_MERSENNE_61,2305843009213693951,prss_dispute_seed_dpss,dispute,total,fold_before,0,4,318,dpss,M_squared,225,598,2250,2848,42720,42720,online_verify_reconstruction_units,450,94.93333333333334,5
15,6,PRIME_MERSENNE_61,2305843009213693951,prss_dispute_seed_naive,dispute,per_party,fold_before,0,4,318,naive,M_squared,225,598,15750,16348,245220,16348,online_verify_reconstruction_units,30,544.9333333333333,5
15,6,PRIME_MERSENNE_61,2305843009213693951,prss_dispute_seed_naive,dispute,total,fold_before,0,4,318,naive,M_squared,225,598,15750,16348,245220,245220,online_verify_reconstruction_units,450,544.9333333333333,5
31,6,PRIME_MERSENNE_61,2305843009213693951,naive,n/a,per_party,fold_after,1,5,179,none,none,0,5370,0,5370,166470,5370,online_verify_reconstruction_units,30,179.0,5
31,6,PRIME_MERSENNE_61,2305843009213693951,naive,n/a,total,fold_after,1,5,179,none,none,0,5370,0,5370,166470,166470,online_verify_reconstruction_units,930,179.0,5
31,6,PRIME_MERSENNE_61,2305843009213693951,dpss_model,n/a,per_party,fold_after,1,5,179,none,none,0,4984,0,4984,154504,4984,online_verify_reconstruction_units,30,166.13333333333333,5
31,6,PRIME_MERSENNE_61,2305843009213693951,dpss_model,n/a,total,fold_after,1,5,179,none,none,0,4984,0,4984,154504,154504,online_verify_reconstruction_units,930,166.13333333333333,5
31,6,PRIME_MERSENNE_61,2305843009213693951,full_mask,n/a,per_party,fold_after,1,5,105,none,none,0,3150,0,3150,97650,3150,online_verify_reconstruction_units,30,105.0,5
31,6,PRIME_MERSENNE_61,2305843009213693951,full_mask,n/a,total,fold_after,1,5,105,none,none,0,3150,0,3150,97650,97650,online_verify_reconstruction_units,930,105.0,5
31,6,PRIME_MERSENNE_61,2305843009213693951,kernel_mask,n/a,per_party,fold_after,1,5,55,none,none,0,1650,0,1650,51150,1650,online_verify_reconstruction_units,30,55.0,5
31,6,PRIME_MERSENNE_61,2305843009213693951,kernel_mask,n/a,total,fold_after,1,5,55,none,none,0,1650,0,1650,51150,51150,online_verify_reconstruction_units,930,55.0,5
31,6,PRIME_MERSENNE_61,2305843009213693951,prss_local,local,per_party,fold_after,1,5,179,none,none,0,179,0,179,5549,179,online_verify_reconstruction_units,30,5.966666666666667,5
31,6,PRIME_MERSENNE_61,2305843009213693951,prss_local,local,total,fold_after,1,5,179,none,none,0,179,0,179,5549,5549,online_verify_reconstruction_units,930,5.966666666666667,5
31,6,PRIME_MERSENNE_61,2305843009213693951,prss_local_seed_dpss,local,per_party,fold_after,1,5,179,dpss,one,1,179,4810,4989,154659,4989,online_verify_reconstruction_units,30,166.3,5
31,6,PRIME_MERSENNE_61,2305843009213693951,prss_local_seed_dpss,local,total,fold_after,1,5,179,dpss,one,1,179,4810,4989,154659,154659,online_verify_reconstruction_units,930,166.3,5
31,6,PRIME_MERSENNE_61,2305843009213693951,prss_local_seed_naive,local,per_party,fold_after,1,5,179,naive,one,1,179,150,329,10199,329,online_verify_reconstruction_units,30,10.966666666666667,5
31,6,PRIME_MERSENNE_61,2305843009213693951,prss_local_seed_naive,local,total,fold_after,1,5,179,naive,one,1,179,150,329,10199,10199,online_verify_reconstruction_units,930,10.966666666666667,5
31,6,PRIME_MERSENNE_61,2305843009213693951,prss_local_seed_dpss,local,per_party,fold_after,1,5,179,dpss,M,31,179,4960,5139,159309,5139,online_verify_reconstruction_units,30,171.3,5
31,6,PRIME_MERSENNE_61,2305843009213693951,prss_local_seed_dpss,local,total,fold_after,1,5,179,dpss,M,31,179,4960,5139,159309,159309,online_verify_reconstruction_units,930,171.3,5
31,6,PRIME_MERSENNE_61,2305843009213693951,prss_local_seed_naive,local,per_party,fold_after,1,5,179,naive,M,31,179,4650,4829,149699,4829,online_verify_reconstruction_units,30,160.96666666666667,5
31,6,PRIME_MERSENNE_61,2305843009213693951,prss_local_seed_naive,local,total,fold_after,1,5,179,naive,M,31,179,4650,4829,149699,149699,online_verify_reconstruction_units,930,160.96666666666667,5
31,6,PRIME_MERSENNE_61,2305843009213693951,prss_local_seed_dpss,local,per_party,fold_after,1,5,179,dpss,M_squared,961,179,9610,9789,303459,9789,online_verify_reconstruction_units,30,326.3,5
31,6,PRIME_MERSENNE_61,2305843009213693951,prss_local_seed_dpss,local,total,fold_after,1,5,179,dpss,M_squared,961,179,9610,9789,303459,303459,online_verify_reconstruction_units,930,326.3,5
31,6,PRIME_MERSENNE_61,2305843009213693951,prss_local_seed_naive,local,per_party,fold_after,1,5,179,naive,M_squared,961,179,144150,144329,4474199,144329,online_verify_reconstruction_units,30,4810.966666666666,5
31,6,PRIME_MERSENNE_61,2305843009213693951,prss_local_seed_naive,local,total,fold_after,1,5,179,naive,M_squared,961,179,144150,144329,4474199,4474199,online_verify_reconstruction_units,930,4810.966666666666,5
31,6,PRIME_MERSENNE_61,2305843009213693951,prss_commit,commit,per_party,fold_after,1,5,179,none,none,0,329,0,329,10199,329,online_verify_reconstruction_units,30,10.966666666666667,5
31,6,PRIME_MERSENNE_61,2305843009213693951,prss_commit,commit,total,fold_after,1,5,179,none,none,0,329,0,329,10199,10199,online_verify_reconstruction_units,930,10.966666666666667,5
31,6,PRIME_MERSENNE_61,2305843009213693951,prss_commit_seed_dpss,commit,per_party,fold_after,1,5,179,dpss,one,1,329,4810,5139,159309,5139,online_verify_reconstruction_units,30,171.3,5
31,6,PRIME_MERSENNE_61,2305843009213693951,prss_commit_seed_dpss,commit,total,fold_after,1,5,179,dpss,one,1,329,4810,5139,159309,159309,online_verify_reconstruction_units,930,171.3,5
31,6,PRIME_MERSENNE_61,2305843009213693951,prss_commit_seed_naive,commit,per_party,fold_after,1,5,179,naive,one,1,329,150,479,14849,479,online_verify_reconstruction_units,30,15.966666666666667,5
31,6,PRIME_MERSENNE_61,2305843009213693951,prss_commit_seed_naive,commit,total,fold_after,1,5,179,naive,one,1,329,150,479,14849,14849,online_verify_reconstruction_units,930,15.966666666666667,5
31,6,PRIME_MERSENNE_61,2305843009213693951,prss_commit_seed_dpss,commit,per_party,fold_after,1,5,179,dpss,M,31,329,4960,5289,163959,5289,online_verify_reconstruction_units,30,176.3,5
31,6,PRIME_MERSENNE_61,2305843009213693951,prss_commit_seed_dpss,commit,total,fold_after,1,5,179,dpss,M,31,329,4960,5289,163959,163959,online_verify_reconstruction_units,930,176.3,5
31,6,PRIME_MERSENNE_61,2305843009213693951,prss_commit_seed_naive,commit,per_party,fold_after,1,5,179,naive,M,31,329,4650,4979,154349,4979,online_verify_reconstruction_units,30,165.96666666666667,5
31,6,PRIME_MERSENNE_61,2305843009213693951,prss_commit_seed_naive,commit,total,fold_after,1,5,179,naive,M,31,329,4650,4979,154349,154349,online_verify_reconstruction_units,930,165.96666666666667,5
31,6,PRIME_MERSENNE_61,2305843009213693951,prss_commit_seed_dpss,commit,per_party,fold_after,1,5,179,dpss,M_squared,961,329,9610,9939,308109,9939,online_verify_reconstruction_units,30,331.3,5
31,6,PRIME_MERSENNE_61,2305843009213693951,prss_commit_seed_dpss,commit,total,fold_after,1,5,179,dpss,M_squared,961,329,9610,9939,308109,308109,online_verify_reconstruction_units,930,331.3,5
31,6,PRIME_MERSENNE_61,2305843009213693951,prss_commit_seed_naive,commit,per_party,fold_after,1,5,179,naive,M_squared,961,329,144150,144479,4478849,144479,online_verify_reconstruction_units,30,4815.966666666666,5
31,6,PRIME_MERSENNE_61,2305843009213693951,prss_commit_seed_naive,commit,total,fold_after,1,5,179,naive,M_squared,961,329,144150,144479,4478849,4478849,online_verify_reconstruction_units,930,4815.966666666666,5
31,6,PRIME_MERSENNE_61,2305843009213693951,prss_dispute,dispute,per_party,fold_after,1,5,179,none,none,0,929,0,929,28799,929,online_verify_reconstruction_units,30,30.966666666666665,5
31,6,PRIME_MERSENNE_61,2305843009213693951,prss_dispute,dispute,total,fold_after,1,5,179,none,none,0,929,0,929,28799,28799,online_verify_reconstruction_units,930,30.966666666666665,5
31,6,PRIME_MERSENNE_61,2305843009213693951,prss_dispute_seed_dpss,dispute,per_party,fold_after,1,5,179,dpss,one,1,929,4810,5739,177909,5739,online_verify_reconstruction_units,30,191.3,5
31,6,PRIME_MERSENNE_61,2305843009213693951,prss_dispute_seed_dpss,dispute,total,fold_after,1,5,179,dpss,one,1,929,4810,5739,177909,177909,online_verify_reconstruction_units,930,191.3,5
31,6,PRIME_MERSENNE_61,2305843009213693951,prss_dispute_seed_naive,dispute,per_party,fold_after,1,5,179,naive,one,1,929,150,1079,33449,1079,online_verify_reconstruction_units,30,35.96666666666667,5
31,6,PRIME_MERSENNE_61,2305843009213693951,prss_dispute_seed_naive,dispute,total,fold_after,1,5,179,naive,one,1,929,150,1079,33449,33449,online_verify_reconstruction_units,930,35.96666666666667,5
31,6,PRIME_MERSENNE_61,2305843009213693951,prss_dispute_seed_dpss,dispute,per_party,fold_after,1,5,179,dpss,M,31,929,4960,5889,182559,5889,online_verify_reconstruction_units,30,196.3,5
31,6,PRIME_MERSENNE_61,2305843009213693951,prss_dispute_seed_dpss,dispute,total,fold_after,1,5,179,dpss,M,31,929,4960,5889,182559,182559,online_verify_reconstruction_units,930,196.3,5
31,6,PRIME_MERSENNE_61,2305843009213693951,prss_dispute_seed_naive,dispute,per_party,fold_after,1,5,179,naive,M,31,929,4650,5579,172949,5579,online_verify_reconstruction_units,30,185.96666666666667,5
31,6,PRIME_MERSENNE_61,2305843009213693951,prss_dispute_seed_naive,dispute,total,fold_after,1,5,179,naive,M,31,929,4650,5579,172949,172949,online_verify_reconstruction_units,930,185.96666666666667,5
31,6,PRIME_MERSENNE_61,2305843009213693951,prss_dispute_seed_dpss,dispute,per_party,fold_after,1,5,179,dpss,M_squared,961,929,9610,10539,326709,10539,online_verify_reconstruction_units,30,351.3,5
31,6,PRIME_MERSENNE_61,2305843009213693951,prss_dispute_seed_dpss,dispute,total,fold_after,1,5,179,dpss,M_squared,961,929,9610,10539,326709,326709,online_verify_reconstruction_units,930,351.3,5
31,6,PRIME_MERSENNE_61,2305843009213693951,prss_dispute_seed_naive,dispute,per_party,fold_after,1,5,179,naive,M_squared,961,929,144150,145079,4497449,145079,online_verify_reconstruction_units,30,4835.966666666666,5
31,6,PRIME_MERSENNE_61,2305843009213693951,prss_dispute_seed_naive,dispute,total,fold_after,1,5,179,naive,M_squared,961,929,144150,145079,4497449,4497449,online_verify_reconstruction_units,930,4835.966666666666,5
31,6,PRIME_MERSENNE_61,2305843009213693951,naive,n/a,per_party,fold_before,0,4,318,none,none,0,9540,0,9540,295740,9540,online_verify_reconstruction_units,30,318.0,5
31,6,PRIME_MERSENNE_61,2305843009213693951,naive,n/a,total,fold_before,0,4,318,none,none,0,9540,0,9540,295740,295740,online_verify_reconstruction_units,930,318.0,5
31,6,PRIME_MERSENNE_61,2305843009213693951,dpss_model,n/a,per_party,fold_before,0,4,318,none,none,0,5123,0,5123,158813,5123,online_verify_reconstruction_units,30,170.76666666666668,5
31,6,PRIME_MERSENNE_61,2305843009213693951,dpss_model,n/a,total,fold_before,0,4,318,none,none,0,5123,0,5123,158813,158813,online_verify_reconstruction_units,930,170.76666666666668,5
31,6,PRIME_MERSENNE_61,2305843009213693951,full_mask,n/a,per_party,fold_before,0,4,105,none,none,0,3150,0,3150,97650,3150,online_verify_reconstruction_units,30,105.0,5
31,6,PRIME_MERSENNE_61,2305843009213693951,full_mask,n/a,total,fold_before,0,4,105,none,none,0,3150,0,3150,97650,97650,online_verify_reconstruction_units,930,105.0,5
31,6,PRIME_MERSENNE_61,2305843009213693951,kernel_mask,n/a,per_party,fold_before,0,4,70,none,none,0,2100,0,2100,65100,2100,online_verify_reconstruction_units,30,70.0,5
31,6,PRIME_MERSENNE_61,2305843009213693951,kernel_mask,n/a,total,fold_before,0,4,70,none,none,0,2100,0,2100,65100,65100,online_verify_reconstruction_units,930,70.0,5
31,6,PRIME_MERSENNE_61,2305843009213693951,prss_local,local,per_party,fold_before,0,4,318,none,none,0,318,0,318,9858,318,online_verify_reconstruction_units,30,10.6,5
31,6,PRIME_MERSENNE_61,2305843009213693951,prss_local,local,total,fold_before,0,4,318,none,none,0,318,0,318,9858,9858,online_verify_reconstruction_units,930,10.6,5
31,6,PRIME_MERSENNE_61,2305843009213693951,prss_local_seed_dpss,local,per_party,fold_before,0,4,318,dpss,one,1,318,4810,5128,158968,5128,online_verify_reconstruction_units,30,170.93333333333334,5
31,6,PRIME_MERSENNE_61,2305843009213693951,prss_local_seed_dpss,local,total,fold_before,0,4,318,dpss,one,1,318,4810,5128,158968,158968,online_verify_reconstruction_units,930,170.93333333333334,5
31,6,PRIME_MERSENNE_61,2305843009213693951,prss_local_seed_naive,local,per_party,fold_before,0,4,318,naive,one,1,318,150,468,14508,468,online_verify_reconstruction_units,30,15.6,5
31,6,PRIME_MERSENNE_61,2305843009213693951,prss_local_seed_naive,local,total,fold_before,0,4,318,naive,one,1,318,150,468,14508,14508,online_verify_reconstruction_units,930,15.6,5
31,6,PRIME_MERSENNE_61,2305843009213693951,prss_local_seed_dpss,local,per_party,fold_before,0,4,318,dpss,M,31,318,4960,5278,163618,5278,online_verify_reconstruction_units,30,175.93333333333334,5
31,6,PRIME_MERSENNE_61,2305843009213693951,prss_local_seed_dpss,local,total,fold_before,0,4,318,dpss,M,31,318,4960,5278,163618,163618,online_verify_reconstruction_units,930,175.93333333333334,5
31,6,PRIME_MERSENNE_61,2305843009213693951,prss_local_seed_naive,local,per_party,fold_before,0,4,318,naive,M,31,318,4650,4968,154008,4968,online_verify_reconstruction_units,30,165.6,5
31,6,PRIME_MERSENNE_61,2305843009213693951,prss_local_seed_naive,local,total,fold_before,0,4,318,naive,M,31,318,4650,4968,154008,154008,online_verify_reconstruction_units,930,165.6,5
31,6,PRIME_MERSENNE_61,2305843009213693951,prss_local_seed_dpss,local,per_party,fold_before,0,4,318,dpss,M_squared,961,318,9610,9928,307768,9928,online_verify_reconstruction_units,30,330.93333333333334,5
31,6,PRIME_MERSENNE_61,2305843009213693951,prss_local_seed_dpss,local,total,fold_before,0,4,318,dpss,M_squared,961,318,9610,9928,307768,307768,online_verify_reconstruction_units,930,330.93333333333334,5
31,6,PRIME_MERSENNE_61,2305843009213693951,prss_local_seed_naive,local,per_party,fold_before,0,4,318,naive,M_squared,961,318,144150,144468,4478508,144468,online_verify_reconstruction_units,30,4815.6,5
31,6,PRIME_MERSENNE_61,2305843009213693951,prss_local_seed_naive,local,total,fold_before,0,4,318,naive,M_squared,961,318,144150,144468,4478508,4478508,online_verify_reconstruction_units,930,4815.6,5
31,6,PRIME_MERSENNE_61,2305843009213693951,prss_commit,commit,per_party,fold_before,0,4,318,none,none,0,468,0,468,14508,468,online_verify_reconstruction_units,30,15.6,5
31,6,PRIME_MERSENNE_61,2305843009213693951,prss_commit,commit,total,fold_before,0,4,318,none,none,0,468,0,468,14508,14508,online_verify_reconstruction_units,930,15.6,5
31,6,PRIME_MERSENNE_61,2305843009213693951,prss_commit_seed_dpss,commit,per_party,fold_before,0,4,318,dpss,one,1,468,4810,5278,163618,5278,online_verify_reconstruction_units,30,175.93333333333334,5
31,6,PRIME_MERSENNE_61,2305843009213693951,prss_commit_seed_dpss,commit,total,fold_before,0,4,318,dpss,one,1,468,4810,5278,163618,163618,online_verify_reconstruction_units,930,175.93333333333334,5
31,6,PRIME_MERSENNE_61,2305843009213693951,prss_commit_seed_naive,commit,per_party,fold_before,0,4,318,naive,one,1,468,150,618,19158,618,online_verify_reconstruction_units,30,20.6,5
31,6,PRIME_MERSENNE_61,2305843009213693951,prss_commit_seed_naive,commit,total,fold_before,0,4,318,naive,one,1,468,150,618,19158,19158,online_verify_reconstruction_units,930,20.6,5
31,6,PRIME_MERSENNE_61,2305843009213693951,prss_commit_seed_dpss,commit,per_party,fold_before,0,4,318,dpss,M,31,468,4960,5428,168268,5428,online_verify_reconstruction_units,30,180.93333333333334,5
31,6,PRIME_MERSENNE_61,2305843009213693951,prss_commit_seed_dpss,commit,total,fold_before,0,4,318,dpss,M,31,468,4960,5428,168268,168268,online_verify_reconstruction_units,930,180.93333333333334,5
31,6,PRIME_MERSENNE_61,2305843009213693951,prss_commit_seed_naive,commit,per_party,fold_before,0,4,318,naive,M,31,468,4650,5118,158658,5118,online_verify_reconstruction_units,30,170.6,5
31,6,PRIME_MERSENNE_61,2305843009213693951,prss_commit_seed_naive,commit,total,fold_before,0,4,318,naive,M,31,468,4650,5118,158658,158658,online_verify_reconstruction_units,930,170.6,5
31,6,PRIME_MERSENNE_61,2305843009213693951,prss_commit_seed_dpss,commit,per_party,fold_before,0,4,318,dpss,M_squared,961,468,9610,10078,312418,10078,online_verify_reconstruction_units,30,335.93333333333334,5
31,6,PRIME_MERSENNE_61,2305843009213693951,prss_commit_seed_dpss,commit,total,fold_before,0,4,318,dpss,M_squared,961,468,9610,10078,312418,312418,online_verify_reconstruction_units,930,335.93333333333334,5
31,6,PRIME_MERSENNE_61,2305843009213693951,prss_commit_seed_naive,commit,per_party,fold_before,0,4,318,naive,M_squared,961,468,144150,144618,4483158,144618,online_verify_reconstruction_units,30,4820.6,5
31,6,PRIME_MERSENNE_61,2305843009213693951,prss_commit_seed_naive,commit,total,fold_before,0,4,318,naive,M_squared,961,468,144150,144618,4483158,4483158,online_verify_reconstruction_units,930,4820.6,5
31,6,PRIME_MERSENNE_61,2305843009213693951,prss_dispute,dispute,per_party,fold_before,0,4,318,none,none,0,1068,0,1068,33108,1068,online_verify_reconstruction_units,30,35.6,5
31,6,PRIME_MERSENNE_61,2305843009213693951,prss_dispute,dispute,total,fold_before,0,4,318,none,none,0,1068,0,1068,33108,33108,online_verify_reconstruction_units,930,35.6,5
31,6,PRIME_MERSENNE_61,2305843009213693951,prss_dispute_seed_dpss,dispute,per_party,fold_before,0,4,318,dpss,one,1,1068,4810,5878,182218,5878,online_verify_reconstruction_units,30,195.93333333333334,5
31,6,PRIME_MERSENNE_61,2305843009213693951,prss_dispute_seed_dpss,dispute,total,fold_before,0,4,318,dpss,one,1,1068,4810,5878,182218,182218,online_verify_reconstruction_units,930,195.93333333333334,5
31,6,PRIME_MERSENNE_61,2305843009213693951,prss_dispute_seed_naive,dispute,per_party,fold_before,0,4,318,naive,one,1,1068,150,1218,37758,1218,online_verify_reconstruction_units,30,40.6,5
31,6,PRIME_MERSENNE_61,2305843009213693951,prss_dispute_seed_naive,dispute,total,fold_before,0,4,318,naive,one,1,1068,150,1218,37758,37758,online_verify_reconstruction_units,930,40.6,5
31,6,PRIME_MERSENNE_61,2305843009213693951,prss_dispute_seed_dpss,dispute,per_party,fold_before,0,4,318,dpss,M,31,1068,4960,6028,186868,6028,online_verify_reconstruction_units,30,200.93333333333334,5
31,6,PRIME_MERSENNE_61,2305843009213693951,prss_dispute_seed_dpss,dispute,total,fold_before,0,4,318,dpss,M,31,1068,4960,6028,186868,186868,online_verify_reconstruction_units,930,200.93333333333334,5
31,6,PRIME_MERSENNE_61,2305843009213693951,prss_dispute_seed_naive,dispute,per_party,fold_before,0,4,318,naive,M,31,1068,4650,5718,177258,5718,online_verify_reconstruction_units,30,190.6,5
31,6,PRIME_MERSENNE_61,2305843009213693951,prss_dispute_seed_naive,dispute,total,fold_before,0,4,318,naive,M,31,1068,4650,5718,177258,177258,online_verify_reconstruction_units,930,190.6,5
31,6,PRIME_MERSENNE_61,2305843009213693951,prss_dispute_seed_dpss,dispute,per_party,fold_before,0,4,318,dpss,M_squared,961,1068,9610,10678,331018,10678,online_verify_reconstruction_units,30,355.93333333333334,5
31,6,PRIME_MERSENNE_61,2305843009213693951,prss_dispute_seed_dpss,dispute,total,fold_before,0,4,318,dpss,M_squared,961,1068,9610,10678,331018,331018,online_verify_reconstruction_units,930,355.93333333333334,5
31,6,PRIME_MERSENNE_61,2305843009213693951,prss_dispute_seed_naive,dispute,per_party,fold_before,0,4,318,naive,M_squared,961,1068,144150,145218,4501758,145218,online_verify_reconstruction_units,30,4840.6,5
31,6,PRIME_MERSENNE_61,2305843009213693951,prss_dispute_seed_naive,dispute,total,fold_before,0,4,318,naive,M_squared,961,1068,144150,145218,4501758,4501758,online_verify_reconstruction_units,930,4840.6,5
63,6,PRIME_MERSENNE_61,2305843009213693951,naive,n/a,per_party,fold_after,1,5,179,none,none,0,11098,0,11098,699174,11098,online_verify_reconstruction_units,30,369.93333333333334,5
63,6,PRIME_MERSENNE_61,2305843009213693951,naive,n/a,total,fold_after,1,5,179,none,none,0,11098,0,11098,699174,699174,online_verify_reconstruction_units,1890,369.93333333333334,5
63,6,PRIME_MERSENNE_61,2305843009213693951,dpss_model,n/a,per_party,fold_after,1,5,179,none,none,0,20024,0,20024,1261512,20024,online_verify_reconstruction_units,30,667.4666666666667,5
63,6,PRIME_MERSENNE_61,2305843009213693951,dpss_model,n/a,total,fold_after,1,5,179,none,none,0,20024,0,20024,1261512,1261512,online_verify_reconstruction_units,1890,667.4666666666667,5
63,6,PRIME_MERSENNE_61,2305843009213693951,full_mask,n/a,per_party,fold_after,1,5,105,none,none,0,6510,0,6510,410130,6510,online_verify_reconstruction_units,30,217.0,5
63,6,PRIME_MERSENNE_61,2305843009213693951,full_mask,n/a,total,fold_after,1,5,105,none,none,0,6510,0,6510,410130,410130,online_verify_reconstruction_units,1890,217.0,5
63,6,PRIME_MERSENNE_61,2305843009213693951,kernel_mask,n/a,per_party,fold_after,1,5,55,none,none,0,3410,0,3410,214830,3410,online_verify_reconstruction_units,30,113.66666666666667,5
63,6,PRIME_MERSENNE_61,2305843009213693951,kernel_mask,n/a,total,fold_after,1,5,55,none,none,0,3410,0,3410,214830,214830,online_verify_reconstruction_units,1890,113.66666666666667,5
63,6,PRIME_MERSENNE_61,2305843009213693951,prss_local,local,per_party,fold_after,1,5,179,none,none,0,179,0,179,11277,179,online_verify_reconstruction_units,30,5.966666666666667,5
63,6,PRIME_MERSENNE_61,2305843009213693951,prss_local,local,total,fold_after,1,5,179,none,none,0,179,0,179,11277,11277,online_verify_reconstruction_units,1890,5.966666666666667,5
63,6,PRIME_MERSENNE_61,2305843009213693951,prss_local_seed_dpss,local,per_party,fold_after,1,5,179,dpss,one,1,179,19850,20029,1261827,20029,online_verify_reconstruction_units,30,667.6333333333333,5
63,6,PRIME_MERSENNE_61,2305843009213693951,prss_local_seed_dpss,local,total,fold_after,1,5,179,dpss,one,1,179,19850,20029,1261827,1261827,online_verify_reconstruction_units,1890,667.6333333333333,5
63,6,PRIME_MERSENNE_61,2305843009213693951,prss_local_seed_naive,local,per_party,fold_after,1,5,179,naive,one,1,179,310,489,30807,489,online_verify_reconstruction_units,30,16.3,5
63,6,PRIME_MERSENNE_61,2305843009213693951,prss_local_seed_naive,local,total,fold_after,1,5,179,naive,one,1,179,310,489,30807,30807,online_verify_reconstruction_units,1890,16.3,5
63,6,PRIME_MERSENNE_61,2305843009213693951,prss_local_seed_dpss,local,per_party,fold_after,1,5,179,dpss,M,63,179,20160,20339,1281357,20339,online_verify_reconstruction_units,30,677.9666666666667,5
63,6,PRIME_MERSENNE_61,2305843009213693951,prss_local_seed_dpss,local,total,fold_after,1,5,179,dpss,M,63,179,20160,20339,1281357,1281357,online_verify_reconstruction_units,1890,677.9666666666667,5
63,6,PRIME_MERSENNE_61,2305843009213693951,prss_local_seed_naive,local,per_party,fold_after,1,5,179,naive,M,63,179,19530,19709,1241667,19709,online_verify_reconstruction_units,30,656.9666666666667,5
63,6,PRIME_MERSENNE_61,2305843009213693951,prss_local_seed_naive,local,total,fold_after,1,5,179,naive,M,63,179,19530,19709,1241667,1241667,online_verify_reconstruction_units,1890,656.9666666666667,5
63,6,PRIME_MERSENNE_61,2305843009213693951,prss_local_seed_dpss,local,per_party,fold_after,1,5,179,dpss,M_squared,3969,179,39690,39869,2511747,39869,online_verify_reconstruction_units,30,1328.9666666666667,5
63,6,PRIME_MERSENNE_61,2305843009213693951,prss_local_seed_dpss,local,total,fold_after,1,5,179,dpss,M_squared,3969,179,39690,39869,2511747,2511747,online_verify_reconstruction_units,1890,1328.9666666666667,5
63,6,PRIME_MERSENNE_61,2305843009213693951,prss_local_seed_naive,local,per_party,fold_after,1,5,179,naive,M_squared,3969,179,1230390,1230569,77525847,1230569,online_verify_reconstruction_units,30,41018.96666666667,5
63,6,PRIME_MERSENNE_61,2305843009213693951,prss_local_seed_naive,local,total,fold_after,1,5,179,naive,M_squared,3969,179,1230390,1230569,77525847,77525847,online_verify_reconstruction_units,1890,41018.96666666667,5
63,6,PRIME_MERSENNE_61,2305843009213693951,prss_commit,commit,per_party,fold_after,1,5,179,none,none,0,489,0,489,30807,489,online_verify_reconstruction_units,30,16.3,5
63,6,PRIME_MERSENNE_61,2305843009213693951,prss_commit,commit,total,fold_after,1,5,179,none,none,0,489,0,489,30807,30807,online_verify_reconstruction_units,1890,16.3,5
63,6,PRIME_MERSENNE_61,2305843009213693951,prss_commit_seed_dpss,commit,per_party,fold_after,1,5,179,dpss,one,1,489,19850,20339,1281357,20339,online_verify_reconstruction_units,30,677.9666666666667,5
63,6,PRIME_MERSENNE_61,2305843009213693951,prss_commit_seed_dpss,commit,total,fold_after,1,5,179,dpss,one,1,489,19850,20339,1281357,1281357,online_verify_reconstruction_units,1890,677.9666666666667,5
63,6,PRIME_MERSENNE_61,2305843009213693951,prss_commit_seed_naive,commit,per_party,fold_after,1,5,179,naive,one,1,489,310,799,50337,799,online_verify_reconstruction_units,30,26.633333333333333,5
63,6,PRIME_MERSENNE_61,2305843009213693951,prss_commit_seed_naive,commit,total,fold_after,1,5,179,naive,one,1,489,310,799,50337,50337,online_verify_reconstruction_units,1890,26.633333333333333,5
63,6,PRIME_MERSENNE_61,2305843009213693951,prss_commit_seed_dpss,commit,per_party,fold_after,1,5,179,dpss,M,63,489,20160,20649,1300887,20649,online_verify_reconstruction_units,30,688.3,5
63,6,PRIME_MERSENNE_61,2305843009213693951,prss_commit_seed_dpss,commit,total,fold_after,1,5,179,dpss,M,63,489,20160,20649,1300887,1300887,online_verify_reconstruction_units,1890,688.3,5
63,6,PRIME_MERSENNE_61,2305843009213693951,prss_commit_seed_naive,commit,per_party,fold_after,1,5,179,naive,M,63,489,19530,20019,1261197,20019,online_verify_reconstruction_units,30,667.3,5
63,6,PRIME_MERSENNE_61,2305843009213693951,prss_commit_seed_naive,commit,total,fold_after,1,5,179,naive,M,63,489,19530,20019,1261197,1261197,online_verify_reconstruction_units,1890,667.3,5
63,6,PRIME_MERSENNE_61,2305843009213693951,prss_commit_seed_dpss,commit,per_party,fold_after,1,5,179,dpss,M_squared,3969,489,39690,40179,2531277,40179,online_verify_reconstruction_units,30,1339.3,5
63,6,PRIME_MERSENNE_61,2305843009213693951,prss_commit_seed_dpss,commit,total,fold_after,1,5,179,dpss,M_squared,3969,489,39690,40179,2531277,2531277,online_verify_reconstruction_units,1890,1339.3,5
63,6,PRIME_MERSENNE_61,2305843009213693951,prss_commit_seed_naive,commit,per_party,fold_after,1,5,179,naive,M_squared,3969,489,1230390,1230879,77545377,1230879,online_verify_reconstruction_units,30,41029.3,5
63,6,PRIME_MERSENNE_61,2305843009213693951,prss_commit_seed_naive,commit,total,fold_after,1,5,179,naive,M_squared,3969,489,1230390,1230879,77545377,77545377,online_verify_reconstruction_units,1890,41029.3,5
63,6,PRIME_MERSENNE_61,2305843009213693951,prss_dispute,dispute,per_party,fold_after,1,5,179,none,none,0,2039,0,2039,128457,2039,online_verify_reconstruction_units,30,67.96666666666667,5
63,6,PRIME_MERSENNE_61,2305843009213693951,prss_dispute,dispute,total,fold_after,1,5,179,none,none,0,2039,0,2039,128457,128457,online_verify_reconstruction_units,1890,67.96666666666667,5
63,6,PRIME_MERSENNE_61,2305843009213693951,prss_dispute_seed_dpss,dispute,per_party,fold_after,1,5,179,dpss,one,1,2039,19850,21889,1379007,21889,online_verify_reconstruction_units,30,729.6333333333333,5
63,6,PRIME_MERSENNE_61,2305843009213693951,prss_dispute_seed_dpss,dispute,total,fold_after,1,5,179,dpss,one,1,2039,19850,21889,1379007,1379007,online_verify_reconstruction_units,1890,729.6333333333333,5
63,6,PRIME_MERSENNE_61,2305843009213693951,prss_dispute_seed_naive,dispute,per_party,fold_after,1,5,179,naive,one,1,2039,310,2349,147987,2349,online_verify_reconstruction_units,30,78.3,5
63,6,PRIME_MERSENNE_61,2305843009213693951,prss_dispute_seed_naive,dispute,total,fold_after,1,5,179,naive,one,1,2039,310,2349,147987,147987,online_verify_reconstruction_units,1890,78.3,5
63,6,PRIME_MERSENNE_61,2305843009213693951,prss_dispute_seed_dpss,dispute,per_party,fold_after,1,5,179,dpss,M,63,2039,20160,22199,1398537,22199,online_verify_reconstruction_units,30,739.9666666666667,5
63,6,PRIME_MERSENNE_61,2305843009213693951,prss_dispute_seed_dpss,dispute,total,fold_after,1,5,179,dpss,M,63,2039,20160,22199,1398537,1398537,online_verify_reconstruction_units,1890,739.9666666666667,5
63,6,PRIME_MERSENNE_61,2305843009213693951,prss_dispute_seed_naive,dispute,per_party,fold_after,1,5,179,naive,M,63,2039,19530,21569,1358847,21569,online_verify_reconstruction_units,30,718.9666666666667,5
63,6,PRIME_MERSENNE_61,2305843009213693951,prss_dispute_seed_naive,dispute,total,fold_after,1,5,179,naive,M,63,2039,19530,21569,1358847,1358847,online_verify_reconstruction_units,1890,718.9666666666667,5
63,6,PRIME_MERSENNE_61,2305843009213693951,prss_dispute_seed_dpss,dispute,per_party,fold_after,1,5,179,dpss,M_squared,3969,2039,39690,41729,2628927,41729,online_verify_reconstruction_units,30,1390.9666666666667,5
63,6,PRIME_MERSENNE_61,2305843009213693951,prss_dispute_seed_dpss,dispute,total,fold_after,1,5,179,dpss,M_squared,3969,2039,39690,41729,2628927,2628927,online_verify_reconstruction_units,1890,1390.9666666666667,5
63,6,PRIME_MERSENNE_61,2305843009213693951,prss_dispute_seed_naive,dispute,per_party,fold_after,1,5,179,naive,M_squared,3969,2039,1230390,1232429,77643027,1232429,online_verify_reconstruction_units,30,41080.96666666667,5
63,6,PRIME_MERSENNE_61,2305843009213693951,prss_dispute_seed_naive,dispute,total,fold_after,1,5,179,naive,M_squared,3969,2039,1230390,1232429,77643027,77643027,online_verify_reconstruction_units,1890,41080.96666666667,5
63,6,PRIME_MERSENNE_61,2305843009213693951,naive,n/a,per_party,fold_before,0,4,318,none,none,0,19716,0,19716,1242108,19716,online_verify_reconstruction_units,30,657.2,5
63,6,PRIME_MERSENNE_61,2305843009213693951,naive,n/a,total,fold_before,0,4,318,none,none,0,19716,0,19716,1242108,1242108,online_verify_reconstruction_units,1890,657.2,5
63,6,PRIME_MERSENNE_61,2305843009213693951,dpss_model,n/a,per_party,fold_before,0,4,318,none,none,0,20163,0,20163,1270269,20163,online_verify_reconstruction_units,30,672.1,5
63,6,PRIME_MERSENNE_61,2305843009213693951,dpss_model,n/a,total,fold_before,0,4,318,none,none,0,20163,0,20163,1270269,1270269,online_verify_reconstruction_units,1890,672.1,5
63,6,PRIME_MERSENNE_61,2305843009213693951,full_mask,n/a,per_party,fold_before,0,4,105,none,none,0,6510,0,6510,410130,6510,online_verify_reconstruction_units,30,217.0,5
63,6,PRIME_MERSENNE_61,2305843009213693951,full_mask,n/a,total,fold_before,0,4,105,none,none,0,6510,0,6510,410130,410130,online_verify_reconstruction_units,1890,217.0,5
63,6,PRIME_MERSENNE_61,2305843009213693951,kernel_mask,n/a,per_party,fold_before,0,4,70,none,none,0,4340,0,4340,273420,4340,online_verify_reconstruction_units,30,144.66666666666666,5
63,6,PRIME_MERSENNE_61,2305843009213693951,kernel_mask,n/a,total,fold_before,0,4,70,none,none,0,4340,0,4340,273420,273420,online_verify_reconstruction_units,1890,144.66666666666666,5
63,6,PRIME_MERSENNE_61,2305843009213693951,prss_local,local,per_party,fold_before,0,4,318,none,none,0,318,0,318,20034,318,online_verify_reconstruction_units,30,10.6,5
63,6,PRIME_MERSENNE_61,2305843009213693951,prss_local,local,total,fold_before,0,4,318,none,none,0,318,0,318,20034,20034,online_verify_reconstruction_units,1890,10.6,5
63,6,PRIME_MERSENNE_61,2305843009213693951,prss_local_seed_dpss,local,per_party,fold_before,0,4,318,dpss,one,1,318,19850,20168,1270584,20168,online_verify_reconstruction_units,30,672.2666666666667,5
63,6,PRIME_MERSENNE_61,2305843009213693951,prss_local_seed_dpss,local,total,fold_before,0,4,318,dpss,one,1,318,19850,20168,1270584,1270584,online_verify_reconstruction_units,1890,672.2666666666667,5
63,6,PRIME_MERSENNE_61,2305843009213693951,prss_local_seed_naive,local,per_party,fold_before,0,4,318,naive,one,1,318,310,628,39564,628,online_verify_reconstruction_units,30,20.933333333333334,5
63,6,PRIME_MERSENNE_61,2305843009213693951,prss_local_seed_naive,local,total,fold_before,0,4,318,naive,one,1,318,310,628,39564,39564,online_verify_reconstruction_units,1890,20.933333333333334,5
63,6,PRIME_MERSENNE_61,2305843009213693951,prss_local_seed_dpss,local,per_party,fold_before,0,4,318,dpss,M,63,318,20160,20478,1290114,20478,online_verify_reconstruction_units,30,682.6,5
63,6,PRIME_MERSENNE_61,2305843009213693951,prss_local_seed_dpss,local,total,fold_before,0,4,318,dpss,M,63,318,20160,20478,1290114,1290114,online_verify_reconstruction_units,1890,682.6,5
63,6,PRIME_MERSENNE_61,2305843009213693951,prss_local_seed_naive,local,per_party,fold_before,0,4,318,naive,M,63,318,19530,19848,1250424,19848,online_verify_reconstruction_units,30,661.6,5
63,6,PRIME_MERSENNE_61,2305843009213693951,prss_local_seed_naive,local,total,fold_before,0,4,318,naive,M,63,318,19530,19848,1250424,1250424,online_verify_reconstruction_units,1890,661.6,5
63,6,PRIME_MERSENNE_61,2305843009213693951,prss_local_seed_dpss,local,per_party,fold_before,0,4,318,dpss,M_squared,3969,318,39690,40008,2520504,40008,online_verify_reconstruction_units,30,1333.6,5
63,6,PRIME_MERSENNE_61,2305843009213693951,prss_local_seed_dpss,local,total,fold_before,0,4,318,dpss,M_squared,3969,318,39690,40008,2520504,2520504,online_verify_reconstruction_units,1890,1333.6,5
63,6,PRIME_MERSENNE_61,2305843009213693951,prss_local_seed_naive,local,per_party,fold_before,0,4,318,naive,M_squared,3969,318,1230390,1230708,77534604,1230708,online_verify_reconstruction_units,30,41023.6,5
63,6,PRIME_MERSENNE_61,2305843009213693951,prss_local_seed_naive,local,total,fold_before,0,4,318,naive,M_squared,3969,318,1230390,1230708,77534604,77534604,online_verify_reconstruction_units,1890,41023.6,5
63,6,PRIME_MERSENNE_61,2305843009213693951,prss_commit,commit,per_party,fold_before,0,4,318,none,none,0,628,0,628,39564,628,online_verify_reconstruction_units,30,20.933333333333334,5
63,6,PRIME_MERSENNE_61,2305843009213693951,prss_commit,commit,total,fold_before,0,4,318,none,none,0,628,0,628,39564,39564,online_verify_reconstruction_units,1890,20.933333333333334,5
63,6,PRIME_MERSENNE_61,2305843009213693951,prss_commit_seed_dpss,commit,per_party,fold_before,0,4,318,dpss,one,1,628,19850,20478,1290114,20478,online_verify_reconstruction_units,30,682.6,5
63,6,PRIME_MERSENNE_61,2305843009213693951,prss_commit_seed_dpss,commit,total,fold_before,0,4,318,dpss,one,1,628,19850,20478,1290114,1290114,online_verify_reconstruction_units,1890,682.6,5
63,6,PRIME_MERSENNE_61,2305843009213693951,prss_commit_seed_naive,commit,per_party,fold_before,0,4,318,naive,one,1,628,310,938,59094,938,online_verify_reconstruction_units,30,31.266666666666666,5
63,6,PRIME_MERSENNE_61,2305843009213693951,prss_commit_seed_naive,commit,total,fold_before,0,4,318,naive,one,1,628,310,938,59094,59094,online_verify_reconstruction_units,1890,31.266666666666666,5
63,6,PRIME_MERSENNE_61,2305843009213693951,prss_commit_seed_dpss,commit,per_party,fold_before,0,4,318,dpss,M,63,628,20160,20788,1309644,20788,online_verify_reconstruction_units,30,692.9333333333333,5
63,6,PRIME_MERSENNE_61,2305843009213693951,prss_commit_seed_dpss,commit,total,fold_before,0,4,318,dpss,M,63,628,20160,20788,1309644,1309644,online_verify_reconstruction_units,1890,692.9333333333333,5
63,6,PRIME_MERSENNE_61,2305843009213693951,prss_commit_seed_naive,commit,per_party,fold_before,0,4,318,naive,M,63,628,19530,20158,1269954,20158,online_verify_reconstruction_units,30,671.9333333333333,5
63,6,PRIME_MERSENNE_61,2305843009213693951,prss_commit_seed_naive,commit,total,fold_before,0,4,318,naive,M,63,628,19530,20158,1269954,1269954,online_verify_reconstruction_units,1890,671.9333333333333,5
63,6,PRIME_MERSENNE_61,2305843009213693951,prss_commit_seed_dpss,commit,per_party,fold_before,0,4,318,dpss,M_squared,3969,628,39690,40318,2540034,40318,online_verify_reconstruction_units,30,1343.9333333333334,5
63,6,PRIME_MERSENNE_61,2305843009213693951,prss_commit_seed_dpss,commit,total,fold_before,0,4,318,dpss,M_squared,3969,628,39690,40318,2540034,2540034,online_verify_reconstruction_units,1890,1343.9333333333334,5
63,6,PRIME_MERSENNE_61,2305843009213693951,prss_commit_seed_naive,commit,per_party,fold_before,0,4,318,naive,M_squared,3969,628,1230390,1231018,77554134,1231018,online_verify_reconstruction_units,30,41033.933333333334,5
63,6,PRIME_MERSENNE_61,2305843009213693951,prss_commit_seed_naive,commit,total,fold_before,0,4,318,naive,M_squared,3969,628,1230390,1231018,77554134,77554134,online_verify_reconstruction_units,1890,41033.933333333334,5
63,6,PRIME_MERSENNE_61,2305843009213693951,prss_dispute,dispute,per_party,fold_before,0,4,318,none,none,0,2178,0,2178,137214,2178,online_verify_reconstruction_units,30,72.6,5
63,6,PRIME_MERSENNE_61,2305843009213693951,prss_dispute,dispute,total,fold_before,0,4,318,none,none,0,2178,0,2178,137214,137214,online_verify_reconstruction_units,1890,72.6,5
63,6,PRIME_MERSENNE_61,2305843009213693951,prss_dispute_seed_dpss,dispute,per_party,fold_before,0,4,318,dpss,one,1,2178,19850,22028,1387764,22028,online_verify_reconstruction_units,30,734.2666666666667,5
63,6,PRIME_MERSENNE_61,2305843009213693951,prss_dispute_seed_dpss,dispute,total,fold_before,0,4,318,dpss,one,1,2178,19850,22028,1387764,1387764,online_verify_reconstruction_units,1890,734.2666666666667,5
63,6,PRIME_MERSENNE_61,2305843009213693951,prss_dispute_seed_naive,dispute,per_party,fold_before,0,4,318,naive,one,1,2178,310,2488,156744,2488,online_verify_reconstruction_units,30,82.93333333333334,5
63,6,PRIME_MERSENNE_61,2305843009213693951,prss_dispute_seed_naive,dispute,total,fold_before,0,4,318,naive,one,1,2178,310,2488,156744,156744,online_verify_reconstruction_units,1890,82.93333333333334,5
63,6,PRIME_MERSENNE_61,2305843009213693951,prss_dispute_seed_dpss,dispute,per_party,fold_before,0,4,318,dpss,M,63,2178,20160,22338,1407294,22338,online_verify_reconstruction_units,30,744.6,5
63,6,PRIME_MERSENNE_61,2305843009213693951,prss_dispute_seed_dpss,dispute,total,fold_before,0,4,318,dpss,M,63,2178,20160,22338,1407294,1407294,online_verify_reconstruction_units,1890,744.6,5
63,6,PRIME_MERSENNE_61,2305843009213693951,prss_dispute_seed_naive,dispute,per_party,fold_before,0,4,318,naive,M,63,2178,19530,21708,1367604,21708,online_verify_reconstruction_units,30,723.6,5
63,6,PRIME_MERSENNE_61,2305843009213693951,prss_dispute_seed_naive,dispute,total,fold_before,0,4,318,naive,M,63,2178,19530,21708,1367604,1367604,online_verify_reconstruction_units,1890,723.6,5
63,6,PRIME_MERSENNE_61,2305843009213693951,prss_dispute_seed_dpss,dispute,per_party,fold_before,0,4,318,dpss,M_squared,3969,2178,39690,41868,2637684,41868,online_verify_reconstruction_units,30,1395.6,5
63,6,PRIME_MERSENNE_61,2305843009213693951,prss_dispute_seed_dpss,dispute,total,fold_before,0,4,318,dpss,M_squared,3969,2178,39690,41868,2637684,2637684,online_verify_reconstruction_units,1890,1395.6,5
63,6,PRIME_MERSENNE_61,2305843009213693951,prss_dispute_seed_naive,dispute,per_party,fold_before,0,4,318,naive,M_squared,3969,2178,1230390,1232568,77651784,1232568,online_verify_reconstruction_units,30,41085.6,5
63,6,PRIME_MERSENNE_61,2305843009213693951,prss_dispute_seed_naive,dispute,total,fold_before,0,4,318,naive,M_squared,3969,2178,1230390,1232568,77651784,77651784,online_verify_reconstruction_units,1890,41085.6,5
3,8,PRIME_MERSENNE_61,2305843009213693951,naive,n/a,per_party,fold_after,1,7,606,none,none,0,1212,0,1212,3636,1212,online_verify_reconstruction_units,38,31.894736842105264,7
3,8,PRIME_MERSENNE_61,2305843009213693951,naive,n/a,total,fold_after,1,7,606,none,none,0,1212,0,1212,3636,3636,online_verify_reconstruction_units,114,31.894736842105264,7
3,8,PRIME_MERSENNE_61,2305843009213693951,dpss_model,n/a,per_party,fold_after,1,7,606,none,none,0,669,0,669,2007,669,online_verify_reconstruction_units,38,17.605263157894736,7
3,8,PRIME_MERSENNE_61,2305843009213693951,dpss_model,n/a,total,fold_after,1,7,606,none,none,0,669,0,669,2007,2007,online_verify_reconstruction_units,114,17.605263157894736,7
3,8,PRIME_MERSENNE_61,2305843009213693951,full_mask,n/a,per_party,fold_after,1,7,189,none,none,0,378,0,378,1134,378,online_verify_reconstruction_units,38,9.947368421052632,7
3,8,PRIME_MERSENNE_61,2305843009213693951,full_mask,n/a,total,fold_after,1,7,189,none,none,0,378,0,378,1134,1134,online_verify_reconstruction_units,114,9.947368421052632,7
3,8,PRIME_MERSENNE_61,2305843009213693951,kernel_mask,n/a,per_party,fold_after,1,7,98,none,none,0,196,0,196,588,196,online_verify_reconstruction_units,38,5.157894736842105,7
3,8,PRIME_MERSENNE_61,2305843009213693951,kernel_mask,n/a,total,fold_after,1,7,98,none,none,0,196,0,196,588,588,online_verify_reconstruction_units,114,5.157894736842105,7
3,8,PRIME_MERSENNE_61,2305843009213693951,prss_local,local,per_party,fold_after,1,7,606,none,none,0,606,0,606,1818,606,online_verify_reconstruction_units,38,15.947368421052632,7
3,8,PRIME_MERSENNE_61,2305843009213693951,prss_local,local,total,fold_after,1,7,606,none,none,0,606,0,606,1818,1818,online_verify_reconstruction_units,114,15.947368421052632,7
3,8,PRIME_MERSENNE_61,2305843009213693951,prss_local_seed_dpss,local,per_party,fold_after,1,7,606,dpss,one,1,606,70,676,2028,676,online_verify_reconstruction_units,38,17.789473684210527,7
3,8,PRIME_MERSENNE_61,2305843009213693951,prss_local_seed_dpss,local,total,fold_after,1,7,606,dpss,one,1,606,70,676,2028,2028,online_verify_reconstruction_units,114,17.789473684210527,7
3,8,PRIME_MERSENNE_61,2305843009213693951,prss_local_seed_naive,local,per_party,fold_after,1,7,606,naive,one,1,606,14,620,1860,620,online_verify_reconstruction_units,38,16.31578947368421,7
3,8,PRIME_MERSENNE_61,2305843009213693951,prss_local_seed_naive,local,total,fold_after,1,7,606,naive,one,1,606,14,620,1860,1860,online_verify_reconstruction_units,114,16.31578947368421,7
3,8,PRIME_MERSENNE_61,2305843009213693951,prss_local_seed_dpss,local,per_party,fold_after,1,7,606,dpss,M,3,606,84,690,2070,690,online_verify_reconstruction_units,38,18.157894736842106,7
3,8,PRIME_MERSENNE_61,2305843009213693951,prss_local_seed_dpss,local,total,fold_after,1,7,606,dpss,M,3,606,84,690,2070,2070,online_verify_reconstruction_units,114,18.157894736842106,7
3,8,PRIME_MERSENNE_61,2305843009213693951,prss_local_seed_naive,local,per_party,fold_after,1,7,606,naive,M,3,606,42,648,1944,648,online_verify_reconstruction_units,38,17.05263157894737,7
3,8,PRIME_MERSENNE_61,2305843009213693951,prss_local_seed_naive,local,total,fold_after,1,7,606,naive,M,3,606,42,648,1944,1944,online_verify_reconstruction_units,114,17.05263157894737,7
3,8,PRIME_MERSENNE_61,2305843009213693951,prss_local_seed_dpss,local,per_party,fold_after,1,7,606,dpss,M_squared,9,606,126,732,2196,732,online_verify_reconstruction_units,38,19.263157894736842,7
3,8,PRIME_MERSENNE_61,2305843009213693951,prss_local_seed_dpss,local,total,fold_after,1,7,606,dpss,M_squared,9,606,126,732,2196,2196,online_verify_reconstruction_units,114,19.263157894736842,7
3,8,PRIME_MERSENNE_61,2305843009213693951,prss_local_seed_naive,local,per_party,fold_after,1,7,606,naive,M_squared,9,606,126,732,2196,732,online_verify_reconstruction_units,38,19.263157894736842,7
3,8,PRIME_MERSENNE_61,2305843009213693951,prss_local_seed_naive,local,total,fold_after,1,7,606,naive,M_squared,9,606,126,732,2196,2196,online_verify_reconstruction_units,114,19.263157894736842,7
3,8,PRIME_MERSENNE_61,2305843009213693951,prss_commit,commit,per_party,fold_after,1,7,606,none,none,0,620,0,620,1860,620,online_verify_reconstruction_units,38,16.31578947368421,7
3,8,PRIME_MERSENNE_61,2305843009213693951,prss_commit,commit,total,fold_after,1,7,606,none,none,0,620,0,620,1860,1860,online_verify_reconstruction_units,114,16.31578947368421,7
3,8,PRIME_MERSENNE_61,2305843009213693951,prss_commit_seed_dpss,commit,per_party,fold_after,1,7,606,dpss,one,1,620,70,690,2070,690,online_verify_reconstruction_units,38,18.157894736842106,7
3,8,PRIME_MERSENNE_61,2305843009213693951,prss_commit_seed_dpss,commit,total,fold_after,1,7,606,dpss,one,1,620,70,690,2070,2070,online_verify_reconstruction_units,114,18.157894736842106,7
3,8,PRIME_MERSENNE_61,2305843009213693951,prss_commit_seed_naive,commit,per_party,fold_after,1,7,606,naive,one,1,620,14,634,1902,634,online_verify_reconstruction_units,38,16.68421052631579,7
3,8,PRIME_MERSENNE_61,2305843009213693951,prss_commit_seed_naive,commit,total,fold_after,1,7,606,naive,one,1,620,14,634,1902,1902,online_verify_reconstruction_units,114,16.68421052631579,7
3,8,PRIME_MERSENNE_61,2305843009213693951,prss_commit_seed_dpss,commit,per_party,fold_after,1,7,606,dpss,M,3,620,84,704,2112,704,online_verify_reconstruction_units,38,18.526315789473685,7
3,8,PRIME_MERSENNE_61,2305843009213693951,prss_commit_seed_dpss,commit,total,fold_after,1,7,606,dpss,M,3,620,84,704,2112,2112,online_verify_reconstruction_units,114,18.526315789473685,7
3,8,PRIME_MERSENNE_61,2305843009213693951,prss_commit_seed_naive,commit,per_party,fold_after,1,7,606,naive,M,3,620,42,662,1986,662,online_verify_reconstruction_units,38,17.42105263157895,7
3,8,PRIME_MERSENNE_61,2305843009213693951,prss_commit_seed_naive,commit,total,fold_after,1,7,606,naive,M,3,620,42,662,1986,1986,online_verify_reconstruction_units,114,17.42105263157895,7
3,8,PRIME_MERSENNE_61,2305843009213693951,prss_commit_seed_dpss,commit,per_party,fold_after,1,7,606,dpss,M_squared,9,620,126,746,2238,746,online_verify_reconstruction_units,38,19.63157894736842,7
3,8,PRIME_MERSENNE_61,2305843009213693951,prss_commit_seed_dpss,commit,total,fold_after,1,7,606,dpss,M_squared,9,620,126,746,2238,2238,online_verify_reconstruction_units,114,19.63157894736842,7
3,8,PRIME_MERSENNE_61,2305843009213693951,prss_commit_seed_naive,commit,per_party,fold_after,1,7,606,naive,M_squared,9,620,126,746,2238,746,online_verify_reconstruction_units,38,19.63157894736842,7
3,8,PRIME_MERSENNE_61,2305843009213693951,prss_commit_seed_naive,commit,total,fold_after,1,7,606,naive,M_squared,9,620,126,746,2238,2238,online_verify_reconstruction_units,114,19.63157894736842,7
3,8,PRIME_MERSENNE_61,2305843009213693951,prss_dispute,dispute,per_party,fold_after,1,7,606,none,none,0,634,0,634,1902,634,online_verify_reconstruction_units,38,16.68421052631579,7
3,8,PRIME_MERSENNE_61,2305843009213693951,prss_dispute,dispute,total,fold_after,1,7,606,none,none,0,634,0,634,1902,1902,online_verify_reconstruction_units,114,16.68421052631579,7
3,8,PRIME_MERSENNE_61,2305843009213693951,prss_dispute_seed_dpss,dispute,per_party,fold_after,1,7,606,dpss,one,1,634,70,704,2112,704,online_verify_reconstruction_units,38,18.526315789473685,7
3,8,PRIME_MERSENNE_61,2305843009213693951,prss_dispute_seed_dpss,dispute,total,fold_after,1,7,606,dpss,one,1,634,70,704,2112,2112,online_verify_reconstruction_units,114,18.526315789473685,7
3,8,PRIME_MERSENNE_61,2305843009213693951,prss_dispute_seed_naive,dispute,per_party,fold_after,1,7,606,naive,one,1,634,14,648,1944,648,online_verify_reconstruction_units,38,17.05263157894737,7
3,8,PRIME_MERSENNE_61,2305843009213693951,prss_dispute_seed_naive,dispute,total,fold_after,1,7,606,naive,one,1,634,14,648,1944,1944,online_verify_reconstruction_units,114,17.05263157894737,7
3,8,PRIME_MERSENNE_61,2305843009213693951,prss_dispute_seed_dpss,dispute,per_party,fold_after,1,7,606,dpss,M,3,634,84,718,2154,718,online_verify_reconstruction_units,38,18.894736842105264,7
3,8,PRIME_MERSENNE_61,2305843009213693951,prss_dispute_seed_dpss,dispute,total,fold_after,1,7,606,dpss,M,3,634,84,718,2154,2154,online_verify_reconstruction_units,114,18.894736842105264,7
3,8,PRIME_MERSENNE_61,2305843009213693951,prss_dispute_seed_naive,dispute,per_party,fold_after,1,7,606,naive,M,3,634,42,676,2028,676,online_verify_reconstruction_units,38,17.789473684210527,7
3,8,PRIME_MERSENNE_61,2305843009213693951,prss_dispute_seed_naive,dispute,total,fold_after,1,7,606,naive,M,3,634,42,676,2028,2028,online_verify_reconstruction_units,114,17.789473684210527,7
3,8,PRIME_MERSENNE_61,2305843009213693951,prss_dispute_seed_dpss,dispute,per_party,fold_after,1,7,606,dpss,M_squared,9,634,126,760,2280,760,online_verify_reconstruction_units,38,20.0,7
3,8,PRIME_MERSENNE_61,2305843009213693951,prss_dispute_seed_dpss,dispute,total,fold_after,1,7,606,dpss,M_squared,9,634,126,760,2280,2280,online_verify_reconstruction_units,114,20.0,7
3,8,PRIME_MERSENNE_61,2305843009213693951,prss_dispute_seed_naive,dispute,per_party,fold_after,1,7,606,naive,M_squared,9,634,126,760,2280,760,online_verify_reconstruction_units,38,20.0,7
3,8,PRIME_MERSENNE_61,2305843009213693951,prss_dispute_seed_naive,dispute,total,fold_after,1,7,606,naive,M_squared,9,634,126,760,2280,2280,online_verify_reconstruction_units,114,20.0,7
3,8,PRIME_MERSENNE_61,2305843009213693951,naive,n/a,per_party,fold_before,0,6,1135,none,none,0,2270,0,2270,6810,2270,online_verify_reconstruction_units,38,59.73684210526316,7
3,8,PRIME_MERSENNE_61,2305843009213693951,naive,n/a,total,fold_before,0,6,1135,none,none,0,2270,0,2270,6810,6810,online_verify_reconstruction_units,114,59.73684210526316,7
3,8,PRIME_MERSENNE_61,2305843009213693951,dpss_model,n/a,per_party,fold_before,0,6,1135,none,none,0,1198,0,1198,3594,1198,online_verify_reconstruction_units,38,31.526315789473685,7
3,8,PRIME_MERSENNE_61,2305843009213693951,dpss_model,n/a,total,fold_before,0,6,1135,none,none,0,1198,0,1198,3594,3594,online_verify_reconstruction_units,114,31.526315789473685,7
3,8,PRIME_MERSENNE_61,2305843009213693951,full_mask,n/a,per_party,fold_before,0,6,189,none,none,0,378,0,378,1134,378,online_verify_reconstruction_units,38,9.947368421052632,7
3,8,PRIME_MERSENNE_61,2305843009213693951,full_mask,n/a,total,fold_before,0,6,189,none,none,0,378,0,378,1134,1134,online_verify_reconstruction_units,114,9.947368421052632,7
3,8,PRIME_MERSENNE_61,2305843009213693951,kernel_mask,n/a,per_party,fold_before,0,6,119,none,none,0,238,0,238,714,238,online_verify_reconstruction_units,38,6.2631578947368425,7
3,8,PRIME_MERSENNE_61,2305843009213693951,kernel_mask,n/a,total,fold_before,0,6,119,none,none,0,238,0,238,714,714,online_verify_reconstruction_units,114,6.2631578947368425,7
3,8,PRIME_MERSENNE_61,2305843009213693951,prss_local,local,per_party,fold_before,0,6,1135,none,none,0,1135,0,1135,3405,1135,online_verify_reconstruction_units,38,29.86842105263158,7
3,8,PRIME_MERSENNE_61,2305843009213693951,prss_local,local,total,fold_before,0,6,1135,none,none,0,1135,0,1135,3405,3405,online_verify_reconstruction_units,114,29.86842105263158,7
3,8,PRIME_MERSENNE_61,2305843009213693951,prss_local_seed_dpss,local,per_party,fold_before,0,6,1135,dpss,one,1,1135,70,1205,3615,1205,online_verify_reconstruction_units,38,31.710526315789473,7
3,8,PRIME_MERSENNE_61,2305843009213693951,prss_local_seed_dpss,local,total,fold_before,0,6,1135,dpss,one,1,1135,70,1205,3615,3615,online_verify_reconstruction_units,114,31.710526315789473,7
3,8,PRIME_MERSENNE_61,2305843009213693951,prss_local_seed_naive,local,per_party,fold_before,0,6,1135,naive,one,1,1135,14,1149,3447,1149,online_verify_reconstruction_units,38,30.236842105263158,7
3,8,PRIME_MERSENNE_61,2305843009213693951,prss_local_seed_naive,local,total,fold_before,0,6,1135,naive,one,1,1135,14,1149,3447,3447,online_verify_reconstruction_units,114,30.236842105263158,7
3,8,PRIME_MERSENNE_61,2305843009213693951,prss_local_seed_dpss,local,per_party,fold_before,0,6,1135,dpss,M,3,1135,84,1219,3657,1219,online_verify_reconstruction_units,38,32.078947368421055,7
3,8,PRIME_MERSENNE_61,2305843009213693951,prss_local_seed_dpss,local,total,fold_before,0,6,1135,dpss,M,3,1135,84,1219,3657,3657,online_verify_reconstruction_units,114,32.078947368421055,7
3,8,PRIME_MERSENNE_61,2305843009213693951,prss_local_seed_naive,local,per_party,fold_before,0,6,1135,naive,M,3,1135,42,1177,3531,1177,online_verify_reconstruction_units,38,30.973684210526315,7
3,8,PRIME_MERSENNE_61,2305843009213693951,prss_local_seed_naive,local,total,fold_before,0,6,1135,naive,M,3,1135,42,1177,3531,3531,online_verify_reconstruction_units,114,30.973684210526315,7
3,8,PRIME_MERSENNE_61,2305843009213693951,prss_local_seed_dpss,local,per_party,fold_before,0,6,1135,dpss,M_squared,9,1135,126,1261,3783,1261,online_verify_reconstruction_units,38,33.18421052631579,7
3,8,PRIME_MERSENNE_61,2305843009213693951,prss_local_seed_dpss,local,total,fold_before,0,6,1135,dpss,M_squared,9,1135,126,1261,3783,3783,online_verify_reconstruction_units,114,33.18421052631579,7
3,8,PRIME_MERSENNE_61,2305843009213693951,prss_local_seed_naive,local,per_party,fold_before,0,6,1135,naive,M_squared,9,1135,126,1261,3783,1261,online_verify_reconstruction_units,38,33.18421052631579,7
3,8,PRIME_MERSENNE_61,2305843009213693951,prss_local_seed_naive,local,total,fold_before,0,6,1135,naive,M_squared,9,1135,126,1261,3783,3783,online_verify_reconstruction_units,114,33.18421052631579,7
3,8,PRIME_MERSENNE_61,2305843009213693951,prss_commit,commit,per_party,fold_before,0,6,1135,none,none,0,1149,0,1149,3447,1149,online_verify_reconstruction_units,38,30.236842105263158,7
3,8,PRIME_MERSENNE_61,2305843009213693951,prss_commit,commit,total,fold_before,0,6,1135,none,none,0,1149,0,1149,3447,3447,online_verify_reconstruction_units,114,30.236842105263158,7
3,8,PRIME_MERSENNE_61,2305843009213693951,prss_commit_seed_dpss,commit,per_party,fold_before,0,6,1135,dpss,one,1,1149,70,1219,3657,1219,online_verify_reconstruction_units,38,32.078947368421055,7
3,8,PRIME_MERSENNE_61,2305843009213693951,prss_commit_seed_dpss,commit,total,fold_before,0,6,1135,dpss,one,1,1149,70,1219,3657,3657,online_verify_reconstruction_units,114,32.078947368421055,7
3,8,PRIME_MERSENNE_61,2305843009213693951,prss_commit_seed_naive,commit,per_party,fold_before,0,6,1135,naive,one,1,1149,14,1163,3489,1163,online_verify_reconstruction_units,38,30.605263157894736,7
3,8,PRIME_MERSENNE_61,2305843009213693951,prss_commit_seed_naive,commit,total,fold_before,0,6,1135,naive,one,1,1149,14,1163,3489,3489,online_verify_reconstruction_units,114,30.605263157894736,7
3,8,PRIME_MERSENNE_61,2305843009213693951,prss_commit_seed_dpss,commit,per_party,fold_before,0,6,1135,dpss,M,3,1149,84,1233,3699,1233,online_verify_reconstruction_units,38,32.44736842105263,7
3,8,PRIME_MERSENNE_61,2305843009213693951,prss_commit_seed_dpss,commit,total,fold_before,0,6,1135,dpss,M,3,1149,84,1233,3699,3699,online_verify_reconstruction_units,114,32.44736842105263,7
3,8,PRIME_MERSENNE_61,2305843009213693951,prss_commit_seed_naive,commit,per_party,fold_before,0,6,1135,naive,M,3,1149,42,1191,3573,1191,online_verify_reconstruction_units,38,31.342105263157894,7
3,8,PRIME_MERSENNE_61,2305843009213693951,prss_commit_seed_naive,commit,total,fold_before,0,6,1135,naive,M,3,1149,42,1191,3573,3573,online_verify_reconstruction_units,114,31.342105263157894,7
3,8,PRIME_MERSENNE_61,2305843009213693951,prss_commit_seed_dpss,commit,per_party,fold_before,0,6,1135,dpss,M_squared,9,1149,126,1275,3825,1275,online_verify_reconstruction_units,38,33.55263157894737,7
3,8,PRIME_MERSENNE_61,2305843009213693951,prss_commit_seed_dpss,commit,total,fold_before,0,6,1135,dpss,M_squared,9,1149,126,1275,3825,3825,online_verify_reconstruction_units,114,33.55263157894737,7
3,8,PRIME_MERSENNE_61,2305843009213693951,prss_commit_seed_naive,commit,per_party,fold_before,0,6,1135,naive,M_squared,9,1149,126,1275,3825,1275,online_verify_reconstruction_units,38,33.55263157894737,7
3,8,PRIME_MERSENNE_61,2305843009213693951,prss_commit_seed_naive,commit,total,fold_before,0,6,1135,naive,M_squared,9,1149,126,1275,3825,3825,online_verify_reconstruction_units,114,33.55263157894737,7
3,8,PRIME_MERSENNE_61,2305843009213693951,prss_dispute,dispute,per_party,fold_before,0,6,1135,none,none,0,1163,0,1163,3489,1163,online_verify_reconstruction_units,38,30.605263157894736,7
3,8,PRIME_MERSENNE_61,2305843009213693951,prss_dispute,dispute,total,fold_before,0,6,1135,none,none,0,1163,0,1163,3489,3489,online_verify_reconstruction_units,114,30.605263157894736,7
3,8,PRIME_MERSENNE_61,2305843009213693951,prss_dispute_seed_dpss,dispute,per_party,fold_before,0,6,1135,dpss,one,1,1163,70,1233,3699,1233,online_verify_reconstruction_units,38,32.44736842105263,7
3,8,PRIME_MERSENNE_61,2305843009213693951,prss_dispute_seed_dpss,dispute,total,fold_before,0,6,1135,dpss,one,1,1163,70,1233,3699,3699,online_verify_reconstruction_units,114,32.44736842105263,7
3,8,PRIME_MERSENNE_61,2305843009213693951,prss_dispute_seed_naive,dispute,per_party,fold_before,0,6,1135,naive,one,1,1163,14,1177,3531,1177,online_verify_reconstruction_units,38,30.973684210526315,7
3,8,PRIME_MERSENNE_61,2305843009213693951,prss_dispute_seed_naive,dispute,total,fold_before,0,6,1135,naive,one,1,1163,14,1177,3531,3531,online_verify_reconstruction_units,114,30.973684210526315,7
3,8,PRIME_MERSENNE_61,2305843009213693951,prss_dispute_seed_dpss,dispute,per_party,fold_before,0,6,1135,dpss,M,3,1163,84,1247,3741,1247,online_verify_reconstruction_units,38,32.81578947368421,7
3,8,PRIME_MERSENNE_61,2305843009213693951,prss_dispute_seed_dpss,dispute,total,fold_before,0,6,1135,dpss,M,3,1163,84,1247,3741,3741,online_verify_reconstruction_units,114,32.81578947368421,7
3,8,PRIME_MERSENNE_61,2305843009213693951,prss_dispute_seed_naive,dispute,per_party,fold_before,0,6,1135,naive,M,3,1163,42,1205,3615,1205,online_verify_reconstruction_units,38,31.710526315789473,7
3,8,PRIME_MERSENNE_61,2305843009213693951,prss_dispute_seed_naive,dispute,total,fold_before,0,6,1135,naive,M,3,1163,42,1205,3615,3615,online_verify_reconstruction_units,114,31.710526315789473,7
3,8,PRIME_MERSENNE_61,2305843009213693951,prss_dispute_seed_dpss,dispute,per_party,fold_before,0,6,1135,dpss,M_squared,9,1163,126,1289,3867,1289,online_verify_reconstruction_units,38,33.921052631578945,7
3,8,PRIME_MERSENNE_61,2305843009213693951,prss_dispute_seed_dpss,dispute,total,fold_before,0,6,1135,dpss,M_squared,9,1163,126,1289,3867,3867,online_verify_reconstruction_units,114,33.921052631578945,7
3,8,PRIME_MERSENNE_61,2305843009213693951,prss_dispute_seed_naive,dispute,per_party,fold_before,0,6,1135,naive,M_squared,9,1163,126,1289,3867,1289,online_verify_reconstruction_units,38,33.921052631578945,7
3,8,PRIME_MERSENNE_61,2305843009213693951,prss_dispute_seed_naive,dispute,total,fold_before,0,6,1135,naive,M_squared,9,1163,126,1289,3867,3867,online_verify_reconstruction_units,114,33.921052631578945,7
5,8,PRIME_MERSENNE_61,2305843009213693951,naive,n/a,per_party,fold_after,1,7,606,none,none,0,2424,0,2424,12120,2424,online_verify_reconstruction_units,38,63.78947368421053,7
5,8,PRIME_MERSENNE_61,2305843009213693951,naive,n/a,total,fold_after,1,7,606,none,none,0,2424,0,2424,12120,12120,online_verify_reconstruction_units,190,63.78947368421053,7
5,8,PRIME_MERSENNE_61,2305843009213693951,dpss_model,n/a,per_party,fold_after,1,7,606,none,none,0,781,0,781,3905,781,online_verify_reconstruction_units,38,20.55263157894737,7
5,8,PRIME_MERSENNE_61,2305843009213693951,dpss_model,n/a,total,fold_after,1,7,606,none,none,0,781,0,781,3905,3905,online_verify_reconstruction_units,190,20.55263157894737,7
5,8,PRIME_MERSENNE_61,2305843009213693951,full_mask,n/a,per_party,fold_after,1,7,189,none,none,0,756,0,756,3780,756,online_verify_reconstruction_units,38,19.894736842105264,7
5,8,PRIME_MERSENNE_61,2305843009213693951,full_mask,n/a,total,fold_after,1,7,189,none,none,0,756,0,756,3780,3780,online_verify_reconstruction_units,190,19.894736842105264,7
5,8,PRIME_MERSENNE_61,2305843009213693951,kernel_mask,n/a,per_party,fold_after,1,7,98,none,none,0,392,0,392,1960,392,online_verify_reconstruction_units,38,10.31578947368421,7
5,8,PRIME_MERSENNE_61,2305843009213693951,kernel_mask,n/a,total,fold_after,1,7,98,none,none,0,392,0,392,1960,1960,online_verify_reconstruction_units,190,10.31578947368421,7
5,8,PRIME_MERSENNE_61,2305843009213693951,prss_local,local,per_party,fold_after,1,7,606,none,none,0,606,0,606,3030,606,online_verify_reconstruction_units,38,15.947368421052632,7
5,8,PRIME_MERSENNE_61,2305843009213693951,prss_local,local,total,fold_after,1,7,606,none,none,0,606,0,606,3030,3030,online_verify_reconstruction_units,190,15.947368421052632,7
5,8,PRIME_MERSENNE_61,2305843009213693951,prss_local_seed_dpss,local,per_party,fold_after,1,7,606,dpss,one,1,606,182,788,3940,788,online_verify_reconstruction_units,38,20.736842105263158,7
5,8,PRIME_MERSENNE_61,2305843009213693951,prss_local_seed_dpss,local,total,fold_after,1,7,606,dpss,one,1,606,182,788,3940,3940,online_verify_reconstruction_units,190,20.736842105263158,7
5,8,PRIME_MERSENNE_61,2305843009213693951,prss_local_seed_naive,local,per_party,fold_after,1,7,606,naive,one,1,606,28,634,3170,634,online_verify_reconstruction_units,38,16.68421052631579,7
5,8,PRIME_MERSENNE_61,2305843009213693951,prss_local_seed_naive,local,total,fold_after,1,7,606,naive,one,1,606,28,634,3170,3170,online_verify_reconstruction_units,190,16.68421052631579,7
5,8,PRIME_MERSENNE_61,2305843009213693951,prss_local_seed_dpss,local,per_party,fold_after,1,7,606,dpss,M,5,606,210,816,4080,816,online_verify_reconstruction_units,38,21.473684210526315,7
5,8,PRIME_MERSENNE_61,2305843009213693951,prss_local_seed_dpss,local,total,fold_after,1,7,606,dpss,M,5,606,210,816,4080,4080,online_verify_reconstruction_units,190,21.473684210526315,7
5,8,PRIME_MERSENNE_61,2305843009213693951,prss_local_seed_naive,local,per_party,fold_after,1,7,606,naive,M,5,606,140,746,3730,746,online_verify_reconstruction_units,38,19.63157894736842,7
5,8,PRIME_MERSENNE_61,2305843009213693951,prss_local_seed_naive,local,total,fold_after,1,7,606,naive,M,5,606,140,746,3730,3730,online_verify_reconstruction_units,190,19.63157894736842,7
5,8,PRIME_MERSENNE_61,2305843009213693951,prss_local_seed_dpss,local,per_party,fold_after,1,7,606,dpss,M_squared,25,606,350,956,4780,956,online_verify_reconstruction_units,38,25.157894736842106,7
5,8,PRIME_MERSENNE_61,2305843009213693951,prss_local_seed_dpss,local,total,fold_after,1,7,606,dpss,M_squared,25,606,350,956,4780,4780,online_verify_reconstruction_units,190,25.157894736842106,7
5,8,PRIME_MERSENNE_61,2305843009213693951,prss_local_seed_naive,local,per_party,fold_after,1,7,606,naive,M_squared,25,606,700,1306,6530,1306,online_verify_reconstruction_units,38,34.36842105263158,7
5,8,PRIME_MERSENNE_61,2305843009213693951,prss_local_seed_naive,local,total,fold_after,1,7,606,naive,M_squared,25,606,700,1306,6530,6530,online_verify_reconstruction_units,190,34.36842105263158,7
5,8,PRIME_MERSENNE_61,2305843009213693951,prss_commit,commit,per_party,fold_after,1,7,606,none,none,0,634,0,634,3170,634,online_verify_reconstruction_units,38,16.68421052631579,7
5,8,PRIME_MERSENNE_61,2305843009213693951,prss_commit,commit,total,fold_after,1,7,606,none,none,0,634,0,634,3170,3170,online_verify_reconstruction_units,190,16.68421052631579,7
5,8,PRIME_MERSENNE_61,2305843009213693951,prss_commit_seed_dpss,commit,per_party,fold_after,1,7,606,dpss,one,1,634,182,816,4080,816,online_verify_reconstruction_units,38,21.473684210526315,7
5,8,PRIME_MERSENNE_61,2305843009213693951,prss_commit_seed_dpss,commit,total,fold_after,1,7,606,dpss,one,1,634,182,816,4080,4080,online_verify_reconstruction_units,190,21.473684210526315,7
5,8,PRIME_MERSENNE_61,2305843009213693951,prss_commit_seed_naive,commit,per_party,fold_after,1,7,606,naive,one,1,634,28,662,3310,662,online_verify_reconstruction_units,38,17.42105263157895,7
5,8,PRIME_MERSENNE_61,2305843009213693951,prss_commit_seed_naive,commit,total,fold_after,1,7,606,naive,one,1,634,28,662,3310,3310,online_verify_reconstruction_units,190,17.42105263157895,7
5,8,PRIME_MERSENNE_61,2305843009213693951,prss_commit_seed_dpss,commit,per_party,fold_after,1,7,606,dpss,M,5,634,210,844,4220,844,online_verify_reconstruction_units,38,22.210526315789473,7
5,8,PRIME_MERSENNE_61,2305843009213693951,prss_commit_seed_dpss,commit,total,fold_after,1,7,606,dpss,M,5,634,210,844,4220,4220,online_verify_reconstruction_units,190,22.210526315789473,7
5,8,PRIME_MERSENNE_61,2305843009213693951,prss_commit_seed_naive,commit,per_party,fold_after,1,7,606,naive,M,5,634,140,774,3870,774,online_verify_reconstruction_units,38,20.36842105263158,7
5,8,PRIME_MERSENNE_61,2305843009213693951,prss_commit_seed_naive,commit,total,fold_after,1,7,606,naive,M,5,634,140,774,3870,3870,online_verify_reconstruction_units,190,20.36842105263158,7
5,8,PRIME_MERSENNE_61,2305843009213693951,prss_commit_seed_dpss,commit,per_party,fold_after,1,7,606,dpss,M_squared,25,634,350,984,4920,984,online_verify_reconstruction_units,38,25.894736842105264,7
5,8,PRIME_MERSENNE_61,2305843009213693951,prss_commit_seed_dpss,commit,total,fold_after,1,7,606,dpss,M_squared,25,634,350,984,4920,4920,online_verify_reconstruction_units,190,25.894736842105264,7
5,8,PRIME_MERSENNE_61,2305843009213693951,prss_commit_seed_naive,commit,per_party,fold_after,1,7,606,naive,M_squared,25,634,700,1334,6670,1334,online_verify_reconstruction_units,38,35.10526315789474,7
5,8,PRIME_MERSENNE_61,2305843009213693951,prss_commit_seed_naive,commit,total,fold_after,1,7,606,naive,M_squared,25,634,700,1334,6670,6670,online_verify_reconstruction_units,190,35.10526315789474,7
5,8,PRIME_MERSENNE_61,2305843009213693951,prss_dispute,dispute,per_party,fold_after,1,7,606,none,none,0,690,0,690,3450,690,online_verify_reconstruction_units,38,18.157894736842106,7
5,8,PRIME_MERSENNE_61,2305843009213693951,prss_dispute,dispute,total,fold_after,1,7,606,none,none,0,690,0,690,3450,3450,online_verify_reconstruction_units,190,18.157894736842106,7
5,8,PRIME_MERSENNE_61,2305843009213693951,prss_dispute_seed_dpss,dispute,per_party,fold_after,1,7,606,dpss,one,1,690,182,872,4360,872,online_verify_reconstruction_units,38,22.94736842105263,7
5,8,PRIME_MERSENNE_61,2305843009213693951,prss_dispute_seed_dpss,dispute,total,fold_after,1,7,606,dpss,one,1,690,182,872,4360,4360,online_verify_reconstruction_units,190,22.94736842105263,7
5,8,PRIME_MERSENNE_61,2305843009213693951,prss_dispute_seed_naive,dispute,per_party,fold_after,1,7,606,naive,one,1,690,28,718,3590,718,online_verify_reconstruction_units,38,18.894736842105264,7
5,8,PRIME_MERSENNE_61,2305843009213693951,prss_dispute_seed_naive,dispute,total,fold_after,1,7,606,naive,one,1,690,28,718,3590,3590,online_verify_reconstruction_units,190,18.894736842105264,7
5,8,PRIME_MERSENNE_61,2305843009213693951,prss_dispute_seed_dpss,dispute,per_party,fold_after,1,7,606,dpss,M,5,690,210,900,4500,900,online_verify_reconstruction_units,38,23.68421052631579,7
5,8,PRIME_MERSENNE_61,2305843009213693951,prss_dispute_seed_dpss,dispute,total,fold_after,1,7,606,dpss,M,5,690,210,900,4500,4500,online_verify_reconstruction_units,190,23.68421052631579,7
5,8,PRIME_MERSENNE_61,2305843009213693951,prss_dispute_seed_naive,dispute,per_party,fold_after,1,7,606,naive,M,5,690,140,830,4150,830,online_verify_reconstruction_units,38,21.842105263157894,7
5,8,PRIME_MERSENNE_61,2305843009213693951,prss_dispute_seed_naive,dispute,total,fold_after,1,7,606,naive,M,5,690,140,830,4150,4150,online_verify_reconstruction_units,190,21.842105263157894,7
5,8,PRIME_MERSENNE_61,2305843009213693951,prss_dispute_seed_dpss,dispute,per_party,fold_after,1,7,606,dpss,M_squared,25,690,350,1040,5200,1040,online_verify_reconstruction_units,38,27.36842105263158,7
5,8,PRIME_MERSENNE_61,2305843009213693951,prss_dispute_seed_dpss,dispute,total,fold_after,1,7,606,dpss,M_squared,25,690,350,1040,5200,5200,online_verify_reconstruction_units,190,27.36842105263158,7
5,8,PRIME_MERSENNE_61,2305843009213693951,prss_dispute_seed_naive,dispute,per_party,fold_after,1,7,606,naive,M_squared,25,690,700,1390,6950,1390,online_verify_reconstruction_units,38,36.578947368421055,7
5,8,PRIME_MERSENNE_61,2305843009213693951,prss_dispute_seed_naive,dispute,total,fold_after,1,7,606,naive,M_squared,25,690,700,1390,6950,6950,online_verify_reconstruction_units,190,36.578947368421055,7
5,8,PRIME_MERSENNE_61,2305843009213693951,naive,n/a,per_party,fold_before,0,6,1135,none,none,0,4540,0,4540,22700,4540,online_verify_reconstruction_units,38,119.47368421052632,7
5,8,PRIME_MERSENNE_61,2305843009213693951,naive,n/a,total,fold_before,0,6,1135,none,none,0,4540,0,4540,22700,22700,online_verify_reconstruction_units,190,119.47368421052632,7
5,8,PRIME_MERSENNE_61,2305843009213693951,dpss_model,n/a,per_party,fold_before,0,6,1135,none,none,0,1310,0,1310,6550,1310,online_verify_reconstruction_units,38,34.473684210526315,7
5,8,PRIME_MERSENNE_61,2305843009213693951,dpss_model,n/a,total,fold_before,0,6,1135,none,none,0,1310,0,1310,6550,6550,online_verify_reconstruction_units,190,34.473684210526315,7
5,8,PRIME_MERSENNE_61,2305843009213693951,full_mask,n/a,per_party,fold_before,0,6,189,none,none,0,756,0,756,3780,756,online_verify_reconstruction_units,38,19.894736842105264,7
5,8,PRIME_MERSENNE_61,2305843009213693951,full_mask,n/a,total,fold_before,0,6,189,none,none,0,756,0,756,3780,3780,online_verify_reconstruction_units,190,19.894736842105264,7
5,8,PRIME_MERSENNE_61,2305843009213693951,kernel_mask,n/a,per_party,fold_before,0,6,119,none,none,0,476,0,476,2380,476,online_verify_reconstruction_units,38,12.526315789473685,7
5,8,PRIME_MERSENNE_61,2305843009213693951,kernel_mask,n/a,total,fold_before,0,6,119,none,none,0,476,0,476,2380,2380,online_verify_reconstruction_units,190,12.526315789473685,7
5,8,PRIME_MERSENNE_61,2305843009213693951,prss_local,local,per_party,fold_before,0,6,1135,none,none,0,1135,0,1135,5675,1135,online_verify_reconstruction_units,38,29.86842105263158,7
5,8,PRIME_MERSENNE_61,2305843009213693951,prss_local,local,total,fold_before,0,6,1135,none,none,0,1135,0,1135,5675,5675,online_verify_reconstruction_units,190,29.86842105263158,7
5,8,PRIME_MERSENNE_61,2305843009213693951,prss_local_seed_dpss,local,per_party,fold_before,0,6,1135,dpss,one,1,1135,182,1317,6585,1317,online_verify_reconstruction_units,38,34.6578947368421,7
5,8,PRIME_MERSENNE_61,2305843009213693951,prss_local_seed_dpss,local,total,fold_before,0,6,1135,dpss,one,1,1135,182,1317,6585,6585,online_verify_reconstruction_units,190,34.6578947368421,7
5,8,PRIME_MERSENNE_61,2305843009213693951,prss_local_seed_naive,local,per_party,fold_before,0,6,1135,naive,one,1,1135,28,1163,5815,1163,online_verify_reconstruction_units,38,30.605263157894736,7
5,8,PRIME_MERSENNE_61,2305843009213693951,prss_local_seed_naive,local,total,fold_before,0,6,1135,naive,one,1,1135,28,1163,5815,5815,online_verify_reconstruction_units,190,30.605263157894736,7
5,8,PRIME_MERSENNE_61,2305843009213693951,prss_local_seed_dpss,local,per_party,fold_before,0,6,1135,dpss,M,5,1135,210,1345,6725,1345,online_verify_reconstruction_units,38,35.39473684210526,7
5,8,PRIME_MERSENNE_61,2305843009213693951,prss_local_seed_dpss,local,total,fold_before,0,6,1135,dpss,M,5,1135,210,1345,6725,6725,online_verify_reconstruction_units,190,35.39473684210526,7
5,8,PRIME_MERSENNE_61,2305843009213693951,prss_local_seed_naive,local,per_party,fold_before,0,6,1135,naive,M,5,1135,140,1275,6375,1275,online_verify_reconstruction_units,38,33.55263157894737,7
5,8,PRIME_MERSENNE_61,2305843009213693951,prss_local_seed_naive,local,total,fold_before,0,6,1135,naive,M,5,1135,140,1275,6375,6375,online_verify_reconstruction_units,190,33.55263157894737,7
5,8,PRIME_MERSENNE_61,2305843009213693951,prss_local_seed_dpss,local,per_party,fold_before,0,6,1135,dpss,M_squared,25,1135,350,1485,7425,1485,online_verify_reconstruction_units,38,39.078947368421055,7
5,8,PRIME_MERSENNE_61,2305843009213693951,prss_local_seed_dpss,local,total,fold_before,0,6,1135,dpss,M_squared,25,1135,350,1485,7425,7425,online_verify_reconstruction_units,190,39.078947368421055,7
5,8,PRIME_MERSENNE_61,2305843009213693951,prss_local_seed_naive,local,per_party,fold_before,0,6,1135,naive,M_squared,25,1135,700,1835,9175,1835,online_verify_reconstruction_units,38,48.28947368421053,7
5,8,PRIME_MERSENNE_61,2305843009213693951,prss_local_seed_naive,local,total,fold_before,0,6,1135,naive,M_squared,25,1135,700,1835,9175,9175,online_verify_reconstruction_units,190,48.28947368421053,7
5,8,PRIME_MERSENNE_61,2305843009213693951,prss_commit,commit,per_party,fold_before,0,6,1135,none,none,0,1163,0,1163,5815,1163,online_verify_reconstruction_units,38,30.605263157894736,7
5,8,PRIME_MERSENNE_61,2305843009213693951,prss_commit,commit,total,fold_before,0,6,1135,none,none,0,1163,0,1163,5815,5815,online_verify_reconstruction_units,190,30.605263157894736,7
5,8,PRIME_MERSENNE_61,2305843009213693951,prss_commit_seed_dpss,commit,per_party,fold_before,0,6,1135,dpss,one,1,1163,182,1345,6725,1345,online_verify_reconstruction_units,38,35.39473684210526,7
5,8,PRIME_MERSENNE_61,2305843009213693951,prss_commit_seed_dpss,commit,total,fold_before,0,6,1135,dpss,one,1,1163,182,1345,6725,6725,online_verify_reconstruction_units,190,35.39473684210526,7
5,8,PRIME_MERSENNE_61,2305843009213693951,prss_commit_seed_naive,commit,per_party,fold_before,0,6,1135,naive,one,1,1163,28,1191,5955,1191,online_verify_reconstruction_units,38,31.342105263157894,7
5,8,PRIME_MERSENNE_61,2305843009213693951,prss_commit_seed_naive,commit,total,fold_before,0,6,1135,naive,one,1,1163,28,1191,5955,5955,online_verify_reconstruction_units,190,31.342105263157894,7
5,8,PRIME_MERSENNE_61,2305843009213693951,prss_commit_seed_dpss,commit,per_party,fold_before,0,6,1135,dpss,M,5,1163,210,1373,6865,1373,online_verify_reconstruction_units,38,36.13157894736842,7
5,8,PRIME_MERSENNE_61,2305843009213693951,prss_commit_seed_dpss,commit,total,fold_before,0,6,1135,dpss,M,5,1163,210,1373,6865,6865,online_verify_reconstruction_units,190,36.13157894736842,7
5,8,PRIME_MERSENNE_61,2305843009213693951,prss_commit_seed_naive,commit,per_party,fold_before,0,6,1135,naive,M,5,1163,140,1303,6515,1303,online_verify_reconstruction_units,38,34.28947368421053,7
5,8,PRIME_MERSENNE_61,2305843009213693951,prss_commit_seed_naive,commit,total,fold_before,0,6,1135,naive,M,5,1163,140,1303,6515,6515,online_verify_reconstruction_units,190,34.28947368421053,7
5,8,PRIME_MERSENNE_61,2305843009213693951,prss_commit_seed_dpss,commit,per_party,fold_before,0,6,1135,dpss,M_squared,25,1163,350,1513,7565,1513,online_verify_reconstruction_units,38,39.81578947368421,7
5,8,PRIME_MERSENNE_61,2305843009213693951,prss_commit_seed_dpss,commit,total,fold_before,0,6,1135,dpss,M_squared,25,1163,350,1513,7565,7565,online_verify_reconstruction_units,190,39.81578947368421,7
5,8,PRIME_MERSENNE_61,2305843009213693951,prss_commit_seed_naive,commit,per_party,fold_before,0,6,1135,naive,M_squared,25,1163,700,1863,9315,1863,online_verify_reconstruction_units,38,49.026315789473685,7
5,8,PRIME_MERSENNE_61,2305843009213693951,prss_commit_seed_naive,commit,total,fold_before,0,6,1135,naive,M_squared,25,1163,700,1863,9315,9315,online_verify_reconstruction_units,190,49.026315789473685,7
5,8,PRIME_MERSENNE_61,2305843009213693951,prss_dispute,dispute,per_party,fold_before,0,6,1135,none,none,0,1219,0,1219,6095,1219,online_verify_reconstruction_units,38,32.078947368421055,7
5,8,PRIME_MERSENNE_61,2305843009213693951,prss_dispute,dispute,total,fold_before,0,6,1135,none,none,0,1219,0,1219,6095,6095,online_verify_reconstruction_units,190,32.078947368421055,7
5,8,PRIME_MERSENNE_61,2305843009213693951,prss_dispute_seed_dpss,dispute,per_party,fold_before,0,6,1135,dpss,one,1,1219,182,1401,7005,1401,online_verify_reconstruction_units,38,36.86842105263158,7
5,8,PRIME_MERSENNE_61,2305843009213693951,prss_dispute_seed_dpss,dispute,total,fold_before,0,6,1135,dpss,one,1,1219,182,1401,7005,7005,online_verify_reconstruction_units,190,36.86842105263158,7
5,8,PRIME_MERSENNE_61,2305843009213693951,prss_dispute_seed_naive,dispute,per_party,fold_before,0,6,1135,naive,one,1,1219,28,1247,6235,1247,online_verify_reconstruction_units,38,32.81578947368421,7
5,8,PRIME_MERSENNE_61,2305843009213693951,prss_dispute_seed_naive,dispute,total,fold_before,0,6,1135,naive,one,1,1219,28,1247,6235,6235,online_verify_reconstruction_units,190,32.81578947368421,7
5,8,PRIME_MERSENNE_61,2305843009213693951,prss_dispute_seed_dpss,dispute,per_party,fold_before,0,6,1135,dpss,M,5,1219,210,1429,7145,1429,online_verify_reconstruction_units,38,37.60526315789474,7
5,8,PRIME_MERSENNE_61,2305843009213693951,prss_dispute_seed_dpss,dispute,total,fold_before,0,6,1135,dpss,M,5,1219,210,1429,7145,7145,online_verify_reconstruction_units,190,37.60526315789474,7
5,8,PRIME_MERSENNE_61,2305843009213693951,prss_dispute_seed_naive,dispute,per_party,fold_before,0,6,1135,naive,M,5,1219,140,1359,6795,1359,online_verify_reconstruction_units,38,35.76315789473684,7
5,8,PRIME_MERSENNE_61,2305843009213693951,prss_dispute_seed_naive,dispute,total,fold_before,0,6,1135,naive,M,5,1219,140,1359,6795,6795,online_verify_reconstruction_units,190,35.76315789473684,7
5,8,PRIME_MERSENNE_61,2305843009213693951,prss_dispute_seed_dpss,dispute,per_party,fold_before,0,6,1135,dpss,M_squared,25,1219,350,1569,7845,1569,online_verify_reconstruction_units,38,41.28947368421053,7
5,8,PRIME_MERSENNE_61,2305843009213693951,prss_dispute_seed_dpss,dispute,total,fold_before,0,6,1135,dpss,M_squared,25,1219,350,1569,7845,7845,online_verify_reconstruction_units,190,41.28947368421053,7
5,8,PRIME_MERSENNE_61,2305843009213693951,prss_dispute_seed_naive,dispute,per_party,fold_before,0,6,1135,naive,M_squared,25,1219,700,1919,9595,1919,online_verify_reconstruction_units,38,50.5,7
5,8,PRIME_MERSENNE_61,2305843009213693951,prss_dispute_seed_naive,dispute,total,fold_before,0,6,1135,naive,M_squared,25,1219,700,1919,9595,9595,online_verify_reconstruction_units,190,50.5,7
7,8,PRIME_MERSENNE_61,2305843009213693951,naive,n/a,per_party,fold_after,1,7,606,none,none,0,3636,0,3636,25452,3636,online_verify_reconstruction_units,38,95.6842105263158,7
7,8,PRIME_MERSENNE_61,2305843009213693951,naive,n/a,total,fold_after,1,7,606,none,none,0,3636,0,3636,25452,25452,online_verify_reconstruction_units,266,95.6842105263158,7
7,8,PRIME_MERSENNE_61,2305843009213693951,dpss_model,n/a,per_party,fold_after,1,7,606,none,none,0,949,0,949,6643,949,online_verify_reconstruction_units,38,24.973684210526315,7
7,8,PRIME_MERSENNE_61,2305843009213693951,dpss_model,n/a,total,fold_after,1,7,606,none,none,0,949,0,949,6643,6643,online_verify_reconstruction_units,266,24.973684210526315,7
7,8,PRIME_MERSENNE_61,2305843009213693951,full_mask,n/a,per_party,fold_after,1,7,189,none,none,0,1134,0,1134,7938,1134,online_verify_reconstruction_units,38,29.842105263157894,7
7,8,PRIME_MERSENNE_61,2305843009213693951,full_mask,n/a,total,fold_after,1,7,189,none,none,0,1134,0,1134,7938,7938,online_verify_reconstruction_units,266,29.842105263157894,7
7,8,PRIME_MERSENNE_61,2305843009213693951,kernel_mask,n/a,per_party,fold_after,1,7,98,none,none,0,588,0,588,4116,588,online_verify_reconstruction_units,38,15.473684210526315,7
7,8,PRIME_MERSENNE_61,2305843009213693951,kernel_mask,n/a,total,fold_after,1,7,98,none,none,0,588,0,588,4116,4116,online_verify_reconstruction_units,266,15.473684210526315,7
7,8,PRIME_MERSENNE_61,2305843009213693951,prss_local,local,per_party,fold_after,1,7,606,none,none,0,606,0,606,4242,606,online_verify_reconstruction_units,38,15.947368421052632,7
7,8,PRIME_MERSENNE_61,2305843009213693951,prss_local,local,total,fold_after,1,7,606,none,none,0,606,0,606,4242,4242,online_verify_reconstruction_units,266,15.947368421052632,7
7,8,PRIME_MERSENNE_61,2305843009213693951,prss_local_seed_dpss,local,per_party,fold_after,1,7,606,dpss,one,1,606,350,956,6692,956,online_verify_reconstruction_units,38,25.157894736842106,7
7,8,PRIME_MERSENNE_61,2305843009213693951,prss_local_seed_dpss,local,total,fold_after,1,7,606,dpss,one,1,606,350,956,6692,6692,online_verify_reconstruction_units,266,25.157894736842106,7
7,8,PRIME_MERSENNE_61,2305843009213693951,prss_local_seed_naive,local,per_party,fold_after,1,7,606,naive,one,1,606,42,648,4536,648,online_verify_reconstruction_units,38,17.05263157894737,7
7,8,PRIME_MERSENNE_61,2305843009213693951,prss_local_seed_naive,local,total,fold_after,1,7,606,naive,one,1,606,42,648,4536,4536,online_verify_reconstruction_units,266,17.05263157894737,7
7,8,PRIME_MERSENNE_61,2305843009213693951,prss_local_seed_dpss,local,per_party,fold_after,1,7,606,dpss,M,7,606,392,998,6986,998,online_verify_reconstruction_units,38,26.263157894736842,7
7,8,PRIME_MERSENNE_61,2305843009213693951,prss_local_seed_dpss,local,total,fold_after,1,7,606,dpss,M,7,606,392,998,6986,6986,online_verify_reconstruction_units,266,26.263157894736842,7
7,8,PRIME_MERSENNE_61,2305843009213693951,prss_local_seed_naive,local,per_party,fold_after,1,7,606,naive,M,7,606,294,900,6300,900,online_verify_reconstruction_units,38,23.68421052631579,7
7,8,PRIME_MERSENNE_61,2305843009213693951,prss_local_seed_naive,local,total,fold_after,1,7,606,naive,M,7,606,294,900,6300,6300,online_verify_reconstruction_units,266,23.68421052631579,7
7,8,PRIME_MERSENNE_61,2305843009213693951,prss_local_seed_dpss,local,per_party,fold_after,1,7,606,dpss,M_squared,49,606,686,1292,9044,1292,online_verify_reconstruction_units,38,34.0,7
7,8,PRIME_MERSENNE_61,2305843009213693951,prss_local_seed_dpss,local,total,fold_after,1,7,606,dpss,M_squared,49,606,686,1292,9044,9044,online_verify_reconstruction_units,266,34.0,7
7,8,PRIME_MERSENNE_61,2305843009213693951,prss_local_seed_naive,local,per_party,fold_after,1,7,606,naive,M_squared,49,606,2058,2664,18648,2664,online_verify_reconstruction_units,38,70.10526315789474,7
7,8,PRIME_MERSENNE_61,2305843009213693951,prss_local_seed_naive,local,total,fold_after,1,7,606,naive,M_squared,49,606,2058,2664,18648,18648,online_verify_reconstruction_units,266,70.10526315789474,7
7,8,PRIME_MERSENNE_61,2305843009213693951,prss_commit,commit,per_party,fold_after,1,7,606,none,none,0,648,0,648,4536,648,online_verify_reconstruction_units,38,17.05263157894737,7
7,8,PRIME_MERSENNE_61,2305843009213693951,prss_commit,commit,total,fold_after,1,7,606,none,none,0,648,0,648,4536,4536,online_verify_reconstruction_units,266,17.05263157894737,7
7,8,PRIME_MERSENNE_61,2305843009213693951,prss_commit_seed_dpss,commit,per_party,fold_after,1,7,606,dpss,one,1,648,350,998,6986,998,online_verify_reconstruction_units,38,26.263157894736842,7
7,8,PRIME_MERSENNE_61,2305843009213693951,prss_commit_seed_dpss,commit,total,fold_after,1,7,606,dpss,one,1,648,350,998,6986,6986,online_verify_reconstruction_units,266,26.263157894736842,7
7,8,PRIME_MERSENNE_61,2305843009213693951,prss_commit_seed_naive,commit,per_party,fold_after,1,7,606,naive,one,1,648,42,690,4830,690,online_verify_reconstruction_units,38,18.157894736842106,7
7,8,PRIME_MERSENNE_61,2305843009213693951,prss_commit_seed_naive,commit,total,fold_after,1,7,606,naive,one,1,648,42,690,4830,4830,online_verify_reconstruction_units,266,18.157894736842106,7
7,8,PRIME_MERSENNE_61,2305843009213693951,prss_commit_seed_dpss,commit,per_party,fold_after,1,7,606,dpss,M,7,648,392,1040,7280,1040,online_verify_reconstruction_units,38,27.36842105263158,7
7,8,PRIME_MERSENNE_61,2305843009213693951,prss_commit_seed_dpss,commit,total,fold_after,1,7,606,dpss,M,7,648,392,1040,7280,7280,online_verify_reconstruction_units,266,27.36842105263158,7
7,8,PRIME_MERSENNE_61,2305843009213693951,prss_commit_seed_naive,commit,per_party,fold_after,1,7,606,naive,M,7,648,294,942,6594,942,online_verify_reconstruction_units,38,24.789473684210527,7
7,8,PRIME_MERSENNE_61,2305843009213693951,prss_commit_seed_naive,commit,total,fold_after,1,7,606,naive,M,7,648,294,942,6594,6594,online_verify_reconstruction_units,266,24.789473684210527,7
7,8,PRIME_MERSENNE_61,2305843009213693951,prss_commit_seed_dpss,commit,per_party,fold_after,1,7,606,dpss,M_squared,49,648,686,1334,9338,1334,online_verify_reconstruction_units,38,35.10526315789474,7
7,8,PRIME_MERSENNE_61,2305843009213693951,prss_commit_seed_dpss,commit,total,fold_after,1,7,606,dpss,M_squared,49,648,686,1334,9338,9338,online_verify_reconstruction_units,266,35.10526315789474,7
7,8,PRIME_MERSENNE_61,2305843009213693951,prss_commit_seed_naive,commit,per_party,fold_after,1,7,606,naive,M_squared,49,648,2058,2706,18942,2706,online_verify_reconstruction_units,38,71.21052631578948,7
7,8,PRIME_MERSENNE_61,2305843009213693951,prss_commit_seed_naive,commit,total,fold_after,1,7,606,naive,M_squared,49,648,2058,2706,18942,18942,online_verify_reconstruction_units,266,71.21052631578948,7
7,8,PRIME_MERSENNE_61,2305843009213693951,prss_dispute,dispute,per_party,fold_after,1,7,606,none,none,0,732,0,732,5124,732,online_verify_reconstruction_units,38,19.263157894736842,7
7,8,PRIME_MERSENNE_61,2305843009213693951,prss_dispute,dispute,total,fold_after,1,7,606,none,none,0,732,0,732,5124,5124,online_verify_reconstruction_units,266,19.263157894736842,7
7,8,PRIME_MERSENNE_61,2305843009213693951,prss_dispute_seed_dpss,dispute,per_party,fold_after,1,7,606,dpss,one,1,732,350,1082,7574,1082,online_verify_reconstruction_units,38,28.473684210526315,7
7,8,PRIME_MERSENNE_61,2305843009213693951,prss_dispute_seed_dpss,dispute,total,fold_after,1,7,606,dpss,one,1,732,350,1082,7574,7574,online_verify_reconstruction_units,266,28.473684210526315,7
7,8,PRIME_MERSENNE_61,2305843009213693951,prss_dispute_seed_naive,dispute,per_party,fold_after,1,7,606,naive,one,1,732,42,774,5418,774,online_verify_reconstruction_units,38,20.36842105263158,7
7,8,PRIME_MERSENNE_61,2305843009213693951,prss_dispute_seed_naive,dispute,total,fold_after,1,7,606,naive,one,1,732,42,774,5418,5418,online_verify_reconstruction_units,266,20.36842105263158,7
7,8,PRIME_MERSENNE_61,2305843009213693951,prss_dispute_seed_dpss,dispute,per_party,fold_after,1,7,606,dpss,M,7,732,392,1124,7868,1124,online_verify_reconstruction_units,38,29.57894736842105,7
7,8,PRIME_MERSENNE_61,2305843009213693951,prss_dispute_seed_dpss,dispute,total,fold_after,1,7,606,dpss,M,7,732,392,1124,7868,7868,online_verify_reconstruction_units,266,29.57894736842105,7
7,8,PRIME_MERSENNE_61,2305843009213693951,prss_dispute_seed_naive,dispute,per_party,fold_after,1,7,606,naive,M,7,732,294,1026,7182,1026,online_verify_reconstruction_units,38,27.0,7
7,8,PRIME_MERSENNE_61,2305843009213693951,prss_dispute_seed_naive,dispute,total,fold_after,1,7,606,naive,M,7,732,294,1026,7182,7182,online_verify_reconstruction_units,266,27.0,7
7,8,PRIME_MERSENNE_61,2305843009213693951,prss_dispute_seed_dpss,dispute,per_party,fold_after,1,7,606,dpss,M_squared,49,732,686,1418,9926,1418,online_verify_reconstruction_units,38,37.31578947368421,7
7,8,PRIME_MERSENNE_61,2305843009213693951,prss_dispute_seed_dpss,dispute,total,fold_after,1,7,606,dpss,M_squared,49,732,686,1418,9926,9926,online_verify_reconstruction_units,266,37.31578947368421,7
7,8,PRIME_MERSENNE_61,2305843009213693951,prss_dispute_seed_naive,dispute,per_party,fold_after,1,7,606,naive,M_squared,49,732,2058,2790,19530,2790,online_verify_reconstruction_units,38,73.42105263157895,7
7,8,PRIME_MERSENNE_61,2305843009213693951,prss_dispute_seed_naive,dispute,total,fold_after,1,7,606,naive,M_squared,49,732,2058,2790,19530,19530,online_verify_reconstruction_units,266,73.42105263157895,7
7,8,PRIME_MERSENNE_61,2305843009213693951,naive,n/a,per_party,fold_before,0,6,1135,none,none,0,6810,0,6810,47670,6810,online_verify_reconstruction_units,38,179.21052631578948,7
7,8,PRIME_MERSENNE_61,2305843009213693951,naive,n/a,total,fold_before,0,6,1135,none,none,0,6810,0,6810,47670,47670,online_verify_reconstruction_units,266,179.21052631578948,7
7,8,PRIME_MERSENNE_61,2305843009213693951,dpss_model,n/a,per_party,fold_before,0,6,1135,none,none,0,1478,0,1478,10346,1478,online_verify_reconstruction_units,38,38.89473684210526,7
7,8,PRIME_MERSENNE_61,2305843009213693951,dpss_model,n/a,total,fold_before,0,6,1135,none,none,0,1478,0,1478,10346,10346,online_verify_reconstruction_units,266,38.89473684210526,7
7,8,PRIME_MERSENNE_61,2305843009213693951,full_mask,n/a,per_party,fold_before,0,6,189,none,none,0,1134,0,1134,7938,1134,online_verify_reconstruction_units,38,29.842105263157894,7
7,8,PRIME_MERSENNE_61,2305843009213693951,full_mask,n/a,total,fold_before,0,6,189,none,none,0,1134,0,1134,7938,7938,online_verify_reconstruction_units,266,29.842105263157894,7
7,8,PRIME_MERSENNE_61,2305843009213693951,kernel_mask,n/a,per_party,fold_before,0,6,119,none,none,0,714,0,714,4998,714,online_verify_reconstruction_units,38,18.789473684210527,7
7,8,PRIME_MERSENNE_61,2305843009213693951,kernel_mask,n/a,total,fold_before,0,6,119,none,none,0,714,0,714,4998,4998,online_verify_reconstruction_units,266,18.789473684210527,7
7,8,PRIME_MERSENNE_61,2305843009213693951,prss_local,local,per_party,fold_before,0,6,1135,none,none,0,1135,0,1135,7945,1135,online_verify_reconstruction_units,38,29.86842105263158,7
7,8,PRIME_MERSENNE_61,2305843009213693951,prss_local,local,total,fold_before,0,6,1135,none,none,0,1135,0,1135,7945,7945,online_verify_reconstruction_units,266,29.86842105263158,7
7,8,PRIME_MERSENNE_61,2305843009213693951,prss_local_seed_dpss,local,per_party,fold_before,0,6,1135,dpss,one,1,1135,350,1485,10395,1485,online_verify_reconstruction_units,38,39.078947368421055,7
7,8,PRIME_MERSENNE_61,2305843009213693951,prss_local_seed_dpss,local,total,fold_before,0,6,1135,dpss,one,1,1135,350,1485,10395,10395,online_verify_reconstruction_units,266,39.078947368421055,7
7,8,PRIME_MERSENNE_61,2305843009213693951,prss_local_seed_naive,local,per_party,fold_before,0,6,1135,naive,one,1,1135,42,1177,8239,1177,online_verify_reconstruction_units,38,30.973684210526315,7
7,8,PRIME_MERSENNE_61,2305843009213693951,prss_local_seed_naive,local,total,fold_before,0,6,1135,naive,one,1,1135,42,1177,8239,8239,online_verify_reconstruction_units,266,30.973684210526315,7
7,8,PRIME_MERSENNE_61,2305843009213693951,prss_local_seed_dpss,local,per_party,fold_before,0,6,1135,dpss,M,7,1135,392,1527,10689,1527,online_verify_reconstruction_units,38,40.18421052631579,7
7,8,PRIME_MERSENNE_61,2305843009213693951,prss_local_seed_dpss,local,total,fold_before,0,6,1135,dpss,M,7,1135,392,1527,10689,10689,online_verify_reconstruction_units,266,40.18421052631579,7
7,8,PRIME_MERSENNE_61,2305843009213693951,prss_local_seed_naive,local,per_party,fold_before,0,6,1135,naive,M,7,1135,294,1429,10003,1429,online_verify_reconstruction_units,38,37.60526315789474,7
7,8,PRIME_MERSENNE_61,2305843009213693951,prss_local_seed_naive,local,total,fold_before,0,6,1135,naive,M,7,1135,294,1429,10003,10003,online_verify_reconstruction_units,266,37.60526315789474,7
7,8,PRIME_MERSENNE_61,2305843009213693951,prss_local_seed_dpss,local,per_party,fold_before,0,6,1135,dpss,M_squared,49,1135,686,1821,12747,1821,online_verify_reconstruction_units,38,47.921052631578945,7
7,8,PRIME_MERSENNE_61,2305843009213693951,prss_local_seed_dpss,local,total,fold_before,0,6,1135,dpss,M_squared,49,1135,686,1821,12747,12747,online_verify_reconstruction_units,266,47.921052631578945,7
7,8,PRIME_MERSENNE_61,2305843009213693951,prss_local_seed_naive,local,per_party,fold_before,0,6,1135,naive,M_squared,49,1135,2058,3193,22351,3193,online_verify_reconstruction_units,38,84.02631578947368,7
7,8,PRIME_MERSENNE_61,2305843009213693951,prss_local_seed_naive,local,total,fold_before,0,6,1135,naive,M_squared,49,1135,2058,3193,22351,22351,online_verify_reconstruction_units,266,84.02631578947368,7
7,8,PRIME_MERSENNE_61,2305843009213693951,prss_commit,commit,per_party,fold_before,0,6,1135,none,none,0,1177,0,1177,8239,1177,online_verify_reconstruction_units,38,30.973684210526315,7
7,8,PRIME_MERSENNE_61,2305843009213693951,prss_commit,commit,total,fold_before,0,6,1135,none,none,0,1177,0,1177,8239,8239,online_verify_reconstruction_units,266,30.973684210526315,7
7,8,PRIME_MERSENNE_61,2305843009213693951,prss_commit_seed_dpss,commit,per_party,fold_before,0,6,1135,dpss,one,1,1177,350,1527,10689,1527,online_verify_reconstruction_units,38,40.18421052631579,7
7,8,PRIME_MERSENNE_61,2305843009213693951,prss_commit_seed_dpss,commit,total,fold_before,0,6,1135,dpss,one,1,1177,350,1527,10689,10689,online_verify_reconstruction_units,266,40.18421052631579,7
7,8,PRIME_MERSENNE_61,2305843009213693951,prss_commit_seed_naive,commit,per_party,fold_before,0,6,1135,naive,one,1,1177,42,1219,8533,1219,online_verify_reconstruction_units,38,32.078947368421055,7
7,8,PRIME_MERSENNE_61,2305843009213693951,prss_commit_seed_naive,commit,total,fold_before,0,6,1135,naive,one,1,1177,42,1219,8533,8533,online_verify_reconstruction_units,266,32.078947368421055,7
7,8,PRIME_MERSENNE_61,2305843009213693951,prss_commit_seed_dpss,commit,per_party,fold_before,0,6,1135,dpss,M,7,1177,392,1569,10983,1569,online_verify_reconstruction_units,38,41.28947368421053,7
7,8,PRIME_MERSENNE_61,2305843009213693951,prss_commit_seed_dpss,commit,total,fold_before,0,6,1135,dpss,M,7,1177,392,1569,10983,10983,online_verify_reconstruction_units,266,41.28947368421053,7
7,8,PRIME_MERSENNE_61,2305843009213693951,prss_commit_seed_naive,commit,per_party,fold_before,0,6,1135,naive,M,7,1177,294,1471,10297,1471,online_verify_reconstruction_units,38,38.71052631578947,7
7,8,PRIME_MERSENNE_61,2305843009213693951,prss_commit_seed_naive,commit,total,fold_before,0,6,1135,naive,M,7,1177,294,1471,10297,10297,online_verify_reconstruction_units,266,38.71052631578947,7
7,8,PRIME_MERSENNE_61,2305843009213693951,prss_commit_seed_dpss,commit,per_party,fold_before,0,6,1135,dpss,M_squared,49,1177,686,1863,13041,1863,online_verify_reconstruction_units,38,49.026315789473685,7
7,8,PRIME_MERSENNE_61,2305843009213693951,prss_commit_seed_dpss,commit,total,fold_before,0,6,1135,dpss,M_squared,49,1177,686,1863,13041,13041,online_verify_reconstruction_units,266,49.026315789473685,7
7,8,PRIME_MERSENNE_61,2305843009213693951,prss_commit_seed_naive,commit,per_party,fold_before,0,6,1135,naive,M_squared,49,1177,2058,3235,22645,3235,online_verify_reconstruction_units,38,85.13157894736842,7
7,8,PRIME_MERSENNE_61,2305843009213693951,prss_commit_seed_naive,commit,total,fold_before,0,6,1135,naive,M_squared,49,1177,2058,3235,22645,22645,online_verify_reconstruction_units,266,85.13157894736842,7
7,8,PRIME_MERSENNE_61,2305843009213693951,prss_dispute,dispute,per_party,fold_before,0,6,1135,none,none,0,1261,0,1261,8827,1261,online_verify_reconstruction_units,38,33.18421052631579,7
7,8,PRIME_MERSENNE_61,2305843009213693951,prss_dispute,dispute,total,fold_before,0,6,1135,none,none,0,1261,0,1261,8827,8827,online_verify_reconstruction_units,266,33.18421052631579,7
7,8,PRIME_MERSENNE_61,2305843009213693951,prss_dispute_seed_dpss,dispute,per_party,fold_before,0,6,1135,dpss,one,1,1261,350,1611,11277,1611,online_verify_reconstruction_units,38,42.39473684210526,7
7,8,PRIME_MERSENNE_61,2305843009213693951,prss_dispute_seed_dpss,dispute,total,fold_before,0,6,1135,dpss,one,1,1261,350,1611,11277,11277,online_verify_reconstruction_units,266,42.39473684210526,7
7,8,PRIME_MERSENNE_61,2305843009213693951,prss_dispute_seed_naive,dispute,per_party,fold_before,0,6,1135,naive,one,1,1261,42,1303,9121,1303,online_verify_reconstruction_units,38,34.28947368421053,7
7,8,PRIME_MERSENNE_61,2305843009213693951,prss_dispute_seed_naive,dispute,total,fold_before,0,6,1135,naive,one,1,1261,42,1303,9121,9121,online_verify_reconstruction_units,266,34.28947368421053,7
7,8,PRIME_MERSENNE_61,2305843009213693951,prss_dispute_seed_dpss,dispute,per_party,fold_before,0,6,1135,dpss,M,7,1261,392,1653,11571,1653,online_verify_reconstruction_units,38,43.5,7
7,8,PRIME_MERSENNE_61,2305843009213693951,prss_dispute_seed_dpss,dispute,total,fold_before,0,6,1135,dpss,M,7,1261,392,1653,11571,11571,online_verify_reconstruction_units,266,43.5,7
7,8,PRIME_MERSENNE_61,2305843009213693951,prss_dispute_seed_naive,dispute,per_party,fold_before,0,6,1135,naive,M,7,1261,294,1555,10885,1555,online_verify_reconstruction_units,38,40.921052631578945,7
7,8,PRIME_MERSENNE_61,2305843009213693951,prss_dispute_seed_naive,dispute,total,fold_before,0,6,1135,naive,M,7,1261,294,1555,10885,10885,online_verify_reconstruction_units,266,40.921052631578945,7
7,8,PRIME_MERSENNE_61,2305843009213693951,prss_dispute_seed_dpss,dispute,per_party,fold_before,0,6,1135,dpss,M_squared,49,1261,686,1947,13629,1947,online_verify_reconstruction_units,38,51.23684210526316,7
7,8,PRIME_MERSENNE_61,2305843009213693951,prss_dispute_seed_dpss,dispute,total,fold_before,0,6,1135,dpss,M_squared,49,1261,686,1947,13629,13629,online_verify_reconstruction_units,266,51.23684210526316,7
7,8,PRIME_MERSENNE_61,2305843009213693951,prss_dispute_seed_naive,dispute,per_party,fold_before,0,6,1135,naive,M_squared,49,1261,2058,3319,23233,3319,online_verify_reconstruction_units,38,87.34210526315789,7
7,8,PRIME_MERSENNE_61,2305843009213693951,prss_dispute_seed_naive,dispute,total,fold_before,0,6,1135,naive,M_squared,49,1261,2058,3319,23233,23233,online_verify_reconstruction_units,266,87.34210526315789,7
9,8,PRIME_MERSENNE_61,2305843009213693951,naive,n/a,per_party,fold_after,1,7,606,none,none,0,4848,0,4848,43632,4848,online_verify_reconstruction_units,38,127.57894736842105,7
9,8,PRIME_MERSENNE_61,2305843009213693951,naive,n/a,total,fold_after,1,7,606,none,none,0,4848,0,4848,43632,43632,online_verify_reconstruction_units,342,127.57894736842105,7
9,8,PRIME_MERSENNE_61,2305843009213693951,dpss_model,n/a,per_party,fold_after,1,7,606,none,none,0,1173,0,1173,10557,1173,online_verify_reconstruction_units,38,30.86842105263158,7
9,8,PRIME_MERSENNE_61,2305843009213693951,dpss_model,n/a,total,fold_after,1,7,606,none,none,0,1173,0,1173,10557,10557,online_verify_reconstruction_units,342,30.86842105263158,7
9,8,PRIME_MERSENNE_61,2305843009213693951,full_mask,n/a,per_party,fold_after,1,7,189,none,none,0,1512,0,1512,13608,1512,online_verify_reconstruction_units,38,39.78947368421053,7
9,8,PRIME_MERSENNE_61,2305843009213693951,full_mask,n/a,total,fold_after,1,7,189,none,none,0,1512,0,1512,13608,13608,online_verify_reconstruction_units,342,39.78947368421053,7
9,8,PRIME_MERSENNE_61,2305843009213693951,kernel_mask,n/a,per_party,fold_after,1,7,98,none,none,0,784,0,784,7056,784,online_verify_reconstruction_units,38,20.63157894736842,7
9,8,PRIME_MERSENNE_61,2305843009213693951,kernel_mask,n/a,total,fold_after,1,7,98,none,none,0,784,0,784,7056,7056,online_verify_reconstruction_units,342,20.63157894736842,7
9,8,PRIME_MERSENNE_61,2305843009213693951,prss_local,local,per_party,fold_after,1,7,606,none,none,0,606,0,606,5454,606,online_verify_reconstruction_units,38,15.947368421052632,7
9,8,PRIME_MERSENNE_61,2305843009213693951,prss_local,local,total,fold_after,1,7,606,none,none,0,606,0,606,5454,5454,online_verify_reconstruction_units,342,15.947368421052632,7
9,8,PRIME_MERSENNE_61,2305843009213693951,prss_local_seed_dpss,local,per_party,fold_after,1,7,606,dpss,one,1,606,574,1180,10620,1180,online_verify_reconstruction_units,38,31.05263157894737,7
9,8,PRIME_MERSENNE_61,2305843009213693951,prss_local_seed_dpss,local,total,fold_after,1,7,606,dpss,one,1,606,574,1180,10620,10620,online_verify_reconstruction_units,342,31.05263157894737,7
9,8,PRIME_MERSENNE_61,2305843009213693951,prss_local_seed_naive,local,per_party,fold_after,1,7,606,naive,one,1,606,56,662,5958,662,online_verify_reconstruction_units,38,17.42105263157895,7
9,8,PRIME_MERSENNE_61,2305843009213693951,prss_local_seed_naive,local,total,fold_after,1,7,606,naive,one,1,606,56,662,5958,5958,online_verify_reconstruction_units,342,17.42105263157895,7
9,8,PRIME_MERSENNE_61,2305843009213693951,prss_local_seed_dpss,local,per_party,fold_after,1,7,606,dpss,M,9,606,630,1236,11124,1236,online_verify_reconstruction_units,38,32.526315789473685,7
9,8,PRIME_MERSENNE_61,2305843009213693951,prss_local_seed_dpss,local,total,fold_after,1,7,606,dpss,M,9,606,630,1236,11124,11124,online_verify_reconstruction_units,342,32.526315789473685,7
9,8,PRIME_MERSENNE_61,2305843009213693951,prss_local_seed_naive,local,per_party,fold_after,1,7,606,naive,M,9,606,504,1110,9990,1110,online_verify_reconstruction_units,38,29.210526315789473,7
9,8,PRIME_MERSENNE_61,2305843009213693951,prss_local_seed_naive,local,total,fold_after,1,7,606,naive,M,9,606,504,1110,9990,9990,online_verify_reconstruction_units,342,29.210526315789473,7
9,8,PRIME_MERSENNE_61,2305843009213693951,prss_local_seed_dpss,local,per_party,fold_after,1,7,606,dpss,M_squared,81,606,1134,1740,15660,1740,online_verify_reconstruction_units,38,45.78947368421053,7
9,8,PRIME_MERSENNE_61,2305843009213693951,prss_local_seed_dpss,local,total,fold_after,1,7,606,dpss,M_squared,81,606,1134,1740,15660,15660,online_verify_reconstruction_units,342,45.78947368421053,7
9,8,PRIME_MERSENNE_61,2305843009213693951,prss_local_seed_naive,local,per_party,fold_after,1,7,606,naive,M_squared,81,606,4536,5142,46278,5142,online_verify_reconstruction_units,38,135.31578947368422,7
9,8,PRIME_MERSENNE_61,2305843009213693951,prss_local_seed_naive,local,total,fold_after,1,7,606,naive,M_squared,81,606,4536,5142,46278,46278,online_verify_reconstruction_units,342,135.31578947368422,7
9,8,PRIME_MERSENNE_61,2305843009213693951,prss_commit,commit,per_party,fold_after,1,7,606,none,none,0,662,0,662,5958,662,online_verify_reconstruction_units,38,17.42105263157895,7
9,8,PRIME_MERSENNE_61,2305843009213693951,prss_commit,commit,total,fold_after,1,7,606,none,none,0,662,0,662,5958,5958,online_verify_reconstruction_units,342,17.42105263157895,7
9,8,PRIME_MERSENNE_61,2305843009213693951,prss_commit_seed_dpss,commit,per_party,fold_after,1,7,606,dpss,one,1,662,574,1236,11124,1236,online_verify_reconstruction_units,38,32.526315789473685,7
9,8,PRIME_MERSENNE_61,2305843009213693951,prss_commit_seed_dpss,commit,total,fold_after,1,7,606,dpss,one,1,662,574,1236,11124,11124,online_verify_reconstruction_units,342,32.526315789473685,7
9,8,PRIME_MERSENNE_61,2305843009213693951,prss_commit_seed_naive,commit,per_party,fold_after,1,7,606,naive,one,1,662,56,718,6462,718,online_verify_reconstruction_units,38,18.894736842105264,7
9,8,PRIME_MERSENNE_61,2305843009213693951,prss_commit_seed_naive,commit,total,fold_after,1,7,606,naive,one,1,662,56,718,6462,6462,online_verify_reconstruction_units,342,18.894736842105264,7
9,8,PRIME_MERSENNE_61,2305843009213693951,prss_commit_seed_dpss,commit,per_party,fold_after,1,7,606,dpss,M,9,662,630,1292,11628,1292,online_verify_reconstruction_units,38,34.0,7
9,8,PRIME_MERSENNE_61,2305843009213693951,prss_commit_seed_dpss,commit,total,fold_after,1,7,606,dpss,M,9,662,630,1292,11628,11628,online_verify_reconstruction_units,342,34.0,7
9,8,PRIME_MERSENNE_61,2305843009213693951,prss_commit_seed_naive,commit,per_party,fold_after,1,7,606,naive,M,9,662,504,1166,10494,1166,online_verify_reconstruction_units,38,30.68421052631579,7
9,8,PRIME_MERSENNE_61,2305843009213693951,prss_commit_seed_naive,commit,total,fold_after,1,7,606,naive,M,9,662,504,1166,10494,10494,online_verify_reconstruction_units,342,30.68421052631579,7
9,8,PRIME_MERSENNE_61,2305843009213693951,prss_commit_seed_dpss,commit,per_party,fold_after,1,7,606,dpss,M_squared,81,662,1134,1796,16164,1796,online_verify_reconstruction_units,38,47.26315789473684,7
9,8,PRIME_MERSENNE_61,2305843009213693951,prss_commit_seed_dpss,commit,total,fold_after,1,7,606,dpss,M_squared,81,662,1134,1796,16164,16164,online_verify_reconstruction_units,342,47.26315789473684,7
9,8,PRIME_MERSENNE_61,2305843009213693951,prss_commit_seed_naive,commit,per_party,fold_after,1,7,606,naive,M_squared,81,662,4536,5198,46782,5198,online_verify_reconstruction_units,38,136.78947368421052,7
9,8,PRIME_MERSENNE_61,2305843009213693951,prss_commit_seed_naive,commit,total,fold_after,1,7,606,naive,M_squared,81,662,4536,5198,46782,46782,online_verify_reconstruction_units,342,136.78947368421052,7
9,8,PRIME_MERSENNE_61,2305843009213693951,prss_dispute,dispute,per_party,fold_after,1,7,606,none,none,0,830,0,830,7470,830,online_verify_reconstruction_units,38,21.842105263157894,7
9,8,PRIME_MERSENNE_61,2305843009213693951,prss_dispute,dispute,total,fold_after,1,7,606,none,none,0,830,0,830,7470,7470,online_verify_reconstruction_units,342,21.842105263157894,7
9,8,PRIME_MERSENNE_61,2305843009213693951,prss_dispute_seed_dpss,dispute,per_party,fold_after,1,7,606,dpss,one,1,830,574,1404,12636,1404,online_verify_reconstruction_units,38,36.94736842105263,7
9,8,PRIME_MERSENNE_61,2305843009213693951,prss_dispute_seed_dpss,dispute,total,fold_after,1,7,606,dpss,one,1,830,574,1404,12636,12636,online_verify_reconstruction_units,342,36.94736842105263,7
9,8,PRIME_MERSENNE_61,2305843009213693951,prss_dispute_seed_naive,dispute,per_party,fold_after,1,7,606,naive,one,1,830,56,886,7974,886,online_verify_reconstruction_units,38,23.31578947368421,7
9,8,PRIME_MERSENNE_61,2305843009213693951,prss_dispute_seed_naive,dispute,total,fold_after,1,7,606,naive,one,1,830,56,886,7974,7974,online_verify_reconstruction_units,342,23.31578947368421,7
9,8,PRIME_MERSENNE_61,2305843009213693951,prss_dispute_seed_dpss,dispute,per_party,fold_after,1,7,606,dpss,M,9,830,630,1460,13140,1460,online_verify_reconstruction_units,38,38.421052631578945,7
9,8,PRIME_MERSENNE_61,2305843009213693951,prss_dispute_seed_dpss,dispute,total,fold_after,1,7,606,dpss,M,9,830,630,1460,13140,13140,online_verify_reconstruction_units,342,38.421052631578945,7
9,8,PRIME_MERSENNE_61,2305843009213693951,prss_dispute_seed_naive,dispute,per_party,fold_after,1,7,606,naive,M,9,830,504,1334,12006,1334,online_verify_reconstruction_units,38,35.10526315789474,7
9,8,PRIME_MERSENNE_61,2305843009213693951,prss_dispute_seed_naive,dispute,total,fold_after,1,7,606,naive,M,9,830,504,1334,12006,12006,online_verify_reconstruction_units,342,35.10526315789474,7
9,8,PRIME_MERSENNE_61,2305843009213693951,prss_dispute_seed_dpss,dispute,per_party,fold_after,1,7,606,dpss,M_squared,81,830,1134,1964,17676,1964,online_verify_reconstruction_units,38,51.68421052631579,7
9,8,PRIME_MERSENNE_61,2305843009213693951,prss_dispute_seed_dpss,dispute,total,fold_after,1,7,606,dpss,M_squared,81,830,1134,1964,17676,17676,online_verify_reconstruction_units,342,51.68421052631579,7
9,8,PRIME_MERSENNE_61,2305843009213693951,prss_dispute_seed_naive,dispute,per_party,fold_after,1,7,606,naive,M_squared,81,830,4536,5366,48294,5366,online_verify_reconstruction_units,38,141.21052631578948,7
9,8,PRIME_MERSENNE_61,2305843009213693951,prss_dispute_seed_naive,dispute,total,fold_after,1,7,606,naive,M_squared,81,830,4536,5366,48294,48294,online_verify_reconstruction_units,342,141.21052631578948,7
9,8,PRIME_MERSENNE_61,2305843009213693951,naive,n/a,per_party,fold_before,0,6,1135,none,none,0,9080,0,9080,81720,9080,online_verify_reconstruction_units,38,238.94736842105263,7
9,8,PRIME_MERSENNE_61,2305843009213693951,naive,n/a,total,fold_before,0,6,1135,none,none,0,9080,0,9080,81720,81720,online_verify_reconstruction_units,342,238.94736842105263,7
9,8,PRIME_MERSENNE_61,2305843009213693951,dpss_model,n/a,per_party,fold_before,0,6,1135,none,none,0,1702,0,1702,15318,1702,online_verify_reconstruction_units,38,44.78947368421053,7
9,8,PRIME_MERSENNE_61,2305843009213693951,dpss_model,n/a,total,fold_before,0,6,1135,none,none,0,1702,0,1702,15318,15318,online_verify_reconstruction_units,342,44.78947368421053,7
9,8,PRIME_MERSENNE_61,2305843009213693951,full_mask,n/a,per_party,fold_before,0,6,189,none,none,0,1512,0,1512,13608,1512,online_verify_reconstruction_units,38,39.78947368421053,7
9,8,PRIME_MERSENNE_61,2305843009213693951,full_mask,n/a,total,fold_before,0,6,189,none,none,0,1512,0,1512,13608,13608,online_verify_reconstruction_units,342,39.78947368421053,7
9,8,PRIME_MERSENNE_61,2305843009213693951,kernel_mask,n/a,per_party,fold_before,0,6,119,none,none,0,952,0,952,8568,952,online_verify_reconstruction_units,38,25.05263157894737,7
9,8,PRIME_MERSENNE_61,2305843009213693951,kernel_mask,n/a,total,fold_before,0,6,119,none,none,0,952,0,952,8568,8568,online_verify_reconstruction_units,342,25.05263157894737,7
9,8,PRIME_MERSENNE_61,2305843009213693951,prss_local,local,per_party,fold_before,0,6,1135,none,none,0,1135,0,1135,10215,1135,online_verify_reconstruction_units,38,29.86842105263158,7
9,8,PRIME_MERSENNE_61,2305843009213693951,prss_local,local,total,fold_before,0,6,1135,none,none,0,1135,0,1135,10215,10215,online_verify_reconstruction_units,342,29.86842105263158,7
9,8,PRIME_MERSENNE_61,2305843009213693951,prss_local_seed_dpss,local,per_party,fold_before,0,6,1135,dpss,one,1,1135,574,1709,15381,1709,online_verify_reconstruction_units,38,44.973684210526315,7
9,8,PRIME_MERSENNE_61,2305843009213693951,prss_local_seed_dpss,local,total,fold_before,0,6,1135,dpss,one,1,1135,574,1709,15381,15381,online_verify_reconstruction_units,342,44.973684210526315,7
9,8,PRIME_MERSENNE_61,2305843009213693951,prss_local_seed_naive,local,per_party,fold_before,0,6,1135,naive,one,1,1135,56,1191,10719,1191,online_verify_reconstruction_units,38,31.342105263157894,7
9,8,PRIME_MERSENNE_61,2305843009213693951,prss_local_seed_naive,local,total,fold_before,0,6,1135,naive,one,1,1135,56,1191,10719,10719,online_verify_reconstruction_units,342,31.342105263157894,7
9,8,PRIME_MERSENNE_61,2305843009213693951,prss_local_seed_dpss,local,per_party,fold_before,0,6,1135,dpss,M,9,1135,630,1765,15885,1765,online_verify_reconstruction_units,38,46.44736842105263,7
9,8,PRIME_MERSENNE_61,2305843009213693951,prss_local_seed_dpss,local,total,fold_before,0,6,1135,dpss,M,9,1135,630,1765,15885,15885,online_verify_reconstruction_units,342,46.44736842105263,7
9,8,PRIME_MERSENNE_61,2305843009213693951,prss_local_seed_naive,local,per_party,fold_before,0,6,1135,naive,M,9,1135,504,1639,14751,1639,online_verify_reconstruction_units,38,43.13157894736842,7
9,8,PRIME_MERSENNE_61,2305843009213693951,prss_local_seed_naive,local,total,fold_before,0,6,1135,naive,M,9,1135,504,1639,14751,14751,online_verify_reconstruction_units,342,43.13157894736842,7
9,8,PRIME_MERSENNE_61,2305843009213693951,prss_local_seed_dpss,local,per_party,fold_before,0,6,1135,dpss,M_squared,81,1135,1134,2269,20421,2269,online_verify_reconstruction_units,38,59.71052631578947,7
9,8,PRIME_MERSENNE_61,2305843009213693951,prss_local_seed_dpss,local,total,fold_before,0,6,1135,dpss,M_squared,81,1135,1134,2269,20421,20421,online_verify_reconstruction_units,342,59.71052631578947,7
9,8,PRIME_MERSENNE_61,2305843009213693951,prss_local_seed_naive,local,per_party,fold_before,0,6,1135,naive,M_squared,81,1135,4536,5671,51039,5671,online_verify_reconstruction_units,38,149.23684210526315,7
9,8,PRIME_MERSENNE_61,2305843009213693951,prss_local_seed_naive,local,total,fold_before,0,6,1135,naive,M_squared,81,1135,4536,5671,51039,51039,online_verify_reconstruction_units,342,149.23684210526315,7
9,8,PRIME_MERSENNE_61,2305843009213693951,prss_commit,commit,per_party,fold_before,0,6,1135,none,none,0,1191,0,1191,10719,1191,online_verify_reconstruction_units,38,31.342105263157894,7
9,8,PRIME_MERSENNE_61,2305843009213693951,prss_commit,commit,total,fold_before,0,6,1135,none,none,0,1191,0,1191,10719,10719,online_verify_reconstruction_units,342,31.342105263157894,7
9,8,PRIME_MERSENNE_61,2305843009213693951,prss_commit_seed_dpss,commit,per_party,fold_before,0,6,1135,dpss,one,1,1191,574,1765,15885,1765,online_verify_reconstruction_units,38,46.44736842105263,7
9,8,PRIME_MERSENNE_61,2305843009213693951,prss_commit_seed_dpss,commit,total,fold_before,0,6,1135,dpss,one,1,1191,574,1765,15885,15885,online_verify_reconstruction_units,342,46.44736842105263,7
9,8,PRIME_MERSENNE_61,2305843009213693951,prss_commit_seed_naive,commit,per_party,fold_before,0,6,1135,naive,one,1,1191,56,1247,11223,1247,online_verify_reconstruction_units,38,32.81578947368421,7
9,8,PRIME_MERSENNE_61,2305843009213693951,prss_commit_seed_naive,commit,total,fold_before,0,6,1135,naive,one,1,1191,56,1247,11223,11223,online_verify_reconstruction_units,342,32.81578947368421,7
9,8,PRIME_MERSENNE_61,2305843009213693951,prss_commit_seed_dpss,commit,per_party,fold_before,0,6,1135,dpss,M,9,1191,630,1821,16389,1821,online_verify_reconstruction_units,38,47.921052631578945,7
9,8,PRIME_MERSENNE_61,2305843009213693951,prss_commit_seed_dpss,commit,total,fold_before,0,6,1135,dpss,M,9,1191,630,1821,16389,16389,online_verify_reconstruction_units,342,47.921052631578945,7
9,8,PRIME_MERSENNE_61,2305843009213693951,prss_commit_seed_naive,commit,per_party,fold_before,0,6,1135,naive,M,9,1191,504,1695,15255,1695,online_verify_reconstruction_units,38,44.60526315789474,7
9,8,PRIME_MERSENNE_61,2305843009213693951,prss_commit_seed_naive,commit,total,fold_before,0,6,1135,naive,M,9,1191,504,1695,15255,15255,online_verify_reconstruction_units,342,44.60526315789474,7
9,8,PRIME_MERSENNE_61,2305843009213693951,prss_commit_seed_dpss,commit,per_party,fold_before,0,6,1135,dpss,M_squared,81,1191,1134,2325,20925,2325,online_verify_reconstruction_units,38,61.18421052631579,7
9,8,PRIME_MERSENNE_61,2305843009213693951,prss_commit_seed_dpss,commit,total,fold_before,0,6,1135,dpss,M_squared,81,1191,1134,2325,20925,20925,online_verify_reconstruction_units,342,61.18421052631579,7
9,8,PRIME_MERSENNE_61,2305843009213693951,prss_commit_seed_naive,commit,per_party,fold_before,0,6,1135,naive,M_squared,81,1191,4536,5727,51543,5727,online_verify_reconstruction_units,38,150.71052631578948,7
9,8,PRIME_MERSENNE_61,2305843009213693951,prss_commit_seed_naive,commit,total,fold_before,0,6,1135,naive,M_squared,81,1191,4536,5727,51543,51543,online_verify_reconstruction_units,342,150.71052631578948,7
9,8,PRIME_MERSENNE_61,2305843009213693951,prss_dispute,dispute,per_party,fold_before,0,6,1135,none,none,0,1359,0,1359,12231,1359,online_verify_reconstruction_units,38,35.76315789473684,7
9,8,PRIME_MERSENNE_61,2305843009213693951,prss_dispute,dispute,total,fold_before,0,6,1135,none,none,0,1359,0,1359,12231,12231,online_verify_reconstruction_units,342,35.76315789473684,7
9,8,PRIME_MERSENNE_61,2305843009213693951,prss_dispute_seed_dpss,dispute,per_party,fold_before,0,6,1135,dpss,one,1,1359,574,1933,17397,1933,online_verify_reconstruction_units,38,50.86842105263158,7
9,8,PRIME_MERSENNE_61,2305843009213693951,prss_dispute_seed_dpss,dispute,total,fold_before,0,6,1135,dpss,one,1,1359,574,1933,17397,17397,online_verify_reconstruction_units,342,50.86842105263158,7
9,8,PRIME_MERSENNE_61,2305843009213693951,prss_dispute_seed_naive,dispute,per_party,fold_before,0,6,1135,naive,one,1,1359,56,1415,12735,1415,online_verify_reconstruction_units,38,37.23684210526316,7
9,8,PRIME_MERSENNE_61,2305843009213693951,prss_dispute_seed_naive,dispute,total,fold_before,0,6,1135,naive,one,1,1359,56,1415,12735,12735,online_verify_reconstruction_units,342,37.23684210526316,7
9,8,PRIME_MERSENNE_61,2305843009213693951,prss_dispute_seed_dpss,dispute,per_party,fold_before,0,6,1135,dpss,M,9,1359,630,1989,17901,1989,online_verify_reconstruction_units,38,52.3421052631579,7
9,8,PRIME_MERSENNE_61,2305843009213693951,prss_dispute_seed_dpss,dispute,total,fold_before,0,6,1135,dpss,M,9,1359,630,1989,17901,17901,online_verify_reconstruction_units,342,52.3421052631579,7
9,8,PRIME_MERSENNE_61,2305843009213693951,prss_dispute_seed_naive,dispute,per_party,fold_before,0,6,1135,naive,M,9,1359,504,1863,16767,1863,online_verify_reconstruction_units,38,49.026315789473685,7
9,8,PRIME_MERSENNE_61,2305843009213693951,prss_dispute_seed_naive,dispute,total,fold_before,0,6,1135,naive,M,9,1359,504,1863,16767,16767,online_verify_reconstruction_units,342,49.026315789473685,7
9,8,PRIME_MERSENNE_61,2305843009213693951,prss_dispute_seed_dpss,dispute,per_party,fold_before,0,6,1135,dpss,M_squared,81,1359,1134,2493,22437,2493,online_verify_reconstruction_units,38,65.60526315789474,7
9,8,PRIME_MERSENNE_61,2305843009213693951,prss_dispute_seed_dpss,dispute,total,fold_before,0,6,1135,dpss,M_squared,81,1359,1134,2493,22437,22437,online_verify_reconstruction_units,342,65.60526315789474,7
9,8,PRIME_MERSENNE_61,2305843009213693951,prss_dispute_seed_naive,dispute,per_party,fold_before,0,6,1135,naive,M_squared,81,1359,4536,5895,53055,5895,online_verify_reconstruction_units,38,155.1315789473684,7
9,8,PRIME_MERSENNE_61,2305843009213693951,prss_dispute_seed_naive,dispute,total,fold_before,0,6,1135,naive,M_squared,81,1359,4536,5895,53055,53055,online_verify_reconstruction_units,342,155.1315789473684,7
15,8,PRIME_MERSENNE_61,2305843009213693951,naive,n/a,per_party,fold_after,1,7,606,none,none,0,8484,0,8484,127260,8484,online_verify_reconstruction_units,38,223.26315789473685,7
15,8,PRIME_MERSENNE_61,2305843009213693951,naive,n/a,total,fold_after,1,7,606,none,none,0,8484,0,8484,127260,127260,online_verify_reconstruction_units,570,223.26315789473685,7
15,8,PRIME_MERSENNE_61,2305843009213693951,dpss_model,n/a,per_party,fold_after,1,7,606,none,none,0,2181,0,2181,32715,2181,online_verify_reconstruction_units,38,57.39473684210526,7
15,8,PRIME_MERSENNE_61,2305843009213693951,dpss_model,n/a,total,fold_after,1,7,606,none,none,0,2181,0,2181,32715,32715,online_verify_reconstruction_units,570,57.39473684210526,7
15,8,PRIME_MERSENNE_61,2305843009213693951,full_mask,n/a,per_party,fold_after,1,7,189,none,none,0,2646,0,2646,39690,2646,online_verify_reconstruction_units,38,69.63157894736842,7
15,8,PRIME_MERSENNE_61,2305843009213693951,full_mask,n/a,total,fold_after,1,7,189,none,none,0,2646,0,2646,39690,39690,online_verify_reconstruction_units,570,69.63157894736842,7
15,8,PRIME_MERSENNE_61,2305843009213693951,kernel_mask,n/a,per_party,fold_after,1,7,98,none,none,0,1372,0,1372,20580,1372,online_verify_reconstruction_units,38,36.10526315789474,7
15,8,PRIME_MERSENNE_61,2305843009213693951,kernel_mask,n/a,total,fold_after,1,7,98,none,none,0,1372,0,1372,20580,20580,online_verify_reconstruction_units,570,36.10526315789474,7
15,8,PRIME_MERSENNE_61,2305843009213693951,prss_local,local,per_party,fold_after,1,7,606,none,none,0,606,0,606,9090,606,online_verify_reconstruction_units,38,15.947368421052632,7
15,8,PRIME_MERSENNE_61,2305843009213693951,prss_local,local,total,fold_after,1,7,606,none,none,0,606,0,606,9090,9090,online_verify_reconstruction_units,570,15.947368421052632,7
15,8,PRIME_MERSENNE_61,2305843009213693951,prss_local_seed_dpss,local,per_party,fold_after,1,7,606,dpss,one,1,606,1582,2188,32820,2188,online_verify_reconstruction_units,38,57.578947368421055,7
15,8,PRIME_MERSENNE_61,2305843009213693951,prss_local_seed_dpss,local,total,fold_after,1,7,606,dpss,one,1,606,1582,2188,32820,32820,online_verify_reconstruction_units,570,57.578947368421055,7
15,8,PRIME_MERSENNE_61,2305843009213693951,prss_local_seed_naive,local,per_party,fold_after,1,7,606,naive,one,1,606,98,704,10560,704,online_verify_reconstruction_units,38,18.526315789473685,7
15,8,PRIME_MERSENNE_61,2305843009213693951,prss_local_seed_naive,local,total,fold_after,1,7,606,naive,one,1,606,98,704,10560,10560,online_verify_reconstruction_units,570,18.526315789473685,7
15,8,PRIME_MERSENNE_61,2305843009213693951,prss_local_seed_dpss,local,per_party,fold_after,1,7,606,dpss,M,15,606,1680,2286,34290,2286,online_verify_reconstruction_units,38,60.1578947368421,7
15,8,PRIME_MERSENNE_61,2305843009213693951,prss_local_seed_dpss,local,total,fold_after,1,7,606,dpss,M,15,606,1680,2286,34290,34290,online_verify_reconstruction_units,570,60.1578947368421,7
15,8,PRIME_MERSENNE_61,2305843009213693951,prss_local_seed_naive,local,per_party,fold_after,1,7,606,naive,M,15,606,1470,2076,31140,2076,online_verify_reconstruction_units,38,54.63157894736842,7
15,8,PRIME_MERSENNE_61,2305843009213693951,prss_local_seed_naive,local,total,fold_after,1,7,606,naive,M,15,606,1470,2076,31140,31140,online_verify_reconstruction_units,570,54.63157894736842,7
15,8,PRIME_MERSENNE_61,2305843009213693951,prss_local_seed_dpss,local,per_party,fold_after,1,7,606,dpss,M_squared,225,606,3150,3756,56340,3756,online_verify_reconstruction_units,38,98.84210526315789,7
15,8,PRIME_MERSENNE_61,2305843009213693951,prss_local_seed_dpss,local,total,fold_after,1,7,606,dpss,M_squared,225,606,3150,3756,56340,56340,online_verify_reconstruction_units,570,98.84210526315789,7
15,8,PRIME_MERSENNE_61,2305843009213693951,prss_local_seed_naive,local,per_party,fold_after,1,7,606,naive,M_squared,225,606,22050,22656,339840,22656,online_verify_reconstruction_units,38,596.2105263157895,7
15,8,PRIME_MERSENNE_61,2305843009213693951,prss_local_seed_naive,local,total,fold_after,1,7,606,naive,M_squared,225,606,22050,22656,339840,339840,online_verify_reconstruction_units,570,596.2105263157895,7
15,8,PRIME_MERSENNE_61,2305843009213693951,prss_commit,commit,per_party,fold_after,1,7,606,none,none,0,704,0,704,10560,704,online_verify_reconstruction_units,38,18.526315789473685,7
15,8,PRIME_MERSENNE_61,2305843009213693951,prss_commit,commit,total,fold_after,1,7,606,none,none,0,704,0,704,10560,10560,online_verify_reconstruction_units,570,18.526315789473685,7
15,8,PRIME_MERSENNE_61,2305843009213693951,prss_commit_seed_dpss,commit,per_party,fold_after,1,7,606,dpss,one,1,704,1582,2286,34290,2286,online_verify_reconstruction_units,38,60.1578947368421,7
15,8,PRIME_MERSENNE_61,2305843009213693951,prss_commit_seed_dpss,commit,total,fold_after,1,7,606,dpss,one,1,704,1582,2286,34290,34290,online_verify_reconstruction_units,570,60.1578947368421,7
15,8,PRIME_MERSENNE_61,2305843009213693951,prss_commit_seed_naive,commit,per_party,fold_after,1,7,606,naive,one,1,704,98,802,12030,802,online_verify_reconstruction_units,38,21.105263157894736,7
15,8,PRIME_MERSENNE_61,2305843009213693951,prss_commit_seed_naive,commit,total,fold_after,1,7,606,naive,one,1,704,98,802,12030,12030,online_verify_reconstruction_units,570,21.105263157894736,7
15,8,PRIME_MERSENNE_61,2305843009213693951,prss_commit_seed_dpss,commit,per_party,fold_after,1,7,606,dpss,M,15,704,1680,2384,35760,2384,online_verify_reconstruction_units,38,62.73684210526316,7
15,8,PRIME_MERSENNE_61,2305843009213693951,prss_commit_seed_dpss,commit,total,fold_after,1,7,606,dpss,M,15,704,1680,2384,35760,35760,online_verify_reconstruction_units,570,62.73684210526316,7
15,8,PRIME_MERSENNE_61,2305843009213693951,prss_commit_seed_naive,commit,per_party,fold_after,1,7,606,naive,M,15,704,1470,2174,32610,2174,online_verify_reconstruction_units,38,57.21052631578947,7
15,8,PRIME_MERSENNE_61,2305843009213693951,prss_commit_seed_naive,commit,total,fold_after,1,7,606,naive,M,15,704,1470,2174,32610,32610,online_verify_reconstruction_units,570,57.21052631578947,7
15,8,PRIME_MERSENNE_61,2305843009213693951,prss_commit_seed_dpss,commit,per_party,fold_after,1,7,606,dpss,M_squared,225,704,3150,3854,57810,3854,online_verify_reconstruction_units,38,101.42105263157895,7
15,8,PRIME_MERSENNE_61,2305843009213693951,prss_commit_seed_dpss,commit,total,fold_after,1,7,606,dpss,M_squared,225,704,3150,3854,57810,57810,online_verify_reconstruction_units,570,101.42105263157895,7
15,8,PRIME_MERSENNE_61,2305843009213693951,prss_commit_seed_naive,commit,per_party,fold_after,1,7,606,naive,M_squared,225,704,22050,22754,341310,22754,online_verify_reconstruction_units,38,598.7894736842105,7
15,8,PRIME_MERSENNE_61,2305843009213693951,prss_commit_seed_naive,commit,total,fold_after,1,7,606,naive,M_squared,225,704,22050,22754,341310,341310,online_verify_reconstruction_units,570,598.7894736842105,7
15,8,PRIME_MERSENNE_61,2305843009213693951,prss_dispute,dispute,per_party,fold_after,1,7,606,none,none,0,998,0,998,14970,998,online_verify_reconstruction_units,38,26.263157894736842,7
15,8,PRIME_MERSENNE_61,2305843009213693951,prss_dispute,dispute,total,fold_after,1,7,606,none,none,0,998,0,998,14970,14970,online_verify_reconstruction_units,570,26.263157894736842,7
15,8,PRIME_MERSENNE_61,2305843009213693951,prss_dispute_seed_dpss,dispute,per_party,fold_after,1,7,606,dpss,one,1,998,1582,2580,38700,2580,online_verify_reconstruction_units,38,67.89473684210526,7
15,8,PRIME_MERSENNE_61,2305843009213693951,prss_dispute_seed_dpss,dispute,total,fold_after,1,7,606,dpss,one,1,998,1582,2580,38700,38700,online_verify_reconstruction_units,570,67.89473684210526,7
15,8,PRIME_MERSENNE_61,2305843009213693951,prss_dispute_seed_naive,dispute,per_party,fold_after,1,7,606,naive,one,1,998,98,1096,16440,1096,online_verify_reconstruction_units,38,28.842105263157894,7
15,8,PRIME_MERSENNE_61,2305843009213693951,prss_dispute_seed_naive,dispute,total,fold_after,1,7,606,naive,one,1,998,98,1096,16440,16440,online_verify_reconstruction_units,570,28.842105263157894,7
15,8,PRIME_MERSENNE_61,2305843009213693951,prss_dispute_seed_dpss,dispute,per_party,fold_after,1,7,606,dpss,M,15,998,1680,2678,40170,2678,online_verify_reconstruction_units,38,70.47368421052632,7
15,8,PRIME_MERSENNE_61,2305843009213693951,prss_dispute_seed_dpss,dispute,total,fold_after,1,7,606,dpss,M,15,998,1680,2678,40170,40170,online_verify_reconstruction_units,570,70.47368421052632,7
15,8,PRIME_MERSENNE_61,2305843009213693951,prss_dispute_seed_naive,dispute,per_party,fold_after,1,7,606,naive,M,15,998,1470,2468,37020,2468,online_verify_reconstruction_units,38,64.94736842105263,7
15,8,PRIME_MERSENNE_61,2305843009213693951,prss_dispute_seed_naive,dispute,total,fold_after,1,7,606,naive,M,15,998,1470,2468,37020,37020,online_verify_reconstruction_units,570,64.94736842105263,7
15,8,PRIME_MERSENNE_61,2305843009213693951,prss_dispute_seed_dpss,dispute,per_party,fold_after,1,7,606,dpss,M_squared,225,998,3150,4148,62220,4148,online_verify_reconstruction_units,38,109.15789473684211,7
15,8,PRIME_MERSENNE_61,2305843009213693951,prss_dispute_seed_dpss,dispute,total,fold_after,1,7,606,dpss,M_squared,225,998,3150,4148,62220,62220,online_verify_reconstruction_units,570,109.15789473684211,7
15,8,PRIME_MERSENNE_61,2305843009213693951,prss_dispute_seed_naive,dispute,per_party,fold_after,1,7,606,naive,M_squared,225,998,22050,23048,345720,23048,online_verify_reconstruction_units,38,606.5263157894736,7
15,8,PRIME_MERSENNE_61,2305843009213693951,prss_dispute_seed_naive,dispute,total,fold_after,1,7,606,naive,M_squared,225,998,22050,23048,345720,345720,online_verify_reconstruction_units,570,606.5263157894736,7
15,8,PRIME_MERSENNE_61,2305843009213693951,naive,n/a,per_party,fold_before,0,6,1135,none,none,0,15890,0,15890,238350,15890,online_verify_reconstruction_units,38,418.1578947368421,7
15,8,PRIME_MERSENNE_61,2305843009213693951,naive,n/a,total,fold_before,0,6,1135,none,none,0,15890,0,15890,238350,238350,online_verify_reconstruction_units,570,418.1578947368421,7
15,8,PRIME_MERSENNE_61,2305843009213693951,dpss_model,n/a,per_party,fold_before,0,6,1135,none,none,0,2710,0,2710,40650,2710,online_verify_reconstruction_units,38,71.3157894736842,7
15,8,PRIME_MERSENNE_61,2305843009213693951,dpss_model,n/a,total,fold_before,0,6,1135,none,none,0,2710,0,2710,40650,40650,online_verify_reconstruction_units,570,71.3157894736842,7
15,8,PRIME_MERSENNE_61,2305843009213693951,full_mask,n/a,per_party,fold_before,0,6,189,none,none,0,2646,0,2646,39690,2646,online_verify_reconstruction_units,38,69.63157894736842,7
15,8,PRIME_MERSENNE_61,2305843009213693951,full_mask,n/a,total,fold_before,0,6,189,none,none,0,2646,0,2646,39690,39690,online_verify_reconstruction_units,570,69.63157894736842,7
15,8,PRIME_MERSENNE_61,2305843009213693951,kernel_mask,n/a,per_party,fold_before,0,6,119,none,none,0,1666,0,1666,24990,1666,online_verify_reconstruction_units,38,43.8421052631579,7
15,8,PRIME_MERSENNE_61,2305843009213693951,kernel_mask,n/a,total,fold_before,0,6,119,none,none,0,1666,0,1666,24990,24990,online_verify_reconstruction_units,570,43.8421052631579,7
15,8,PRIME_MERSENNE_61,2305843009213693951,prss_local,local,per_party,fold_before,0,6,1135,none,none,0,1135,0,1135,17025,1135,online_verify_reconstruction_units,38,29.86842105263158,7
15,8,PRIME_MERSENNE_61,2305843009213693951,prss_local,local,total,fold_before,0,6,1135,none,none,0,1135,0,1135,17025,17025,online_verify_reconstruction_units,570,29.86842105263158,7
15,8,PRIME_MERSENNE_61,2305843009213693951,prss_local_seed_dpss,local,per_party,fold_before,0,6,1135,dpss,one,1,1135,1582,2717,40755,2717,online_verify_reconstruction_units,38,71.5,7
15,8,PRIME_MERSENNE_61,2305843009213693951,prss_local_seed_dpss,local,total,fold_before,0,6,1135,dpss,one,1,1135,1582,2717,40755,40755,online_verify_reconstruction_units,570,71.5,7
15,8,PRIME_MERSENNE_61,2305843009213693951,prss_local_seed_naive,local,per_party,fold_before,0,6,1135,naive,one,1,1135,98,1233,18495,1233,online_verify_reconstruction_units,38,32.44736842105263,7
15,8,PRIME_MERSENNE_61,2305843009213693951,prss_local_seed_naive,local,total,fold_before,0,6,1135,naive,one,1,1135,98,1233,18495,18495,online_verify_reconstruction_units,570,32.44736842105263,7
15,8,PRIME_MERSENNE_61,2305843009213693951,prss_local_seed_dpss,local,per_party,fold_before,0,6,1135,dpss,M,15,1135,1680,2815,42225,2815,online_verify_reconstruction_units,38,74.07894736842105,7
15,8,PRIME_MERSENNE_61,2305843009213693951,prss_local_seed_dpss,local,total,fold_before,0,6,1135,dpss,M,15,1135,1680,2815,42225,42225,online_verify_reconstruction_units,570,74.07894736842105,7
15,8,PRIME_MERSENNE_61,2305843009213693951,prss_local_seed_naive,local,per_party,fold_before,0,6,1135,naive,M,15,1135,1470,2605,39075,2605,online_verify_reconstruction_units,38,68.55263157894737,7
15,8,PRIME_MERSENNE_61,2305843009213693951,prss_local_seed_naive,local,total,fold_before,0,6,1135,naive,M,15,1135,1470,2605,39075,39075,online_verify_reconstruction_units,570,68.55263157894737,7
15,8,PRIME_MERSENNE_61,2305843009213693951,prss_local_seed_dpss,local,per_party,fold_before,0,6,1135,dpss,M_squared,225,1135,3150,4285,64275,4285,online_verify_reconstruction_units,38,112.76315789473684,7
15,8,PRIME_MERSENNE_61,2305843009213693951,prss_local_seed_dpss,local,total,fold_before,0,6,1135,dpss,M_squared,225,1135,3150,4285,64275,64275,online_verify_reconstruction_units,570,112.76315789473684,7
15,8,PRIME_MERSENNE_61,2305843009213693951,prss_local_seed_naive,local,per_party,fold_before,0,6,1135,naive,M_squared,225,1135,22050,23185,347775,23185,online_verify_reconstruction_units,38,610.1315789473684,7
15,8,PRIME_MERSENNE_61,2305843009213693951,prss_local_seed_naive,local,total,fold_before,0,6,1135,naive,M_squared,225,1135,22050,23185,347775,347775,online_verify_reconstruction_units,570,610.1315789473684,7
15,8,PRIME_MERSENNE_61,2305843009213693951,prss_commit,commit,per_party,fold_before,0,6,1135,none,none,0,1233,0,1233,18495,1233,online_verify_reconstruction_units,38,32.44736842105263,7
15,8,PRIME_MERSENNE_61,2305843009213693951,prss_commit,commit,total,fold_before,0,6,1135,none,none,0,1233,0,1233,18495,18495,online_verify_reconstruction_units,570,32.44736842105263,7
15,8,PRIME_MERSENNE_61,2305843009213693951,prss_commit_seed_dpss,commit,per_party,fold_before,0,6,1135,dpss,one,1,1233,1582,2815,42225,2815,online_verify_reconstruction_units,38,74.07894736842105,7
15,8,PRIME_MERSENNE_61,2305843009213693951,prss_commit_seed_dpss,commit,total,fold_before,0,6,1135,dpss,one,1,1233,1582,2815,42225,42225,online_verify_reconstruction_units,570,74.07894736842105,7
15,8,PRIME_MERSENNE_61,2305843009213693951,prss_commit_seed_naive,commit,per_party,fold_before,0,6,1135,naive,one,1,1233,98,1331,19965,1331,online_verify_reconstruction_units,38,35.026315789473685,7
15,8,PRIME_MERSENNE_61,2305843009213693951,prss_commit_seed_naive,commit,total,fold_before,0,6,1135,naive,one,1,1233,98,1331,19965,19965,online_verify_reconstruction_units,570,35.026315789473685,7
15,8,PRIME_MERSENNE_61,2305843009213693951,prss_commit_seed_dpss,commit,per_party,fold_before,0,6,1135,dpss,M,15,1233,1680,2913,43695,2913,online_verify_reconstruction_units,38,76.65789473684211,7
15,8,PRIME_MERSENNE_61,2305843009213693951,prss_commit_seed_dpss,commit,total,fold_before,0,6,1135,dpss,M,15,1233,1680,2913,43695,43695,online_verify_reconstruction_units,570,76.65789473684211,7
15,8,PRIME_MERSENNE_61,2305843009213693951,prss_commit_seed_naive,commit,per_party,fold_before,0,6,1135,naive,M,15,1233,1470,2703,40545,2703,online_verify_reconstruction_units,38,71.13157894736842,7
15,8,PRIME_MERSENNE_61,2305843009213693951,prss_commit_seed_naive,commit,total,fold_before,0,6,1135,naive,M,15,1233,1470,2703,40545,40545,online_verify_reconstruction_units,570,71.13157894736842,7
15,8,PRIME_MERSENNE_61,2305843009213693951,prss_commit_seed_dpss,commit,per_party,fold_before,0,6,1135,dpss,M_squared,225,1233,3150,4383,65745,4383,online_verify_reconstruction_units,38,115.34210526315789,7
15,8,PRIME_MERSENNE_61,2305843009213693951,prss_commit_seed_dpss,commit,total,fold_before,0,6,1135,dpss,M_squared,225,1233,3150,4383,65745,65745,online_verify_reconstruction_units,570,115.34210526315789,7
15,8,PRIME_MERSENNE_61,2305843009213693951,prss_commit_seed_naive,commit,per_party,fold_before,0,6,1135,naive,M_squared,225,1233,22050,23283,349245,23283,online_verify_reconstruction_units,38,612.7105263157895,7
15,8,PRIME_MERSENNE_61,2305843009213693951,prss_commit_seed_naive,commit,total,fold_before,0,6,1135,naive,M_squared,225,1233,22050,23283,349245,349245,online_verify_reconstruction_units,570,612.7105263157895,7
15,8,PRIME_MERSENNE_61,2305843009213693951,prss_dispute,dispute,per_party,fold_before,0,6,1135,none,none,0,1527,0,1527,22905,1527,online_verify_reconstruction_units,38,40.18421052631579,7
15,8,PRIME_MERSENNE_61,2305843009213693951,prss_dispute,dispute,total,fold_before,0,6,1135,none,none,0,1527,0,1527,22905,22905,online_verify_reconstruction_units,570,40.18421052631579,7
15,8,PRIME_MERSENNE_61,2305843009213693951,prss_dispute_seed_dpss,dispute,per_party,fold_before,0,6,1135,dpss,one,1,1527,1582,3109,46635,3109,online_verify_reconstruction_units,38,81.8157894736842,7
15,8,PRIME_MERSENNE_61,2305843009213693951,prss_dispute_seed_dpss,dispute,total,fold_before,0,6,1135,dpss,one,1,1527,1582,3109,46635,46635,online_verify_reconstruction_units,570,81.8157894736842,7
15,8,PRIME_MERSENNE_61,2305843009213693951,prss_dispute_seed_naive,dispute,per_party,fold_before,0,6,1135,naive,one,1,1527,98,1625,24375,1625,online_verify_reconstruction_units,38,42.76315789473684,7
15,8,PRIME_MERSENNE_61,2305843009213693951,prss_dispute_seed_naive,dispute,total,fold_before,0,6,1135,naive,one,1,1527,98,1625,24375,24375,online_verify_reconstruction_units,570,42.76315789473684,7
15,8,PRIME_MERSENNE_61,2305843009213693951,prss_dispute_seed_dpss,dispute,per_party,fold_before,0,6,1135,dpss,M,15,1527,1680,3207,48105,3207,online_verify_reconstruction_units,38,84.39473684210526,7
15,8,PRIME_MERSENNE_61,2305843009213693951,prss_dispute_seed_dpss,dispute,total,fold_before,0,6,1135,dpss,M,15,1527,1680,3207,48105,48105,online_verify_reconstruction_units,570,84.39473684210526,7
15,8,PRIME_MERSENNE_61,2305843009213693951,prss_dispute_seed_naive,dispute,per_party,fold_before,0,6,1135,naive,M,15,1527,1470,2997,44955,2997,online_verify_reconstruction_units,38,78.86842105263158,7
15,8,PRIME_MERSENNE_61,2305843009213693951,prss_dispute_seed_naive,dispute,total,fold_before,0,6,1135,naive,M,15,1527,1470,2997,44955,44955,online_verify_reconstruction_units,570,78.86842105263158,7
15,8,PRIME_MERSENNE_61,2305843009213693951,prss_dispute_seed_dpss,dispute,per_party,fold_before,0,6,1135,dpss,M_squared,225,1527,3150,4677,70155,4677,online_verify_reconstruction_units,38,123.07894736842105,7
15,8,PRIME_MERSENNE_61,2305843009213693951,prss_dispute_seed_dpss,dispute,total,fold_before,0,6,1135,dpss,M_squared,225,1527,3150,4677,70155,70155,online_verify_reconstruction_units,570,123.07894736842105,7
15,8,PRIME_MERSENNE_61,2305843009213693951,prss_dispute_seed_naive,dispute,per_party,fold_before,0,6,1135,naive,M_squared,225,1527,22050,23577,353655,23577,online_verify_reconstruction_units,38,620.4473684210526,7
15,8,PRIME_MERSENNE_61,2305843009213693951,prss_dispute_seed_naive,dispute,total,fold_before,0,6,1135,naive,M_squared,225,1527,22050,23577,353655,353655,online_verify_reconstruction_units,570,620.4473684210526,7
31,8,PRIME_MERSENNE_61,2305843009213693951,naive,n/a,per_party,fold_after,1,7,606,none,none,0,18180,0,18180,563580,18180,online_verify_reconstruction_units,38,478.42105263157896,7
31,8,PRIME_MERSENNE_61,2305843009213693951,naive,n/a,total,fold_after,1,7,606,none,none,0,18180,0,18180,563580,563580,online_verify_reconstruction_units,1178,478.42105263157896,7
31,8,PRIME_MERSENNE_61,2305843009213693951,dpss_model,n/a,per_party,fold_after,1,7,606,none,none,0,7333,0,7333,227323,7333,online_verify_reconstruction_units,38,192.97368421052633,7
31,8,PRIME_MERSENNE_61,2305843009213693951,dpss_model,n/a,total,fold_after,1,7,606,none,none,0,7333,0,7333,227323,227323,online_verify_reconstruction_units,1178,192.97368421052633,7
31,8,PRIME_MERSENNE_61,2305843009213693951,full_mask,n/a,per_party,fold_after,1,7,189,none,none,0,5670,0,5670,175770,5670,online_verify_reconstruction_units,38,149.21052631578948,7
31,8,PRIME_MERSENNE_61,2305843009213693951,full_mask,n/a,total,fold_after,1,7,189,none,none,0,5670,0,5670,175770,175770,online_verify_reconstruction_units,1178,149.21052631578948,7
31,8,PRIME_MERSENNE_61,2305843009213693951,kernel_mask,n/a,per_party,fold_after,1,7,98,none,none,0,2940,0,2940,91140,2940,online_verify_reconstruction_units,38,77.36842105263158,7
31,8,PRIME_MERSENNE_61,2305843009213693951,kernel_mask,n/a,total,fold_after,1,7,98,none,none,0,2940,0,2940,91140,91140,online_verify_reconstruction_units,1178,77.36842105263158,7
31,8,PRIME_MERSENNE_61,2305843009213693951,prss_local,local,per_party,fold_after,1,7,606,none,none,0,606,0,606,18786,606,online_verify_reconstruction_units,38,15.947368421052632,7
31,8,PRIME_MERSENNE_61,2305843009213693951,prss_local,local,total,fold_after,1,7,606,none,none,0,606,0,606,18786,18786,online_verify_reconstruction_units,1178,15.947368421052632,7
31,8,PRIME_MERSENNE_61,2305843009213693951,prss_local_seed_dpss,local,per_party,fold_after,1,7,606,dpss,one,1,606,6734,7340,227540,7340,online_verify_reconstruction_units,38,193.1578947368421,7
31,8,PRIME_MERSENNE_61,2305843009213693951,prss_local_seed_dpss,local,total,fold_after,1,7,606,dpss,one,1,606,6734,7340,227540,227540,online_verify_reconstruction_units,1178,193.1578947368421,7
31,8,PRIME_MERSENNE_61,2305843009213693951,prss_local_seed_naive,local,per_party,fold_after,1,7,606,naive,one,1,606,210,816,25296,816,online_verify_reconstruction_units,38,21.473684210526315,7
31,8,PRIME_MERSENNE_61,2305843009213693951,prss_local_seed_naive,local,total,fold_after,1,7,606,naive,one,1,606,210,816,25296,25296,online_verify_reconstruction_units,1178,21.473684210526315,7
31,8,PRIME_MERSENNE_61,2305843009213693951,prss_local_seed_dpss,local,per_party,fold_after,1,7,606,dpss,M,31,606,6944,7550,234050,7550,online_verify_reconstruction_units,38,198.68421052631578,7
31,8,PRIME_MERSENNE_61,2305843009213693951,prss_local_seed_dpss,local,total,fold_after,1,7,606,dpss,M,31,606,6944,7550,234050,234050,online_verify_reconstruction_units,1178,198.68421052631578,7
31,8,PRIME_MERSENNE_61,2305843009213693951,prss_local_seed_naive,local,per_party,fold_after,1,7,606,naive,M,31,606,6510,7116,220596,7116,online_verify_reconstruction_units,38,187.26315789473685,7
31,8,PRIME_MERSENNE_61,2305843009213693951,prss_local_seed_naive,local,total,fold_after,1,7,606,naive,M,31,606,6510,7116,220596,220596,online_verify_reconstruction_units,1178,187.26315789473685,7
31,8,PRIME_MERSENNE_61,2305843009213693951,prss_local_seed_dpss,local,per_party,fold_after,1,7,606,dpss,M_squared,961,606,13454,14060,435860,14060,online_verify_reconstruction_units,38,370.0,7
31,8,PRIME_MERSENNE_61,2305843009213693951,prss_local_seed_dpss,local,total,fold_after,1,7,606,dpss,M_squared,961,606,13454,14060,435860,435860,online_verify_reconstruction_units,1178,370.0,7
31,8,PRIME_MERSENNE_61,2305843009213693951,prss_local_seed_naive,local,per_party,fold_after,1,7,606,naive,M_squared,961,606,201810,202416,6274896,202416,online_verify_reconstruction_units,38,5326.736842105263,7
31,8,PRIME_MERSENNE_61,2305843009213693951,prss_local_seed_naive,local,total,fold_after,1,7,606,naive,M_squared,961,606,201810,202416,6274896,6274896,online_verify_reconstruction_units,1178,5326.736842105263,7
31,8,PRIME_MERSENNE_61,2305843009213693951,prss_commit,commit,per_party,fold_after,1,7,606,none,none,0,816,0,816,25296,816,online_verify_reconstruction_units,38,21.473684210526315,7
31,8,PRIME_MERSENNE_61,2305843009213693951,prss_commit,commit,total,fold_after,1,7,606,none,none,0,816,0,816,25296,25296,online_verify_reconstruction_units,1178,21.473684210526315,7
31,8,PRIME_MERSENNE_61,2305843009213693951,prss_commit_seed_dpss,commit,per_party,fold_after,1,7,606,dpss,one,1,816,6734,7550,234050,7550,online_verify_reconstruction_units,38,198.68421052631578,7
31,8,PRIME_MERSENNE_61,2305843009213693951,prss_commit_seed_dpss,commit,total,fold_after,1,7,606,dpss,one,1,816,6734,7550,234050,234050,online_verify_reconstruction_units,1178,198.68421052631578,7
31,8,PRIME_MERSENNE_61,2305843009213693951,prss_commit_seed_naive,commit,per_party,fold_after,1,7,606,naive,one,1,816,210,1026,31806,1026,online_verify_reconstruction_units,38,27.0,7
31,8,PRIME_MERSENNE_61,2305843009213693951,prss_commit_seed_naive,commit,total,fold_after,1,7,606,naive,one,1,816,210,1026,31806,31806,online_verify_reconstruction_units,1178,27.0,7
31,8,PRIME_MERSENNE_61,2305843009213693951,prss_commit_seed_dpss,commit,per_party,fold_after,1,7,606,dpss,M,31,816,6944,7760,240560,7760,online_verify_reconstruction_units,38,204.21052631578948,7
31,8,PRIME_MERSENNE_61,2305843009213693951,prss_commit_seed_dpss,commit,total,fold_after,1,7,606,dpss,M,31,816,6944,7760,240560,240560,online_verify_reconstruction_units,1178,204.21052631578948,7
31,8,PRIME_MERSENNE_61,2305843009213693951,prss_commit_seed_naive,commit,per_party,fold_after,1,7,606,naive,M,31,816,6510,7326,227106,7326,online_verify_reconstruction_units,38,192.78947368421052,7
31,8,PRIME_MERSENNE_61,2305843009213693951,prss_commit_seed_naive,commit,total,fold_after,1,7,606,naive,M,31,816,6510,7326,227106,227106,online_verify_reconstruction_units,1178,192.78947368421052,7
31,8,PRIME_MERSENNE_61,2305843009213693951,prss_commit_seed_dpss,commit,per_party,fold_after,1,7,606,dpss,M_squared,961,816,13454,14270,442370,14270,online_verify_reconstruction_units,38,375.5263157894737,7
31,8,PRIME_MERSENNE_61,2305843009213693951,prss_commit_seed_dpss,commit,total,fold_after,1,7,606,dpss,M_squared,961,816,13454,14270,442370,442370,online_verify_reconstruction_units,1178,375.5263157894737,7
31,8,PRIME_MERSENNE_61,2305843009213693951,prss_commit_seed_naive,commit,per_party,fold_after,1,7,606,naive,M_squared,961,816,201810,202626,6281406,202626,online_verify_reconstruction_units,38,5332.263157894737,7
31,8,PRIME_MERSENNE_61,2305843009213693951,prss_commit_seed_naive,commit,total,fold_after,1,7,606,naive,M_squared,961,816,201810,202626,6281406,6281406,online_verify_reconstruction_units,1178,5332.263157894737,7
31,8,PRIME_MERSENNE_61,2305843009213693951,prss_dispute,dispute,per_party,fold_after,1,7,606,none,none,0,1656,0,1656,51336,1656,online_verify_reconstruction_units,38,43.578947368421055,7
31,8,PRIME_MERSENNE_61,2305843009213693951,prss_dispute,dispute,total,fold_after,1,7,606,none,none,0,1656,0,1656,51336,51336,online_verify_reconstruction_units,1178,43.578947368421055,7
31,8,PRIME_MERSENNE_61,2305843009213693951,prss_dispute_seed_dpss,dispute,per_party,fold_after,1,7,606,dpss,one,1,1656,6734,8390,260090,8390,online_verify_reconstruction_units,38,220.78947368421052,7
31,8,PRIME_MERSENNE_61,2305843009213693951,prss_dispute_seed_dpss,dispute,total,fold_after,1,7,606,dpss,one,1,1656,6734,8390,260090,260090,online_verify_reconstruction_units,1178,220.78947368421052,7
31,8,PRIME_MERSENNE_61,2305843009213693951,prss_dispute_seed_naive,dispute,per_party,fold_after,1,7,606,naive,one,1,1656,210,1866,57846,1866,online_verify_reconstruction_units,38,49.10526315789474,7
31,8,PRIME_MERSENNE_61,2305843009213693951,prss_dispute_seed_naive,dispute,total,fold_after,1,7,606,naive,one,1,1656,210,1866,57846,57846,online_verify_reconstruction_units,1178,49.10526315789474,7
31,8,PRIME_MERSENNE_61,2305843009213693951,prss_dispute_seed_dpss,dispute,per_party,fold_after,1,7,606,dpss,M,31,1656,6944,8600,266600,8600,online_verify_reconstruction_units,38,226.31578947368422,7
31,8,PRIME_MERSENNE_61,2305843009213693951,prss_dispute_seed_dpss,dispute,total,fold_after,1,7,606,dpss,M,31,1656,6944,8600,266600,266600,online_verify_reconstruction_units,1178,226.31578947368422,7
31,8,PRIME_MERSENNE_61,2305843009213693951,prss_dispute_seed_naive,dispute,per_party,fold_after,1,7,606,naive,M,31,1656,6510,8166,253146,8166,online_verify_reconstruction_units,38,214.89473684210526,7
31,8,PRIME_MERSENNE_61,2305843009213693951,prss_dispute_seed_naive,dispute,total,fold_after,1,7,606,naive,M,31,1656,6510,8166,253146,253146,online_verify_reconstruction_units,1178,214.89473684210526,7
31,8,PRIME_MERSENNE_61,2305843009213693951,prss_dispute_seed_dpss,dispute,per_party,fold_after,1,7,606,dpss,M_squared,961,1656,13454,15110,468410,15110,online_verify_reconstruction_units,38,397.63157894736844,7
31,8,PRIME_MERSENNE_61,2305843009213693951,prss_dispute_seed_dpss,dispute,total,fold_after,1,7,606,dpss,M_squared,961,1656,13454,15110,468410,468410,online_verify_reconstruction_units,1178,397.63157894736844,7
31,8,PRIME_MERSENNE_61,2305843009213693951,prss_dispute_seed_naive,dispute,per_party,fold_after,1,7,606,naive,M_squared,961,1656,201810,203466,6307446,203466,online_verify_reconstruction_units,38,5354.368421052632,7
31,8,PRIME_MERSENNE_61,2305843009213693951,prss_dispute_seed_naive,dispute,total,fold_after,1,7,606,naive,M_squared,961,1656,201810,203466,6307446,6307446,online_verify_reconstruction_units,1178,5354.368421052632,7
31,8,PRIME_MERSENNE_61,2305843009213693951,naive,n/a,per_party,fold_before,0,6,1135,none,none,0,34050,0,34050,1055550,34050,online_verify_reconstruction_units,38,896.0526315789474,7
31,8,PRIME_MERSENNE_61,2305843009213693951,naive,n/a,total,fold_before,0,6,1135,none,none,0,34050,0,34050,1055550,1055550,online_verify_reconstruction_units,1178,896.0526315789474,7
31,8,PRIME_MERSENNE_61,2305843009213693951,dpss_model,n/a,per_party,fold_before,0,6,1135,none,none,0,7862,0,7862,243722,7862,online_verify_reconstruction_units,38,206.89473684210526,7
31,8,PRIME_MERSENNE_61,2305843009213693951,dpss_model,n/a,total,fold_before,0,6,1135,none,none,0,7862,0,7862,243722,243722,online_verify_reconstruction_units,1178,206.89473684210526,7
31,8,PRIME_MERSENNE_61,2305843009213693951,full_mask,n/a,per_party,fold_before,0,6,189,none,none,0,5670,0,5670,175770,5670,online_verify_reconstruction_units,38,149.21052631578948,7
31,8,PRIME_MERSENNE_61,2305843009213693951,full_mask,n/a,total,fold_before,0,6,189,none,none,0,5670,0,5670,175770,175770,online_verify_reconstruction_units,1178,149.21052631578948,7
31,8,PRIME_MERSENNE_61,2305843009213693951,kernel_mask,n/a,per_party,fold_before,0,6,119,none,none,0,3570,0,3570,110670,3570,online_verify_reconstruction_units,38,93.94736842105263,7
31,8,PRIME_MERSENNE_61,2305843009213693951,kernel_mask,n/a,total,fold_before,0,6,119,none,none,0,3570,0,3570,110670,110670,online_verify_reconstruction_units,1178,93.94736842105263,7
31,8,PRIME_MERSENNE_61,2305843009213693951,prss_local,local,per_party,fold_before,0,6,1135,none,none,0,1135,0,1135,35185,1135,online_verify_reconstruction_units,38,29.86842105263158,7
31,8,PRIME_MERSENNE_61,2305843009213693951,prss_local,local,total,fold_before,0,6,1135,none,none,0,1135,0,1135,35185,35185,online_verify_reconstruction_units,1178,29.86842105263158,7
31,8,PRIME_MERSENNE_61,2305843009213693951,prss_local_seed_dpss,local,per_party,fold_before,0,6,1135,dpss,one,1,1135,6734,7869,243939,7869,online_verify_reconstruction_units,38,207.07894736842104,7
31,8,PRIME_MERSENNE_61,2305843009213693951,prss_local_seed_dpss,local,total,fold_before,0,6,1135,dpss,one,1,1135,6734,7869,243939,243939,online_verify_reconstruction_units,1178,207.07894736842104,7
31,8,PRIME_MERSENNE_61,2305843009213693951,prss_local_seed_naive,local,per_party,fold_before,0,6,1135,naive,one,1,1135,210,1345,41695,1345,online_verify_reconstruction_units,38,35.39473684210526,7
31,8,PRIME_MERSENNE_61,2305843009213693951,prss_local_seed_naive,local,total,fold_before,0,6,1135,naive,one,1,1135,210,1345,41695,41695,online_verify_reconstruction_units,1178,35.39473684210526,7
31,8,PRIME_MERSENNE_61,2305843009213693951,prss_local_seed_dpss,local,per_party,fold_before,0,6,1135,dpss,M,31,1135,6944,8079,250449,8079,online_verify_reconstruction_units,38,212.60526315789474,7
31,8,PRIME_MERSENNE_61,2305843009213693951,prss_local_seed_dpss,local,total,fold_before,0,6,1135,dpss,M,31,1135,6944,8079,250449,250449,online_verify_reconstruction_units,1178,212.60526315789474,7
31,8,PRIME_MERSENNE_61,2305843009213693951,prss_local_seed_naive,local,per_party,fold_before,0,6,1135,naive,M,31,1135,6510,7645,236995,7645,online_verify_reconstruction_units,38,201.18421052631578,7
31,8,PRIME_MERSENNE_61,2305843009213693951,prss_local_seed_naive,local,total,fold_before,0,6,1135,naive,M,31,1135,6510,7645,236995,236995,online_verify_reconstruction_units,1178,201.18421052631578,7
31,8,PRIME_MERSENNE_61,2305843009213693951,prss_local_seed_dpss,local,per_party,fold_before,0,6,1135,dpss,M_squared,961,1135,13454,14589,452259,14589,online_verify_reconstruction_units,38,383.92105263157896,7
31,8,PRIME_MERSENNE_61,2305843009213693951,prss_local_seed_dpss,local,total,fold_before,0,6,1135,dpss,M_squared,961,1135,13454,14589,452259,452259,online_verify_reconstruction_units,1178,383.92105263157896,7
31,8,PRIME_MERSENNE_61,2305843009213693951,prss_local_seed_naive,local,per_party,fold_before,0,6,1135,naive,M_squared,961,1135,201810,202945,6291295,202945,online_verify_reconstruction_units,38,5340.6578947368425,7
31,8,PRIME_MERSENNE_61,2305843009213693951,prss_local_seed_naive,local,total,fold_before,0,6,1135,naive,M_squared,961,1135,201810,202945,6291295,6291295,online_verify_reconstruction_units,1178,5340.6578947368425,7
31,8,PRIME_MERSENNE_61,2305843009213693951,prss_commit,commit,per_party,fold_before,0,6,1135,none,none,0,1345,0,1345,41695,1345,online_verify_reconstruction_units,38,35.39473684210526,7
31,8,PRIME_MERSENNE_61,2305843009213693951,prss_commit,commit,total,fold_before,0,6,1135,none,none,0,1345,0,1345,41695,41695,online_verify_reconstruction_units,1178,35.39473684210526,7
31,8,PRIME_MERSENNE_61,2305843009213693951,prss_commit_seed_dpss,commit,per_party,fold_before,0,6,1135,dpss,one,1,1345,6734,8079,250449,8079,online_verify_reconstruction_units,38,212.60526315789474,7
31,8,PRIME_MERSENNE_61,2305843009213693951,prss_commit_seed_dpss,commit,total,fold_before,0,6,1135,dpss,one,1,1345,6734,8079,250449,250449,online_verify_reconstruction_units,1178,212.60526315789474,7
31,8,PRIME_MERSENNE_61,2305843009213693951,prss_commit_seed_naive,commit,per_party,fold_before,0,6,1135,naive,one,1,1345,210,1555,48205,1555,online_verify_reconstruction_units,38,40.921052631578945,7
31,8,PRIME_MERSENNE_61,2305843009213693951,prss_commit_seed_naive,commit,total,fold_before,0,6,1135,naive,one,1,1345,210,1555,48205,48205,online_verify_reconstruction_units,1178,40.921052631578945,7
31,8,PRIME_MERSENNE_61,2305843009213693951,prss_commit_seed_dpss,commit,per_party,fold_before,0,6,1135,dpss,M,31,1345,6944,8289,256959,8289,online_verify_reconstruction_units,38,218.1315789473684,7
31,8,PRIME_MERSENNE_61,2305843009213693951,prss_commit_seed_dpss,commit,total,fold_before,0,6,1135,dpss,M,31,1345,6944,8289,256959,256959,online_verify_reconstruction_units,1178,218.1315789473684,7
31,8,PRIME_MERSENNE_61,2305843009213693951,prss_commit_seed_naive,commit,per_party,fold_before,0,6,1135,naive,M,31,1345,6510,7855,243505,7855,online_verify_reconstruction_units,38,206.71052631578948,7
31,8,PRIME_MERSENNE_61,2305843009213693951,prss_commit_seed_naive,commit,total,fold_before,0,6,1135,naive,M,31,1345,6510,7855,243505,243505,online_verify_reconstruction_units,1178,206.71052631578948,7
31,8,PRIME_MERSENNE_61,2305843009213693951,prss_commit_seed_dpss,commit,per_party,fold_before,0,6,1135,dpss,M_squared,961,1345,13454,14799,458769,14799,online_verify_reconstruction_units,38,389.44736842105266,7
31,8,PRIME_MERSENNE_61,2305843009213693951,prss_commit_seed_dpss,commit,total,fold_before,0,6,1135,dpss,M_squared,961,1345,13454,14799,458769,458769,online_verify_reconstruction_units,1178,389.44736842105266,7
31,8,PRIME_MERSENNE_61,2305843009213693951,prss_commit_seed_naive,commit,per_party,fold_before,0,6,1135,naive,M_squared,961,1345,201810,203155,6297805,203155,online_verify_reconstruction_units,38,5346.184210526316,7
31,8,PRIME_MERSENNE_61,2305843009213693951,prss_commit_seed_naive,commit,total,fold_before,0,6,1135,naive,M_squared,961,1345,201810,203155,6297805,6297805,online_verify_reconstruction_units,1178,5346.184210526316,7
31,8,PRIME_MERSENNE_61,2305843009213693951,prss_dispute,dispute,per_party,fold_before,0,6,1135,none,none,0,2185,0,2185,67735,2185,online_verify_reconstruction_units,38,57.5,7
31,8,PRIME_MERSENNE_61,2305843009213693951,prss_dispute,dispute,total,fold_before,0,6,1135,none,none,0,2185,0,2185,67735,67735,online_verify_reconstruction_units,1178,57.5,7
31,8,PRIME_MERSENNE_61,2305843009213693951,prss_dispute_seed_dpss,dispute,per_party,fold_before,0,6,1135,dpss,one,1,2185,6734,8919,276489,8919,online_verify_reconstruction_units,38,234.71052631578948,7
31,8,PRIME_MERSENNE_61,2305843009213693951,prss_dispute_seed_dpss,dispute,total,fold_before,0,6,1135,dpss,one,1,2185,6734,8919,276489,276489,online_verify_reconstruction_units,1178,234.71052631578948,7
31,8,PRIME_MERSENNE_61,2305843009213693951,prss_dispute_seed_naive,dispute,per_party,fold_before,0,6,1135,naive,one,1,2185,210,2395,74245,2395,online_verify_reconstruction_units,38,63.026315789473685,7
31,8,PRIME_MERSENNE_61,2305843009213693951,prss_dispute_seed_naive,dispute,total,fold_before,0,6,1135,naive,one,1,2185,210,2395,74245,74245,online_verify_reconstruction_units,1178,63.026315789473685,7
31,8,PRIME_MERSENNE_61,2305843009213693951,prss_dispute_seed_dpss,dispute,per_party,fold_before,0,6,1135,dpss,M,31,2185,6944,9129,282999,9129,online_verify_reconstruction_units,38,240.23684210526315,7
31,8,PRIME_MERSENNE_61,2305843009213693951,prss_dispute_seed_dpss,dispute,total,fold_before,0,6,1135,dpss,M,31,2185,6944,9129,282999,282999,online_verify_reconstruction_units,1178,240.23684210526315,7
31,8,PRIME_MERSENNE_61,2305843009213693951,prss_dispute_seed_naive,dispute,per_party,fold_before,0,6,1135,naive,M,31,2185,6510,8695,269545,8695,online_verify_reconstruction_units,38,228.81578947368422,7
31,8,PRIME_MERSENNE_61,2305843009213693951,prss_dispute_seed_naive,dispute,total,fold_before,0,6,1135,naive,M,31,2185,6510,8695,269545,269545,online_verify_reconstruction_units,1178,228.81578947368422,7
31,8,PRIME_MERSENNE_61,2305843009213693951,prss_dispute_seed_dpss,dispute,per_party,fold_before,0,6,1135,dpss,M_squared,961,2185,13454,15639,484809,15639,online_verify_reconstruction_units,38,411.55263157894734,7
31,8,PRIME_MERSENNE_61,2305843009213693951,prss_dispute_seed_dpss,dispute,total,fold_before,0,6,1135,dpss,M_squared,961,2185,13454,15639,484809,484809,online_verify_reconstruction_units,1178,411.55263157894734,7
31,8,PRIME_MERSENNE_61,2305843009213693951,prss_dispute_seed_naive,dispute,per_party,fold_before,0,6,1135,naive,M_squared,961,2185,201810,203995,6323845,203995,online_verify_reconstruction_units,38,5368.289473684211,7
31,8,PRIME_MERSENNE_61,2305843009213693951,prss_dispute_seed_naive,dispute,total,fold_before,0,6,1135,naive,M_squared,961,2185,201810,203995,6323845,6323845,online_verify_reconstruction_units,1178,5368.289473684211,7
63,8,PRIME_MERSENNE_61,2305843009213693951,naive,n/a,per_party,fold_after,1,7,606,none,none,0,37572,0,37572,2367036,37572,online_verify_reconstruction_units,38,988.7368421052631,7
63,8,PRIME_MERSENNE_61,2305843009213693951,naive,n/a,total,fold_after,1,7,606,none,none,0,37572,0,37572,2367036,2367036,online_verify_reconstruction_units,2394,988.7368421052631,7
63,8,PRIME_MERSENNE_61,2305843009213693951,dpss_model,n/a,per_party,fold_after,1,7,606,none,none,0,28389,0,28389,1788507,28389,online_verify_reconstruction_units,38,747.078947368421,7
63,8,PRIME_MERSENNE_61,2305843009213693951,dpss_model,n/a,total,fold_after,1,7,606,none,none,0,28389,0,28389,1788507,1788507,online_verify_reconstruction_units,2394,747.078947368421,7
63,8,PRIME_MERSENNE_61,2305843009213693951,full_mask,n/a,per_party,fold_after,1,7,189,none,none,0,11718,0,11718,738234,11718,online_verify_reconstruction_units,38,308.36842105263156,7
63,8,PRIME_MERSENNE_61,2305843009213693951,full_mask,n/a,total,fold_after,1,7,189,none,none,0,11718,0,11718,738234,738234,online_verify_reconstruction_units,2394,308.36842105263156,7
63,8,PRIME_MERSENNE_61,2305843009213693951,kernel_mask,n/a,per_party,fold_after,1,7,98,none,none,0,6076,0,6076,382788,6076,online_verify_reconstruction_units,38,159.89473684210526,7
63,8,PRIME_MERSENNE_61,2305843009213693951,kernel_mask,n/a,total,fold_after,1,7,98,none,none,0,6076,0,6076,382788,382788,online_verify_reconstruction_units,2394,159.89473684210526,7
63,8,PRIME_MERSENNE_61,2305843009213693951,prss_local,local,per_party,fold_after,1,7,606,none,none,0,606,0,606,38178,606,online_verify_reconstruction_units,38,15.947368421052632,7
63,8,PRIME_MERSENNE_61,2305843009213693951,prss_local,local,total,fold_after,1,7,606,none,none,0,606,0,606,38178,38178,online_verify_reconstruction_units,2394,15.947368421052632,7
63,8,PRIME_MERSENNE_61,2305843009213693951,prss_local_seed_dpss,local,per_party,fold_after,1,7,606,dpss,one,1,606,27790,28396,1788948,28396,online_verify_reconstruction_units,38,747.2631578947369,7
63,8,PRIME_MERSENNE_61,2305843009213693951,prss_local_seed_dpss,local,total,fold_after,1,7,606,dpss,one,1,606,27790,28396,1788948,1788948,online_verify_reconstruction_units,2394,747.2631578947369,7
63,8,PRIME_MERSENNE_61,2305843009213693951,prss_local_seed_naive,local,per_party,fold_after,1,7,606,naive,one,1,606,434,1040,65520,1040,online_verify_reconstruction_units,38,27.36842105263158,7
63,8,PRIME_MERSENNE_61,2305843009213693951,prss_local_seed_naive,local,total,fold_after,1,7,606,naive,one,1,606,434,1040,65520,65520,online_verify_reconstruction_units,2394,27.36842105263158,7
63,8,PRIME_MERSENNE_61,2305843009213693951,prss_local_seed_dpss,local,per_party,fold_after,1,7,606,dpss,M,63,606,28224,28830,1816290,28830,online_verify_reconstruction_units,38,758.6842105263158,7
63,8,PRIME_MERSENNE_61,2305843009213693951,prss_local_seed_dpss,local,total,fold_after,1,7,606,dpss,M,63,606,28224,28830,1816290,1816290,online_verify_reconstruction_units,2394,758.6842105263158,7
63,8,PRIME_MERSENNE_61,2305843009213693951,prss_local_seed_naive,local,per_party,fold_after,1,7,606,naive,M,63,606,27342,27948,1760724,27948,online_verify_reconstruction_units,38,735.4736842105264,7
63,8,PRIME_MERSENNE_61,2305843009213693951,prss_local_seed_naive,local,total,fold_after,1,7,606,naive,M,63,606,27342,27948,1760724,1760724,online_verify_reconstruction_units,2394,735.4736842105264,7
63,8,PRIME_MERSENNE_61,2305843009213693951,prss_local_seed_dpss,local,per_party,fold_after,1,7,606,dpss,M_squared,3969,606,55566,56172,3538836,56172,online_verify_reconstruction_units,38,1478.2105263157894,7
63,8,PRIME_MERSENNE_61,2305843009213693951,prss_local_seed_dpss,local,total,fold_after,1,7,606,dpss,M_squared,3969,606,55566,56172,3538836,3538836,online_verify_reconstruction_units,2394,1478.2105263157894,7
63,8,PRIME_MERSENNE_61,2305843009213693951,prss_local_seed_naive,local,per_party,fold_after,1,7,606,naive,M_squared,3969,606,1722546,1723152,108558576,1723152,online_verify_reconstruction_units,38,45346.10526315789,7
63,8,PRIME_MERSENNE_61,2305843009213693951,prss_local_seed_naive,local,total,fold_after,1,7,606,naive,M_squared,3969,606,1722546,1723152,108558576,108558576,online_verify_reconstruction_units,2394,45346.10526315789,7
63,8,PRIME_MERSENNE_61,2305843009213693951,prss_commit,commit,per_party,fold_after,1,7,606,none,none,0,1040,0,1040,65520,1040,online_verify_reconstruction_units,38,27.36842105263158,7
63,8,PRIME_MERSENNE_61,2305843009213693951,prss_commit,commit,total,fold_after,1,7,606,none,none,0,1040,0,1040,65520,65520,online_verify_reconstruction_units,2394,27.36842105263158,7
63,8,PRIME_MERSENNE_61,2305843009213693951,prss_commit_seed_dpss,commit,per_party,fold_after,1,7,606,dpss,one,1,1040,27790,28830,1816290,28830,online_verify_reconstruction_units,38,758.6842105263158,7
63,8,PRIME_MERSENNE_61,2305843009213693951,prss_commit_seed_dpss,commit,total,fold_after,1,7,606,dpss,one,1,1040,27790,28830,1816290,1816290,online_verify_reconstruction_units,2394,758.6842105263158,7
63,8,PRIME_MERSENNE_61,2305843009213693951,prss_commit_seed_naive,commit,per_party,fold_after,1,7,606,naive,one,1,1040,434,1474,92862,1474,online_verify_reconstruction_units,38,38.78947368421053,7
63,8,PRIME_MERSENNE_61,2305843009213693951,prss_commit_seed_naive,commit,total,fold_after,1,7,606,naive,one,1,1040,434,1474,92862,92862,online_verify_reconstruction_units,2394,38.78947368421053,7
63,8,PRIME_MERSENNE_61,2305843009213693951,prss_commit_seed_dpss,commit,per_party,fold_after,1,7,606,dpss,M,63,1040,28224,29264,1843632,29264,online_verify_reconstruction_units,38,770.1052631578947,7
63,8,PRIME_MERSENNE_61,2305843009213693951,prss_commit_seed_dpss,commit,total,fold_after,1,7,606,dpss,M,63,1040,28224,29264,1843632,1843632,online_verify_reconstruction_units,2394,770.1052631578947,7
63,8,PRIME_MERSENNE_61,2305843009213693951,prss_commit_seed_naive,commit,per_party,fold_after,1,7,606,naive,M,63,1040,27342,28382,1788066,28382,online_verify_reconstruction_units,38,746.8947368421053,7
63,8,PRIME_MERSENNE_61,2305843009213693951,prss_commit_seed_naive,commit,total,fold_after,1,7,606,naive,M,63,1040,27342,28382,1788066,1788066,online_verify_reconstruction_units,2394,746.8947368421053,7
63,8,PRIME_MERSENNE_61,2305843009213693951,prss_commit_seed_dpss,commit,per_party,fold_after,1,7,606,dpss,M_squared,3969,1040,55566,56606,3566178,56606,online_verify_reconstruction_units,38,1489.6315789473683,7
63,8,PRIME_MERSENNE_61,2305843009213693951,prss_commit_seed_dpss,commit,total,fold_after,1,7,606,dpss,M_squared,3969,1040,55566,56606,3566178,3566178,online_verify_reconstruction_units,2394,1489.6315789473683,7
63,8,PRIME_MERSENNE_61,2305843009213693951,prss_commit_seed_naive,commit,per_party,fold_after,1,7,606,naive,M_squared,3969,1040,1722546,1723586,108585918,1723586,online_verify_reconstruction_units,38,45357.52631578947,7
63,8,PRIME_MERSENNE_61,2305843009213693951,prss_commit_seed_naive,commit,total,fold_after,1,7,606,naive,M_squared,3969,1040,1722546,1723586,108585918,108585918,online_verify_reconstruction_units,2394,45357.52631578947,7
63,8,PRIME_MERSENNE_61,2305843009213693951,prss_dispute,dispute,per_party,fold_after,1,7,606,none,none,0,3210,0,3210,202230,3210,online_verify_reconstruction_units,38,84.47368421052632,7
63,8,PRIME_MERSENNE_61,2305843009213693951,prss_dispute,dispute,total,fold_after,1,7,606,none,none,0,3210,0,3210,202230,202230,online_verify_reconstruction_units,2394,84.47368421052632,7
63,8,PRIME_MERSENNE_61,2305843009213693951,prss_dispute_seed_dpss,dispute,per_party,fold_after,1,7,606,dpss,one,1,3210,27790,31000,1953000,31000,online_verify_reconstruction_units,38,815.7894736842105,7
63,8,PRIME_MERSENNE_61,2305843009213693951,prss_dispute_seed_dpss,dispute,total,fold_after,1,7,606,dpss,one,1,3210,27790,31000,1953000,1953000,online_verify_reconstruction_units,2394,815.7894736842105,7
63,8,PRIME_MERSENNE_61,2305843009213693951,prss_dispute_seed_naive,dispute,per_party,fold_after,1,7,606,naive,one,1,3210,434,3644,229572,3644,online_verify_reconstruction_units,38,95.89473684210526,7
63,8,PRIME_MERSENNE_61,2305843009213693951,prss_dispute_seed_naive,dispute,total,fold_after,1,7,606,naive,one,1,3210,434,3644,229572,229572,online_verify_reconstruction_units,2394,95.89473684210526,7
63,8,PRIME_MERSENNE_61,2305843009213693951,prss_dispute_seed_dpss,dispute,per_party,fold_after,1,7,606,dpss,M,63,3210,28224,31434,1980342,31434,online_verify_reconstruction_units,38,827.2105263157895,7
63,8,PRIME_MERSENNE_61,2305843009213693951,prss_dispute_seed_dpss,dispute,total,fold_after,1,7,606,dpss,M,63,3210,28224,31434,1980342,1980342,online_verify_reconstruction_units,2394,827.2105263157895,7
63,8,PRIME_MERSENNE_61,2305843009213693951,prss_dispute_seed_naive,dispute,per_party,fold_after,1,7,606,naive,M,63,3210,27342,30552,1924776,30552,online_verify_reconstruction_units,38,804.0,7
63,8,PRIME_MERSENNE_61,2305843009213693951,prss_dispute_seed_naive,dispute,total,fold_after,1,7,606,naive,M,63,3210,27342,30552,1924776,1924776,online_verify_reconstruction_units,2394,804.0,7
63,8,PRIME_MERSENNE_61,2305843009213693951,prss_dispute_seed_dpss,dispute,per_party,fold_after,1,7,606,dpss,M_squared,3969,3210,55566,58776,3702888,58776,online_verify_reconstruction_units,38,1546.7368421052631,7
63,8,PRIME_MERSENNE_61,2305843009213693951,prss_dispute_seed_dpss,dispute,total,fold_after,1,7,606,dpss,M_squared,3969,3210,55566,58776,3702888,3702888,online_verify_reconstruction_units,2394,1546.7368421052631,7
63,8,PRIME_MERSENNE_61,2305843009213693951,prss_dispute_seed_naive,dispute,per_party,fold_after,1,7,606,naive,M_squared,3969,3210,1722546,1725756,108722628,1725756,online_verify_reconstruction_units,38,45414.63157894737,7
63,8,PRIME_MERSENNE_61,2305843009213693951,prss_dispute_seed_naive,dispute,total,fold_after,1,7,606,naive,M_squared,3969,3210,1722546,1725756,108722628,108722628,online_verify_reconstruction_units,2394,45414.63157894737,7
63,8,PRIME_MERSENNE_61,2305843009213693951,naive,n/a,per_party,fold_before,0,6,1135,none,none,0,70370,0,70370,4433310,70370,online_verify_reconstruction_units,38,1851.842105263158,7
63,8,PRIME_MERSENNE_61,2305843009213693951,naive,n/a,total,fold_before,0,6,1135,none,none,0,70370,0,70370,4433310,4433310,online_verify_reconstruction_units,2394,1851.842105263158,7
63,8,PRIME_MERSENNE_61,2305843009213693951,dpss_model,n/a,per_party,fold_before,0,6,1135,none,none,0,28918,0,28918,1821834,28918,online_verify_reconstruction_units,38,761.0,7
63,8,PRIME_MERSENNE_61,2305843009213693951,dpss_model,n/a,total,fold_before,0,6,1135,none,none,0,28918,0,28918,1821834,1821834,online_verify_reconstruction_units,2394,761.0,7
63,8,PRIME_MERSENNE_61,2305843009213693951,full_mask,n/a,per_party,fold_before,0,6,189,none,none,0,11718,0,11718,738234,11718,online_verify_reconstruction_units,38,308.36842105263156,7
63,8,PRIME_MERSENNE_61,2305843009213693951,full_mask,n/a,total,fold_before,0,6,189,none,none,0,11718,0,11718,738234,738234,online_verify_reconstruction_units,2394,308.36842105263156,7
63,8,PRIME_MERSENNE_61,2305843009213693951,kernel_mask,n/a,per_party,fold_before,0,6,119,none,none,0,7378,0,7378,464814,7378,online_verify_reconstruction_units,38,194.1578947368421,7
63,8,PRIME_MERSENNE_61,2305843009213693951,kernel_mask,n/a,total,fold_before,0,6,119,none,none,0,7378,0,7378,464814,464814,online_verify_reconstruction_units,2394,194.1578947368421,7
63,8,PRIME_MERSENNE_61,2305843009213693951,prss_local,local,per_party,fold_before,0,6,1135,none,none,0,1135,0,1135,71505,1135,online_verify_reconstruction_units,38,29.86842105263158,7
63,8,PRIME_MERSENNE_61,2305843009213693951,prss_local,local,total,fold_before,0,6,1135,none,none,0,1135,0,1135,71505,71505,online_verify_reconstruction_units,2394,29.86842105263158,7
63,8,PRIME_MERSENNE_61,2305843009213693951,prss_local_seed_dpss,local,per_party,fold_before,0,6,1135,dpss,one,1,1135,27790,28925,1822275,28925,online_verify_reconstruction_units,38,761.1842105263158,7
63,8,PRIME_MERSENNE_61,2305843009213693951,prss_local_seed_dpss,local,total,fold_before,0,6,1135,dpss,one,1,1135,27790,28925,1822275,1822275,online_verify_reconstruction_units,2394,761.1842105263158,7
63,8,PRIME_MERSENNE_61,2305843009213693951,prss_local_seed_naive,local,per_party,fold_before,0,6,1135,naive,one,1,1135,434,1569,98847,1569,online_verify_reconstruction_units,38,41.28947368421053,7
63,8,PRIME_MERSENNE_61,2305843009213693951,prss_local_seed_naive,local,total,fold_before,0,6,1135,naive,one,1,1135,434,1569,98847,98847,online_verify_reconstruction_units,2394,41.28947368421053,7
63,8,PRIME_MERSENNE_61,2305843009213693951,prss_local_seed_dpss,local,per_party,fold_before,0,6,1135,dpss,M,63,1135,28224,29359,1849617,29359,online_verify_reconstruction_units,38,772.6052631578947,7
63,8,PRIME_MERSENNE_61,2305843009213693951,prss_local_seed_dpss,local,total,fold_before,0,6,1135,dpss,M,63,1135,28224,29359,1849617,1849617,online_verify_reconstruction_units,2394,772.6052631578947,7
63,8,PRIME_MERSENNE_61,2305843009213693951,prss_local_seed_naive,local,per_party,fold_before,0,6,1135,naive,M,63,1135,27342,28477,1794051,28477,online_verify_reconstruction_units,38,749.3947368421053,7
63,8,PRIME_MERSENNE_61,2305843009213693951,prss_local_seed_naive,local,total,fold_before,0,6,1135,naive,M,63,1135,27342,28477,1794051,1794051,online_verify_reconstruction_units,2394,749.3947368421053,7
63,8,PRIME_MERSENNE_61,2305843009213693951,prss_local_seed_dpss,local,per_party,fold_before,0,6,1135,dpss,M_squared,3969,1135,55566,56701,3572163,56701,online_verify_reconstruction_units,38,1492.1315789473683,7
63,8,PRIME_MERSENNE_61,2305843009213693951,prss_local_seed_dpss,local,total,fold_before,0,6,1135,dpss,M_squared,3969,1135,55566,56701,3572163,3572163,online_verify_reconstruction_units,2394,1492.1315789473683,7
63,8,PRIME_MERSENNE_61,2305843009213693951,prss_local_seed_naive,local,per_party,fold_before,0,6,1135,naive,M_squared,3969,1135,1722546,1723681,108591903,1723681,online_verify_reconstruction_units,38,45360.02631578947,7
63,8,PRIME_MERSENNE_61,2305843009213693951,prss_local_seed_naive,local,total,fold_before,0,6,1135,naive,M_squared,3969,1135,1722546,1723681,108591903,108591903,online_verify_reconstruction_units,2394,45360.02631578947,7
63,8,PRIME_MERSENNE_61,2305843009213693951,prss_commit,commit,per_party,fold_before,0,6,1135,none,none,0,1569,0,1569,98847,1569,online_verify_reconstruction_units,38,41.28947368421053,7
63,8,PRIME_MERSENNE_61,2305843009213693951,prss_commit,commit,total,fold_before,0,6,1135,none,none,0,1569,0,1569,98847,98847,online_verify_reconstruction_units,2394,41.28947368421053,7
63,8,PRIME_MERSENNE_61,2305843009213693951,prss_commit_seed_dpss,commit,per_party,fold_before,0,6,1135,dpss,one,1,1569,27790,29359,1849617,29359,online_verify_reconstruction_units,38,772.6052631578947,7
63,8,PRIME_MERSENNE_61,2305843009213693951,prss_commit_seed_dpss,commit,total,fold_before,0,6,1135,dpss,one,1,1569,27790,29359,1849617,1849617,online_verify_reconstruction_units,2394,772.6052631578947,7
63,8,PRIME_MERSENNE_61,2305843009213693951,prss_commit_seed_naive,commit,per_party,fold_before,0,6,1135,naive,one,1,1569,434,2003,126189,2003,online_verify_reconstruction_units,38,52.71052631578947,7
63,8,PRIME_MERSENNE_61,2305843009213693951,prss_commit_seed_naive,commit,total,fold_before,0,6,1135,naive,one,1,1569,434,2003,126189,126189,online_verify_reconstruction_units,2394,52.71052631578947,7
63,8,PRIME_MERSENNE_61,2305843009213693951,prss_commit_seed_dpss,commit,per_party,fold_before,0,6,1135,dpss,M,63,1569,28224,29793,1876959,29793,online_verify_reconstruction_units,38,784.0263157894736,7
63,8,PRIME_MERSENNE_61,2305843009213693951,prss_commit_seed_dpss,commit,total,fold_before,0,6,1135,dpss,M,63,1569,28224,29793,1876959,1876959,online_verify_reconstruction_units,2394,784.0263157894736,7
63,8,PRIME_MERSENNE_61,2305843009213693951,prss_commit_seed_naive,commit,per_party,fold_before,0,6,1135,naive,M,63,1569,27342,28911,1821393,28911,online_verify_reconstruction_units,38,760.8157894736842,7
63,8,PRIME_MERSENNE_61,2305843009213693951,prss_commit_seed_naive,commit,total,fold_before,0,6,1135,naive,M,63,1569,27342,28911,1821393,1821393,online_verify_reconstruction_units,2394,760.8157894736842,7
63,8,PRIME_MERSENNE_61,2305843009213693951,prss_commit_seed_dpss,commit,per_party,fold_before,0,6,1135,dpss,M_squared,3969,1569,55566,57135,3599505,57135,online_verify_reconstruction_units,38,1503.5526315789473,7
63,8,PRIME_MERSENNE_61,2305843009213693951,prss_commit_seed_dpss,commit,total,fold_before,0,6,1135,dpss,M_squared,3969,1569,55566,57135,3599505,3599505,online_verify_reconstruction_units,2394,1503.5526315789473,7
63,8,PRIME_MERSENNE_61,2305843009213693951,prss_commit_seed_naive,commit,per_party,fold_before,0,6,1135,naive,M_squared,3969,1569,1722546,1724115,108619245,1724115,online_verify_reconstruction_units,38,45371.44736842105,7
63,8,PRIME_MERSENNE_61,2305843009213693951,prss_commit_seed_naive,commit,total,fold_before,0,6,1135,naive,M_squared,3969,1569,1722546,1724115,108619245,108619245,online_verify_reconstruction_units,2394,45371.44736842105,7
63,8,PRIME_MERSENNE_61,2305843009213693951,prss_dispute,dispute,per_party,fold_before,0,6,1135,none,none,0,3739,0,3739,235557,3739,online_verify_reconstruction_units,38,98.39473684210526,7
63,8,PRIME_MERSENNE_61,2305843009213693951,prss_dispute,dispute,total,fold_before,0,6,1135,none,none,0,3739,0,3739,235557,235557,online_verify_reconstruction_units,2394,98.39473684210526,7
63,8,PRIME_MERSENNE_61,2305843009213693951,prss_dispute_seed_dpss,dispute,per_party,fold_before,0,6,1135,dpss,one,1,3739,27790,31529,1986327,31529,online_verify_reconstruction_units,38,829.7105263157895,7
63,8,PRIME_MERSENNE_61,2305843009213693951,prss_dispute_seed_dpss,dispute,total,fold_before,0,6,1135,dpss,one,1,3739,27790,31529,1986327,1986327,online_verify_reconstruction_units,2394,829.7105263157895,7
63,8,PRIME_MERSENNE_61,2305843009213693951,prss_dispute_seed_naive,dispute,per_party,fold_before,0,6,1135,naive,one,1,3739,434,4173,262899,4173,online_verify_reconstruction_units,38,109.8157894736842,7
63,8,PRIME_MERSENNE_61,2305843009213693951,prss_dispute_seed_naive,dispute,total,fold_before,0,6,1135,naive,one,1,3739,434,4173,262899,262899,online_verify_reconstruction_units,2394,109.8157894736842,7
63,8,PRIME_MERSENNE_61,2305843009213693951,prss_dispute_seed_dpss,dispute,per_party,fold_before,0,6,1135,dpss,M,63,3739,28224,31963,2013669,31963,online_verify_reconstruction_units,38,841.1315789473684,7
63,8,PRIME_MERSENNE_61,2305843009213693951,prss_dispute_seed_dpss,dispute,total,fold_before,0,6,1135,dpss,M,63,3739,28224,31963,2013669,2013669,online_verify_reconstruction_units,2394,841.1315789473684,7
63,8,PRIME_MERSENNE_61,2305843009213693951,prss_dispute_seed_naive,dispute,per_party,fold_before,0,6,1135,naive,M,63,3739,27342,31081,1958103,31081,online_verify_reconstruction_units,38,817.921052631579,7
63,8,PRIME_MERSENNE_61,2305843009213693951,prss_dispute_seed_naive,dispute,total,fold_before,0,6,1135,naive,M,63,3739,27342,31081,1958103,1958103,online_verify_reconstruction_units,2394,817.921052631579,7
63,8,PRIME_MERSENNE_61,2305843009213693951,prss_dispute_seed_dpss,dispute,per_party,fold_before,0,6,1135,dpss,M_squared,3969,3739,55566,59305,3736215,59305,online_verify_reconstruction_units,38,1560.657894736842,7
63,8,PRIME_MERSENNE_61,2305843009213693951,prss_dispute_seed_dpss,dispute,total,fold_before,0,6,1135,dpss,M_squared,3969,3739,55566,59305,3736215,3736215,online_verify_reconstruction_units,2394,1560.657894736842,7
63,8,PRIME_MERSENNE_61,2305843009213693951,prss_dispute_seed_naive,dispute,per_party,fold_before,0,6,1135,naive,M_squared,3969,3739,1722546,1726285,108755955,1726285,online_verify_reconstruction_units,38,45428.55263157895,7
63,8,PRIME_MERSENNE_61,2305843009213693951,prss_dispute_seed_naive,dispute,total,fold_before,0,6,1135,naive,M_squared,3969,3739,1722546,1726285,108755955,108755955,online_verify_reconstruction_units,2394,45428.55263157895,7
3,10,PRIME_MERSENNE_61,2305843009213693951,naive,n/a,per_party,fold_after,1,9,2197,none,none,0,4394,0,4394,13182,4394,online_verify_reconstruction_units,46,95.52173913043478,9
3,10,PRIME_MERSENNE_61,2305843009213693951,naive,n/a,total,fold_after,1,9,2197,none,none,0,4394,0,4394,13182,13182,online_verify_reconstruction_units,138,95.52173913043478,9
3,10,PRIME_MERSENNE_61,2305843009213693951,dpss_model,n/a,per_party,fold_after,1,9,2197,none,none,0,2278,0,2278,6834,2278,online_verify_reconstruction_units,46,49.52173913043478,9
3,10,PRIME_MERSENNE_61,2305843009213693951,dpss_model,n/a,total,fold_after,1,9,2197,none,none,0,2278,0,2278,6834,6834,online_verify_reconstruction_units,138,49.52173913043478,9
3,10,PRIME_MERSENNE_61,2305843009213693951,full_mask,n/a,per_party,fold_after,1,9,297,none,none,0,594,0,594,1782,594,online_verify_reconstruction_units,46,12.91304347826087,9
3,10,PRIME_MERSENNE_61,2305843009213693951,full_mask,n/a,total,fold_after,1,9,297,none,none,0,594,0,594,1782,1782,online_verify_reconstruction_units,138,12.91304347826087,9
3,10,PRIME_MERSENNE_61,2305843009213693951,kernel_mask,n/a,per_party,fold_after,1,9,153,none,none,0,306,0,306,918,306,online_verify_reconstruction_units,46,6.6521739130434785,9
3,10,PRIME_MERSENNE_61,2305843009213693951,kernel_mask,n/a,total,fold_after,1,9,153,none,none,0,306,0,306,918,918,online_verify_reconstruction_units,138,6.6521739130434785,9
3,10,PRIME_MERSENNE_61,2305843009213693951,prss_local,local,per_party,fold_after,1,9,2197,none,none,0,2197,0,2197,6591,2197,online_verify_reconstruction_units,46,47.76086956521739,9
3,10,PRIME_MERSENNE_61,2305843009213693951,prss_local,local,total,fold_after,1,9,2197,none,none,0,2197,0,2197,6591,6591,online_verify_reconstruction_units,138,47.76086956521739,9
3,10,PRIME_MERSENNE_61,2305843009213693951,prss_local_seed_dpss,local,per_party,fold_after,1,9,2197,dpss,one,1,2197,90,2287,6861,2287,online_verify_reconstruction_units,46,49.71739130434783,9
3,10,PRIME_MERSENNE_61,2305843009213693951,prss_local_seed_dpss,local,total,fold_after,1,9,2197,dpss,one,1,2197,90,2287,6861,6861,online_verify_reconstruction_units,138,49.71739130434783,9
3,10,PRIME_MERSENNE_61,2305843009213693951,prss_local_seed_naive,local,per_party,fold_after,1,9,2197,naive,one,1,2197,18,2215,6645,2215,online_verify_reconstruction_units,46,48.15217391304348,9
3,10,PRIME_MERSENNE_61,2305843009213693951,prss_local_seed_naive,local,total,fold_after,1,9,2197,naive,one,1,2197,18,2215,6645,6645,online_verify_reconstruction_units,138,48.15217391304348,9
3,10,PRIME_MERSENNE_61,2305843009213693951,prss_local_seed_dpss,local,per_party,fold_after,1,9,2197,dpss,M,3,2197,108,2305,6915,2305,online_verify_reconstruction_units,46,50.108695652173914,9
3,10,PRIME_MERSENNE_61,2305843009213693951,prss_local_seed_dpss,local,total,fold_after,1,9,2197,dpss,M,3,2197,108,2305,6915,6915,online_verify_reconstruction_units,138,50.108695652173914,9
3,10,PRIME_MERSENNE_61,2305843009213693951,prss_local_seed_naive,local,per_party,fold_after,1,9,2197,naive,M,3,2197,54,2251,6753,2251,online_verify_reconstruction_units,46,48.93478260869565,9
3,10,PRIME_MERSENNE_61,2305843009213693951,prss_local_seed_naive,local,total,fold_after,1,9,2197,naive,M,3,2197,54,2251,6753,6753,online_verify_reconstruction_units,138,48.93478260869565,9
3,10,PRIME_MERSENNE_61,2305843009213693951,prss_local_seed_dpss,local,per_party,fold_after,1,9,2197,dpss,M_squared,9,2197,162,2359,7077,2359,online_verify_reconstruction_units,46,51.28260869565217,9
3,10,PRIME_MERSENNE_61,2305843009213693951,prss_local_seed_dpss,local,total,fold_after,1,9,2197,dpss,M_squared,9,2197,162,2359,7077,7077,online_verify_reconstruction_units,138,51.28260869565217,9
3,10,PRIME_MERSENNE_61,2305843009213693951,prss_local_seed_naive,local,per_party,fold_after,1,9,2197,naive,M_squared,9,2197,162,2359,7077,2359,online_verify_reconstruction_units,46,51.28260869565217,9
3,10,PRIME_MERSENNE_61,2305843009213693951,prss_local_seed_naive,local,total,fold_after,1,9,2197,naive,M_squared,9,2197,162,2359,7077,7077,online_verify_reconstruction_units,138,51.28260869565217,9
3,10,PRIME_MERSENNE_61,2305843009213693951,prss_commit,commit,per_party,fold_after,1,9,2197,none,none,0,2215,0,2215,6645,2215,online_verify_reconstruction_units,46,48.15217391304348,9
3,10,PRIME_MERSENNE_61,2305843009213693951,prss_commit,commit,total,fold_after,1,9,2197,none,none,0,2215,0,2215,6645,6645,online_verify_reconstruction_units,138,48.15217391304348,9
3,10,PRIME_MERSENNE_61,2305843009213693951,prss_commit_seed_dpss,commit,per_party,fold_after,1,9,2197,dpss,one,1,2215,90,2305,6915,2305,online_verify_reconstruction_units,46,50.108695652173914,9
3,10,PRIME_MERSENNE_61,2305843009213693951,prss_commit_seed_dpss,commit,total,fold_after,1,9,2197,dpss,one,1,2215,90,2305,6915,6915,online_verify_reconstruction_units,138,50.108695652173914,9
3,10,PRIME_MERSENNE_61,2305843009213693951,prss_commit_seed_naive,commit,per_party,fold_after,1,9,2197,naive,one,1,2215,18,2233,6699,2233,online_verify_reconstruction_units,46,48.54347826086956,9
3,10,PRIME_MERSENNE_61,2305843009213693951,prss_commit_seed_naive,commit,total,fold_after,1,9,2197,naive,one,1,2215,18,2233,6699,6699,online_verify_reconstruction_units,138,48.54347826086956,9
3,10,PRIME_MERSENNE_61,2305843009213693951,prss_commit_seed_dpss,commit,per_party,fold_after,1,9,2197,dpss,M,3,2215,108,2323,6969,2323,online_verify_reconstruction_units,46,50.5,9
3,10,PRIME_MERSENNE_61,2305843009213693951,prss_commit_seed_dpss,commit,total,fold_after,1,9,2197,dpss,M,3,2215,108,2323,6969,6969,online_verify_reconstruction_units,138,50.5,9
3,10,PRIME_MERSENNE_61,2305843009213693951,prss_commit_seed_naive,commit,per_party,fold_after,1,9,2197,naive,M,3,2215,54,2269,6807,2269,online_verify_reconstruction_units,46,49.32608695652174,9
3,10,PRIME_MERSENNE_61,2305843009213693951,prss_commit_seed_naive,commit,total,fold_after,1,9,2197,naive,M,3,2215,54,2269,6807,6807,online_verify_reconstruction_units,138,49.32608695652174,9
3,10,PRIME_MERSENNE_61,2305843009213693951,prss_commit_seed_dpss,commit,per_party,fold_after,1,9,2197,dpss,M_squared,9,2215,162,2377,7131,2377,online_verify_reconstruction_units,46,51.67391304347826,9
3,10,PRIME_MERSENNE_61,2305843009213693951,prss_commit_seed_dpss,commit,total,fold_after,1,9,2197,dpss,M_squared,9,2215,162,2377,7131,7131,online_verify_reconstruction_units,138,51.67391304347826,9
3,10,PRIME_MERSENNE_61,2305843009213693951,prss_commit_seed_naive,commit,per_party,fold_after,1,9,2197,naive,M_squared,9,2215,162,2377,7131,2377,online_verify_reconstruction_units,46,51.67391304347826,9
3,10,PRIME_MERSENNE_61,2305843009213693951,prss_commit_seed_naive,commit,total,fold_after,1,9,2197,naive,M_squared,9,2215,162,2377,7131,7131,online_verify_reconstruction_units,138,51.67391304347826,9
3,10,PRIME_MERSENNE_61,2305843009213693951,prss_dispute,dispute,per_party,fold_after,1,9,2197,none,none,0,2233,0,2233,6699,2233,online_verify_reconstruction_units,46,48.54347826086956,9
3,10,PRIME_MERSENNE_61,2305843009213693951,prss_dispute,dispute,total,fold_after,1,9,2197,none,none,0,2233,0,2233,6699,6699,online_verify_reconstruction_units,138,48.54347826086956,9
3,10,PRIME_MERSENNE_61,2305843009213693951,prss_dispute_seed_dpss,dispute,per_party,fold_after,1,9,2197,dpss,one,1,2233,90,2323,6969,2323,online_verify_reconstruction_units,46,50.5,9
3,10,PRIME_MERSENNE_61,2305843009213693951,prss_dispute_seed_dpss,dispute,total,fold_after,1,9,2197,dpss,one,1,2233,90,2323,6969,6969,online_verify_reconstruction_units,138,50.5,9
3,10,PRIME_MERSENNE_61,2305843009213693951,prss_dispute_seed_naive,dispute,per_party,fold_after,1,9,2197,naive,one,1,2233,18,2251,6753,2251,online_verify_reconstruction_units,46,48.93478260869565,9
3,10,PRIME_MERSENNE_61,2305843009213693951,prss_dispute_seed_naive,dispute,total,fold_after,1,9,2197,naive,one,1,2233,18,2251,6753,6753,online_verify_reconstruction_units,138,48.93478260869565,9
3,10,PRIME_MERSENNE_61,2305843009213693951,prss_dispute_seed_dpss,dispute,per_party,fold_after,1,9,2197,dpss,M,3,2233,108,2341,7023,2341,online_verify_reconstruction_units,46,50.891304347826086,9
3,10,PRIME_MERSENNE_61,2305843009213693951,prss_dispute_seed_dpss,dispute,total,fold_after,1,9,2197,dpss,M,3,2233,108,2341,7023,7023,online_verify_reconstruction_units,138,50.891304347826086,9
3,10,PRIME_MERSENNE_61,2305843009213693951,prss_dispute_seed_naive,dispute,per_party,fold_after,1,9,2197,naive,M,3,2233,54,2287,6861,2287,online_verify_reconstruction_units,46,49.71739130434783,9
3,10,PRIME_MERSENNE_61,2305843009213693951,prss_dispute_seed_naive,dispute,total,fold_after,1,9,2197,naive,M,3,2233,54,2287,6861,6861,online_verify_reconstruction_units,138,49.71739130434783,9
3,10,PRIME_MERSENNE_61,2305843009213693951,prss_dispute_seed_dpss,dispute,per_party,fold_after,1,9,2197,dpss,M_squared,9,2233,162,2395,7185,2395,online_verify_reconstruction_units,46,52.06521739130435,9
3,10,PRIME_MERSENNE_61,2305843009213693951,prss_dispute_seed_dpss,dispute,total,fold_after,1,9,2197,dpss,M_squared,9,2233,162,2395,7185,7185,online_verify_reconstruction_units,138,52.06521739130435,9
3,10,PRIME_MERSENNE_61,2305843009213693951,prss_dispute_seed_naive,dispute,per_party,fold_after,1,9,2197,naive,M_squared,9,2233,162,2395,7185,2395,online_verify_reconstruction_units,46,52.06521739130435,9
3,10,PRIME_MERSENNE_61,2305843009213693951,prss_dispute_seed_naive,dispute,total,fold_after,1,9,2197,naive,M_squared,9,2233,162,2395,7185,7185,online_verify_reconstruction_units,138,52.06521739130435,9
3,10,PRIME_MERSENNE_61,2305843009213693951,naive,n/a,per_party,fold_before,0,8,4268,none,none,0,8536,0,8536,25608,8536,online_verify_reconstruction_units,46,185.56521739130434,9
3,10,PRIME_MERSENNE_61,2305843009213693951,naive,n/a,total,fold_before,0,8,4268,none,none,0,8536,0,8536,25608,25608,online_verify_reconstruction_units,138,185.56521739130434,9
3,10,PRIME_MERSENNE_61,2305843009213693951,dpss_model,n/a,per_party,fold_before,0,8,4268,none,none,0,4349,0,4349,13047,4349,online_verify_reconstruction_units,46,94.54347826086956,9
3,10,PRIME_MERSENNE_61,2305843009213693951,dpss_model,n/a,total,fold_before,0,8,4268,none,none,0,4349,0,4349,13047,13047,online_verify_reconstruction_units,138,94.54347826086956,9
3,10,PRIME_MERSENNE_61,2305843009213693951,full_mask,n/a,per_party,fold_before,0,8,297,none,none,0,594,0,594,1782,594,online_verify_reconstruction_units,46,12.91304347826087,9
3,10,PRIME_MERSENNE_61,2305843009213693951,full_mask,n/a,total,fold_before,0,8,297,none,none,0,594,0,594,1782,1782,online_verify_reconstruction_units,138,12.91304347826087,9
3,10,PRIME_MERSENNE_61,2305843009213693951,kernel_mask,n/a,per_party,fold_before,0,8,180,none,none,0,360,0,360,1080,360,online_verify_reconstruction_units,46,7.826086956521739,9
3,10,PRIME_MERSENNE_61,2305843009213693951,kernel_mask,n/a,total,fold_before,0,8,180,none,none,0,360,0,360,1080,1080,online_verify_reconstruction_units,138,7.826086956521739,9
3,10,PRIME_MERSENNE_61,2305843009213693951,prss_local,local,per_party,fold_before,0,8,4268,none,none,0,4268,0,4268,12804,4268,online_verify_reconstruction_units,46,92.78260869565217,9
3,10,PRIME_MERSENNE_61,2305843009213693951,prss_local,local,total,fold_before,0,8,4268,none,none,0,4268,0,4268,12804,12804,online_verify_reconstruction_units,138,92.78260869565217,9
3,10,PRIME_MERSENNE_61,2305843009213693951,prss_local_seed_dpss,local,per_party,fold_before,0,8,4268,dpss,one,1,4268,90,4358,13074,4358,online_verify_reconstruction_units,46,94.73913043478261,9
3,10,PRIME_MERSENNE_61,2305843009213693951,prss_local_seed_dpss,local,total,fold_before,0,8,4268,dpss,one,1,4268,90,4358,13074,13074,online_verify_reconstruction_units,138,94.73913043478261,9
3,10,PRIME_MERSENNE_61,2305843009213693951,prss_local_seed_naive,local,per_party,fold_before,0,8,4268,naive,one,1,4268,18,4286,12858,4286,online_verify_reconstruction_units,46,93.17391304347827,9
3,10,PRIME_MERSENNE_61,2305843009213693951,prss_local_seed_naive,local,total,fold_before,0,8,4268,naive,one,1,4268,18,4286,12858,12858,online_verify_reconstruction_units,138,93.17391304347827,9
3,10,PRIME_MERSENNE_61,2305843009213693951,prss_local_seed_dpss,local,per_party,fold_before,0,8,4268,dpss,M,3,4268,108,4376,13128,4376,online_verify_reconstruction_units,46,95.1304347826087,9
3,10,PRIME_MERSENNE_61,2305843009213693951,prss_local_seed_dpss,local,total,fold_before,0,8,4268,dpss,M,3,4268,108,4376,13128,13128,online_verify_reconstruction_units,138,95.1304347826087,9
3,10,PRIME_MERSENNE_61,2305843009213693951,prss_local_seed_naive,local,per_party,fold_before,0,8,4268,naive,M,3,4268,54,4322,12966,4322,online_verify_reconstruction_units,46,93.95652173913044,9
3,10,PRIME_MERSENNE_61,2305843009213693951,prss_local_seed_naive,local,total,fold_before,0,8,4268,naive,M,3,4268,54,4322,12966,12966,online_verify_reconstruction_units,138,93.95652173913044,9
3,10,PRIME_MERSENNE_61,2305843009213693951,prss_local_seed_dpss,local,per_party,fold_before,0,8,4268,dpss,M_squared,9,4268,162,4430,13290,4430,online_verify_reconstruction_units,46,96.30434782608695,9
3,10,PRIME_MERSENNE_61,2305843009213693951,prss_local_seed_dpss,local,total,fold_before,0,8,4268,dpss,M_squared,9,4268,162,4430,13290,13290,online_verify_reconstruction_units,138,96.30434782608695,9
3,10,PRIME_MERSENNE_61,2305843009213693951,prss_local_seed_naive,local,per_party,fold_before,0,8,4268,naive,M_squared,9,4268,162,4430,13290,4430,online_verify_reconstruction_units,46,96.30434782608695,9
3,10,PRIME_MERSENNE_61,2305843009213693951,prss_local_seed_naive,local,total,fold_before,0,8,4268,naive,M_squared,9,4268,162,4430,13290,13290,online_verify_reconstruction_units,138,96.30434782608695,9
3,10,PRIME_MERSENNE_61,2305843009213693951,prss_commit,commit,per_party,fold_before,0,8,4268,none,none,0,4286,0,4286,12858,4286,online_verify_reconstruction_units,46,93.17391304347827,9
3,10,PRIME_MERSENNE_61,2305843009213693951,prss_commit,commit,total,fold_before,0,8,4268,none,none,0,4286,0,4286,12858,12858,online_verify_reconstruction_units,138,93.17391304347827,9
3,10,PRIME_MERSENNE_61,2305843009213693951,prss_commit_seed_dpss,commit,per_party,fold_before,0,8,4268,dpss,one,1,4286,90,4376,13128,4376,online_verify_reconstruction_units,46,95.1304347826087,9
3,10,PRIME_MERSENNE_61,2305843009213693951,prss_commit_seed_dpss,commit,total,fold_before,0,8,4268,dpss,one,1,4286,90,4376,13128,13128,online_verify_reconstruction_units,138,95.1304347826087,9
3,10,PRIME_MERSENNE_61,2305843009213693951,prss_commit_seed_naive,commit,per_party,fold_before,0,8,4268,naive,one,1,4286,18,4304,12912,4304,online_verify_reconstruction_units,46,93.56521739130434,9
3,10,PRIME_MERSENNE_61,2305843009213693951,prss_commit_seed_naive,commit,total,fold_before,0,8,4268,naive,one,1,4286,18,4304,12912,12912,online_verify_reconstruction_units,138,93.56521739130434,9
3,10,PRIME_MERSENNE_61,2305843009213693951,prss_commit_seed_dpss,commit,per_party,fold_before,0,8,4268,dpss,M,3,4286,108,4394,13182,4394,online_verify_reconstruction_units,46,95.52173913043478,9
3,10,PRIME_MERSENNE_61,2305843009213693951,prss_commit_seed_dpss,commit,total,fold_before,0,8,4268,dpss,M,3,4286,108,4394,13182,13182,online_verify_reconstruction_units,138,95.52173913043478,9
3,10,PRIME_MERSENNE_61,2305843009213693951,prss_commit_seed_naive,commit,per_party,fold_before,0,8,4268,naive,M,3,4286,54,4340,13020,4340,online_verify_reconstruction_units,46,94.34782608695652,9
3,10,PRIME_MERSENNE_61,2305843009213693951,prss_commit_seed_naive,commit,total,fold_before,0,8,4268,naive,M,3,4286,54,4340,13020,13020,online_verify_reconstruction_units,138,94.34782608695652,9
3,10,PRIME_MERSENNE_61,2305843009213693951,prss_commit_seed_dpss,commit,per_party,fold_before,0,8,4268,dpss,M_squared,9,4286,162,4448,13344,4448,online_verify_reconstruction_units,46,96.69565217391305,9
3,10,PRIME_MERSENNE_61,2305843009213693951,prss_commit_seed_dpss,commit,total,fold_before,0,8,4268,dpss,M_squared,9,4286,162,4448,13344,13344,online_verify_reconstruction_units,138,96.69565217391305,9
3,10,PRIME_MERSENNE_61,2305843009213693951,prss_commit_seed_naive,commit,per_party,fold_before,0,8,4268,naive,M_squared,9,4286,162,4448,13344,4448,online_verify_reconstruction_units,46,96.69565217391305,9
3,10,PRIME_MERSENNE_61,2305843009213693951,prss_commit_seed_naive,commit,total,fold_before,0,8,4268,naive,M_squared,9,4286,162,4448,13344,13344,online_verify_reconstruction_units,138,96.69565217391305,9
3,10,PRIME_MERSENNE_61,2305843009213693951,prss_dispute,dispute,per_party,fold_before,0,8,4268,none,none,0,4304,0,4304,12912,4304,online_verify_reconstruction_units,46,93.56521739130434,9
3,10,PRIME_MERSENNE_61,2305843009213693951,prss_dispute,dispute,total,fold_before,0,8,4268,none,none,0,4304,0,4304,12912,12912,online_verify_reconstruction_units,138,93.56521739130434,9
3,10,PRIME_MERSENNE_61,2305843009213693951,prss_dispute_seed_dpss,dispute,per_party,fold_before,0,8,4268,dpss,one,1,4304,90,4394,13182,4394,online_verify_reconstruction_units,46,95.52173913043478,9
3,10,PRIME_MERSENNE_61,2305843009213693951,prss_dispute_seed_dpss,dispute,total,fold_before,0,8,4268,dpss,one,1,4304,90,4394,13182,13182,online_verify_reconstruction_units,138,95.52173913043478,9
3,10,PRIME_MERSENNE_61,2305843009213693951,prss_dispute_seed_naive,dispute,per_party,fold_before,0,8,4268,naive,one,1,4304,18,4322,12966,4322,online_verify_reconstruction_units,46,93.95652173913044,9
3,10,PRIME_MERSENNE_61,2305843009213693951,prss_dispute_seed_naive,dispute,total,fold_before,0,8,4268,naive,one,1,4304,18,4322,12966,12966,online_verify_reconstruction_units,138,93.95652173913044,9
3,10,PRIME_MERSENNE_61,2305843009213693951,prss_dispute_seed_dpss,dispute,per_party,fold_before,0,8,4268,dpss,M,3,4304,108,4412,13236,4412,online_verify_reconstruction_units,46,95.91304347826087,9
3,10,PRIME_MERSENNE_61,2305843009213693951,prss_dispute_seed_dpss,dispute,total,fold_before,0,8,4268,dpss,M,3,4304,108,4412,13236,13236,online_verify_reconstruction_units,138,95.91304347826087,9
3,10,PRIME_MERSENNE_61,2305843009213693951,prss_dispute_seed_naive,dispute,per_party,fold_before,0,8,4268,naive,M,3,4304,54,4358,13074,4358,online_verify_reconstruction_units,46,94.73913043478261,9
3,10,PRIME_MERSENNE_61,2305843009213693951,prss_dispute_seed_naive,dispute,total,fold_before,0,8,4268,naive,M,3,4304,54,4358,13074,13074,online_verify_reconstruction_units,138,94.73913043478261,9
3,10,PRIME_MERSENNE_61,2305843009213693951,prss_dispute_seed_dpss,dispute,per_party,fold_before,0,8,4268,dpss,M_squared,9,4304,162,4466,13398,4466,online_verify_reconstruction_units,46,97.08695652173913,9
3,10,PRIME_MERSENNE_61,2305843009213693951,prss_dispute_seed_dpss,dispute,total,fold_before,0,8,4268,dpss,M_squared,9,4304,162,4466,13398,13398,online_verify_reconstruction_units,138,97.08695652173913,9
3,10,PRIME_MERSENNE_61,2305843009213693951,prss_dispute_seed_naive,dispute,per_party,fold_before,0,8,4268,naive,M_squared,9,4304,162,4466,13398,4466,online_verify_reconstruction_units,46,97.08695652173913,9
3,10,PRIME_MERSENNE_61,2305843009213693951,prss_dispute_seed_naive,dispute,total,fold_before,0,8,4268,naive,M_squared,9,4304,162,4466,13398,13398,online_verify_reconstruction_units,138,97.08695652173913,9
5,10,PRIME_MERSENNE_61,2305843009213693951,naive,n/a,per_party,fold_after,1,9,2197,none,none,0,8788,0,8788,43940,8788,online_verify_reconstruction_units,46,191.04347826086956,9
5,10,PRIME_MERSENNE_61,2305843009213693951,naive,n/a,total,fold_after,1,9,2197,none,none,0,8788,0,8788,43940,43940,online_verify_reconstruction_units,230,191.04347826086956,9
5,10,PRIME_MERSENNE_61,2305843009213693951,dpss_model,n/a,per_party,fold_after,1,9,2197,none,none,0,2422,0,2422,12110,2422,online_verify_reconstruction_units,46,52.65217391304348,9
5,10,PRIME_MERSENNE_61,2305843009213693951,dpss_model,n/a,total,fold_after,1,9,2197,none,none,0,2422,0,2422,12110,12110,online_verify_reconstruction_units,230,52.65217391304348,9
5,10,PRIME_MERSENNE_61,2305843009213693951,full_mask,n/a,per_party,fold_after,1,9,297,none,none,0,1188,0,1188,5940,1188,online_verify_reconstruction_units,46,25.82608695652174,9
5,10,PRIME_MERSENNE_61,2305843009213693951,full_mask,n/a,total,fold_after,1,9,297,none,none,0,1188,0,1188,5940,5940,online_verify_reconstruction_units,230,25.82608695652174,9
5,10,PRIME_MERSENNE_61,2305843009213693951,kernel_mask,n/a,per_party,fold_after,1,9,153,none,none,0,612,0,612,3060,612,online_verify_reconstruction_units,46,13.304347826086957,9
5,10,PRIME_MERSENNE_61,2305843009213693951,kernel_mask,n/a,total,fold_after,1,9,153,none,none,0,612,0,612,3060,3060,online_verify_reconstruction_units,230,13.304347826086957,9
5,10,PRIME_MERSENNE_61,2305843009213693951,prss_local,local,per_party,fold_after,1,9,2197,none,none,0,2197,0,2197,10985,2197,online_verify_reconstruction_units,46,47.76086956521739,9
5,10,PRIME_MERSENNE_61,2305843009213693951,prss_local,local,total,fold_after,1,9,2197,none,none,0,2197,0,2197,10985,10985,online_verify_reconstruction_units,230,47.76086956521739,9
5,10,PRIME_MERSENNE_61,2305843009213693951,prss_local_seed_dpss,local,per_party,fold_after,1,9,2197,dpss,one,1,2197,234,2431,12155,2431,online_verify_reconstruction_units,46,52.84782608695652,9
5,10,PRIME_MERSENNE_61,2305843009213693951,prss_local_seed_dpss,local,total,fold_after,1,9,2197,dpss,one,1,2197,234,2431,12155,12155,online_verify_reconstruction_units,230,52.84782608695652,9
5,10,PRIME_MERSENNE_61,2305843009213693951,prss_local_seed_naive,local,per_party,fold_after,1,9,2197,naive,one,1,2197,36,2233,11165,2233,online_verify_reconstruction_units,46,48.54347826086956,9
5,10,PRIME_MERSENNE_61,2305843009213693951,prss_local_seed_naive,local,total,fold_after,1,9,2197,naive,one,1,2197,36,2233,11165,11165,online_verify_reconstruction_units,230,48.54347826086956,9
5,10,PRIME_MERSENNE_61,2305843009213693951,prss_local_seed_dpss,local,per_party,fold_after,1,9,2197,dpss,M,5,2197,270,2467,12335,2467,online_verify_reconstruction_units,46,53.630434782608695,9
5,10,PRIME_MERSENNE_61,2305843009213693951,prss_local_seed_dpss,local,total,fold_after,1,9,2197,dpss,M,5,2197,270,2467,12335,12335,online_verify_reconstruction_units,230,53.630434782608695,9
5,10,PRIME_MERSENNE_61,2305843009213693951,prss_local_seed_naive,local,per_party,fold_after,1,9,2197,naive,M,5,2197,180,2377,11885,2377,online_verify_reconstruction_units,46,51.67391304347826,9
5,10,PRIME_MERSENNE_61,2305843009213693951,prss_local_seed_naive,local,total,fold_after,1,9,2197,naive,M,5,2197,180,2377,11885,11885,online_verify_reconstruction_units,230,51.67391304347826,9
5,10,PRIME_MERSENNE_61,2305843009213693951,prss_local_seed_dpss,local,per_party,fold_after,1,9,2197,dpss,M_squared,25,2197,450,2647,13235,2647,online_verify_reconstruction_units,46,57.54347826086956,9
5,10,PRIME_MERSENNE_61,2305843009213693951,prss_local_seed_dpss,local,total,fold_after,1,9,2197,dpss,M_squared,25,2197,450,2647,13235,13235,online_verify_reconstruction_units,230,57.54347826086956,9
5,10,PRIME_MERSENNE_61,2305843009213693951,prss_local_seed_naive,local,per_party,fold_after,1,9,2197,naive,M_squared,25,2197,900,3097,15485,3097,online_verify_reconstruction_units,46,67.32608695652173,9
5,10,PRIME_MERSENNE_61,2305843009213693951,prss_local_seed_naive,local,total,fold_after,1,9,2197,naive,M_squared,25,2197,900,3097,15485,15485,online_verify_reconstruction_units,230,67.32608695652173,9
5,10,PRIME_MERSENNE_61,2305843009213693951,prss_commit,commit,per_party,fold_after,1,9,2197,none,none,0,2233,0,2233,11165,2233,online_verify_reconstruction_units,46,48.54347826086956,9
5,10,PRIME_MERSENNE_61,2305843009213693951,prss_commit,commit,total,fold_after,1,9,2197,none,none,0,2233,0,2233,11165,11165,online_verify_reconstruction_units,230,48.54347826086956,9
5,10,PRIME_MERSENNE_61,2305843009213693951,prss_commit_seed_dpss,commit,per_party,fold_after,1,9,2197,dpss,one,1,2233,234,2467,12335,2467,online_verify_reconstruction_units,46,53.630434782608695,9
5,10,PRIME_MERSENNE_61,2305843009213693951,prss_commit_seed_dpss,commit,total,fold_after,1,9,2197,dpss,one,1,2233,234,2467,12335,12335,online_verify_reconstruction_units,230,53.630434782608695,9
5,10,PRIME_MERSENNE_61,2305843009213693951,prss_commit_seed_naive,commit,per_party,fold_after,1,9,2197,naive,one,1,2233,36,2269,11345,2269,online_verify_reconstruction_units,46,49.32608695652174,9
5,10,PRIME_MERSENNE_61,2305843009213693951,prss_commit_seed_naive,commit,total,fold_after,1,9,2197,naive,one,1,2233,36,2269,11345,11345,online_verify_reconstruction_units,230,49.32608695652174,9
5,10,PRIME_MERSENNE_61,2305843009213693951,prss_commit_seed_dpss,commit,per_party,fold_after,1,9,2197,dpss,M,5,2233,270,2503,12515,2503,online_verify_reconstruction_units,46,54.41304347826087,9
5,10,PRIME_MERSENNE_61,2305843009213693951,prss_commit_seed_dpss,commit,total,fold_after,1,9,2197,dpss,M,5,2233,270,2503,12515,12515,online_verify_reconstruction_units,230,54.41304347826087,9
5,10,PRIME_MERSENNE_61,2305843009213693951,prss_commit_seed_naive,commit,per_party,fold_after,1,9,2197,naive,M,5,2233,180,2413,12065,2413,online_verify_reconstruction_units,46,52.45652173913044,9
5,10,PRIME_MERSENNE_61,2305843009213693951,prss_commit_seed_naive,commit,total,fold_after,1,9,2197,naive,M,5,2233,180,2413,12065,12065,online_verify_reconstruction_units,230,52.45652173913044,9
5,10,PRIME_MERSENNE_61,2305843009213693951,prss_commit_seed_dpss,commit,per_party,fold_after,1,9,2197,dpss,M_squared,25,2233,450,2683,13415,2683,online_verify_reconstruction_units,46,58.32608695652174,9
5,10,PRIME_MERSENNE_61,2305843009213693951,prss_commit_seed_dpss,commit,total,fold_after,1,9,2197,dpss,M_squared,25,2233,450,2683,13415,13415,online_verify_reconstruction_units,230,58.32608695652174,9
5,10,PRIME_MERSENNE_61,2305843009213693951,prss_commit_seed_naive,commit,per_party,fold_after,1,9,2197,naive,M_squared,25,2233,900,3133,15665,3133,online_verify_reconstruction_units,46,68.1086956521739,9
5,10,PRIME_MERSENNE_61,2305843009213693951,prss_commit_seed_naive,commit,total,fold_after,1,9,2197,naive,M_squared,25,2233,900,3133,15665,15665,online_verify_reconstruction_units,230,68.1086956521739,9
5,10,PRIME_MERSENNE_61,2305843009213693951,prss_dispute,dispute,per_party,fold_after,1,9,2197,none,none,0,2305,0,2305,11525,2305,online_verify_reconstruction_units,46,50.108695652173914,9
5,10,PRIME_MERSENNE_61,2305843009213693951,prss_dispute,dispute,total,fold_after,1,9,2197,none,none,0,2305,0,2305,11525,11525,online_verify_reconstruction_units,230,50.108695652173914,9
5,10,PRIME_MERSENNE_61,2305843009213693951,prss_dispute_seed_dpss,dispute,per_party,fold_after,1,9,2197,dpss,one,1,2305,234,2539,12695,2539,online_verify_reconstruction_units,46,55.19565217391305,9
5,10,PRIME_MERSENNE_61,2305843009213693951,prss_dispute_seed_dpss,dispute,total,fold_after,1,9,2197,dpss,one,1,2305,234,2539,12695,12695,online_verify_reconstruction_units,230,55.19565217391305,9
5,10,PRIME_MERSENNE_61,2305843009213693951,prss_dispute_seed_naive,dispute,per_party,fold_after,1,9,2197,naive,one,1,2305,36,2341,11705,2341,online_verify_reconstruction_units,46,50.891304347826086,9
5,10,PRIME_MERSENNE_61,2305843009213693951,prss_dispute_seed_naive,dispute,total,fold_after,1,9,2197,naive,one,1,2305,36,2341,11705,11705,online_verify_reconstruction_units,230,50.891304347826086,9
5,10,PRIME_MERSENNE_61,2305843009213693951,prss_dispute_seed_dpss,dispute,per_party,fold_after,1,9,2197,dpss,M,5,2305,270,2575,12875,2575,online_verify_reconstruction_units,46,55.97826086956522,9
5,10,PRIME_MERSENNE_61,2305843009213693951,prss_dispute_seed_dpss,dispute,total,fold_after,1,9,2197,dpss,M,5,2305,270,2575,12875,12875,online_verify_reconstruction_units,230,55.97826086956522,9
5,10,PRIME_MERSENNE_61,2305843009213693951,prss_dispute_seed_naive,dispute,per_party,fold_after,1,9,2197,naive,M,5,2305,180,2485,12425,2485,online_verify_reconstruction_units,46,54.02173913043478,9
5,10,PRIME_MERSENNE_61,2305843009213693951,prss_dispute_seed_naive,dispute,total,fold_after,1,9,2197,naive,M,5,2305,180,2485,12425,12425,online_verify_reconstruction_units,230,54.02173913043478,9
5,10,PRIME_MERSENNE_61,2305843009213693951,prss_dispute_seed_dpss,dispute,per_party,fold_after,1,9,2197,dpss,M_squared,25,2305,450,2755,13775,2755,online_verify_reconstruction_units,46,59.891304347826086,9
5,10,PRIME_MERSENNE_61,2305843009213693951,prss_dispute_seed_dpss,dispute,total,fold_after,1,9,2197,dpss,M_squared,25,2305,450,2755,13775,13775,online_verify_reconstruction_units,230,59.891304347826086,9
5,10,PRIME_MERSENNE_61,2305843009213693951,prss_dispute_seed_naive,dispute,per_party,fold_after,1,9,2197,naive,M_squared,25,2305,900,3205,16025,3205,online_verify_reconstruction_units,46,69.67391304347827,9
5,10,PRIME_MERSENNE_61,2305843009213693951,prss_dispute_seed_naive,dispute,total,fold_after,1,9,2197,naive,M_squared,25,2305,900,3205,16025,16025,online_verify_reconstruction_units,230,69.67391304347827,9
5,10,PRIME_MERSENNE_61,2305843009213693951,naive,n/a,per_party,fold_before,0,8,4268,none,none,0,17072,0,17072,85360,17072,online_verify_reconstruction_units,46,371.1304347826087,9
5,10,PRIME_MERSENNE_61,2305843009213693951,naive,n/a,total,fold_before,0,8,4268,none,none,0,17072,0,17072,85360,85360,online_verify_reconstruction_units,230,371.1304347826087,9
5,10,PRIME_MERSENNE_61,2305843009213693951,dpss_model,n/a,per_party,fold_before,0,8,4268,none,none,0,4493,0,4493,22465,4493,online_verify_reconstruction_units,46,97.67391304347827,9
5,10,PRIME_MERSENNE_61,2305843009213693951,dpss_model,n/a,total,fold_before,0,8,4268,none,none,0,4493,0,4493,22465,22465,online_verify_reconstruction_units,230,97.67391304347827,9
5,10,PRIME_MERSENNE_61,2305843009213693951,full_mask,n/a,per_party,fold_before,0,8,297,none,none,0,1188,0,1188,5940,1188,online_verify_reconstruction_units,46,25.82608695652174,9
5,10,PRIME_MERSENNE_61,2305843009213693951,full_mask,n/a,total,fold_before,0,8,297,none,none,0,1188,0,1188,5940,5940,online_verify_reconstruction_units,230,25.82608695652174,9
5,10,PRIME_MERSENNE_61,2305843009213693951,kernel_mask,n/a,per_party,fold_before,0,8,180,none,none,0,720,0,720,3600,720,online_verify_reconstruction_units,46,15.652173913043478,9
5,10,PRIME_MERSENNE_61,2305843009213693951,kernel_mask,n/a,total,fold_before,0,8,180,none,none,0,720,0,720,3600,3600,online_verify_reconstruction_units,230,15.652173913043478,9
5,10,PRIME_MERSENNE_61,2305843009213693951,prss_local,local,per_party,fold_before,0,8,4268,none,none,0,4268,0,4268,21340,4268,online_verify_reconstruction_units,46,92.78260869565217,9
5,10,PRIME_MERSENNE_61,2305843009213693951,prss_local,local,total,fold_before,0,8,4268,none,none,0,4268,0,4268,21340,21340,online_verify_reconstruction_units,230,92.78260869565217,9
5,10,PRIME_MERSENNE_61,2305843009213693951,prss_local_seed_dpss,local,per_party,fold_before,0,8,4268,dpss,one,1,4268,234,4502,22510,4502,online_verify_reconstruction_units,46,97.8695652173913,9
5,10,PRIME_MERSENNE_61,2305843009213693951,prss_local_seed_dpss,local,total,fold_before,0,8,4268,dpss,one,1,4268,234,4502,22510,22510,online_verify_reconstruction_units,230,97.8695652173913,9
5,10,PRIME_MERSENNE_61,2305843009213693951,prss_local_seed_naive,local,per_party,fold_before,0,8,4268,naive,one,1,4268,36,4304,21520,4304,online_verify_reconstruction_units,46,93.56521739130434,9
5,10,PRIME_MERSENNE_61,2305843009213693951,prss_local_seed_naive,local,total,fold_before,0,8,4268,naive,one,1,4268,36,4304,21520,21520,online_verify_reconstruction_units,230,93.56521739130434,9
5,10,PRIME_MERSENNE_61,2305843009213693951,prss_local_seed_dpss,local,per_party,fold_before,0,8,4268,dpss,M,5,4268,270,4538,22690,4538,online_verify_reconstruction_units,46,98.65217391304348,9
5,10,PRIME_MERSENNE_61,2305843009213693951,prss_local_seed_dpss,local,total,fold_before,0,8,4268,dpss,M,5,4268,270,4538,22690,22690,online_verify_reconstruction_units,230,98.65217391304348,9
5,10,PRIME_MERSENNE_61,2305843009213693951,prss_local_seed_naive,local,per_party,fold_before,0,8,4268,naive,M,5,4268,180,4448,22240,4448,online_verify_reconstruction_units,46,96.69565217391305,9
5,10,PRIME_MERSENNE_61,2305843009213693951,prss_local_seed_naive,local,total,fold_before,0,8,4268,naive,M,5,4268,180,4448,22240,22240,online_verify_reconstruction_units,230,96.69565217391305,9
5,10,PRIME_MERSENNE_61,2305843009213693951,prss_local_seed_dpss,local,per_party,fold_before,0,8,4268,dpss,M_squared,25,4268,450,4718,23590,4718,online_verify_reconstruction_units,46,102.56521739130434,9
5,10,PRIME_MERSENNE_61,2305843009213693951,prss_local_seed_dpss,local,total,fold_before,0,8,4268,dpss,M_squared,25,4268,450,4718,23590,23590,online_verify_reconstruction_units,230,102.56521739130434,9
5,10,PRIME_MERSENNE_61,2305843009213693951,prss_local_seed_naive,local,per_party,fold_before,0,8,4268,naive,M_squared,25,4268,900,5168,25840,5168,online_verify_reconstruction_units,46,112.34782608695652,9
5,10,PRIME_MERSENNE_61,2305843009213693951,prss_local_seed_naive,local,total,fold_before,0,8,4268,naive,M_squared,25,4268,900,5168,25840,25840,online_verify_reconstruction_units,230,112.34782608695652,9
5,10,PRIME_MERSENNE_61,2305843009213693951,prss_commit,commit,per_party,fold_before,0,8,4268,none,none,0,4304,0,4304,21520,4304,online_verify_reconstruction_units,46,93.56521739130434,9
5,10,PRIME_MERSENNE_61,2305843009213693951,prss_commit,commit,total,fold_before,0,8,4268,none,none,0,4304,0,4304,21520,21520,online_verify_reconstruction_units,230,93.56521739130434,9
5,10,PRIME_MERSENNE_61,2305843009213693951,prss_commit_seed_dpss,commit,per_party,fold_before,0,8,4268,dpss,one,1,4304,234,4538,22690,4538,online_verify_reconstruction_units,46,98.65217391304348,9
5,10,PRIME_MERSENNE_61,2305843009213693951,prss_commit_seed_dpss,commit,total,fold_before,0,8,4268,dpss,one,1,4304,234,4538,22690,22690,online_verify_reconstruction_units,230,98.65217391304348,9
5,10,PRIME_MERSENNE_61,2305843009213693951,prss_commit_seed_naive,commit,per_party,fold_before,0,8,4268,naive,one,1,4304,36,4340,21700,4340,online_verify_reconstruction_units,46,94.34782608695652,9
5,10,PRIME_MERSENNE_61,2305843009213693951,prss_commit_seed_naive,commit,total,fold_before,0,8,4268,naive,one,1,4304,36,4340,21700,21700,online_verify_reconstruction_units,230,94.34782608695652,9
5,10,PRIME_MERSENNE_61,2305843009213693951,prss_commit_seed_dpss,commit,per_party,fold_before,0,8,4268,dpss,M,5,4304,270,4574,22870,4574,online_verify_reconstruction_units,46,99.43478260869566,9
5,10,PRIME_MERSENNE_61,2305843009213693951,prss_commit_seed_dpss,commit,total,fold_before,0,8,4268,dpss,M,5,4304,270,4574,22870,22870,online_verify_reconstruction_units,230,99.43478260869566,9
5,10,PRIME_MERSENNE_61,2305843009213693951,prss_commit_seed_naive,commit,per_party,fold_before,0,8,4268,naive,M,5,4304,180,4484,22420,4484,online_verify_reconstruction_units,46,97.47826086956522,9
5,10,PRIME_MERSENNE_61,2305843009213693951,prss_commit_seed_naive,commit,total,fold_before,0,8,4268,naive,M,5,4304,180,4484,22420,22420,online_verify_reconstruction_units,230,97.47826086956522,9
5,10,PRIME_MERSENNE_61,2305843009213693951,prss_commit_seed_dpss,commit,per_party,fold_before,0,8,4268,dpss,M_squared,25,4304,450,4754,23770,4754,online_verify_reconstruction_units,46,103.34782608695652,9
5,10,PRIME_MERSENNE_61,2305843009213693951,prss_commit_seed_dpss,commit,total,fold_before,0,8,4268,dpss,M_squared,25,4304,450,4754,23770,23770,online_verify_reconstruction_units,230,103.34782608695652,9
5,10,PRIME_MERSENNE_61,2305843009213693951,prss_commit_seed_naive,commit,per_party,fold_before,0,8,4268,naive,M_squared,25,4304,900,5204,26020,5204,online_verify_reconstruction_units,46,113.1304347826087,9
5,10,PRIME_MERSENNE_61,2305843009213693951,prss_commit_seed_naive,commit,total,fold_before,0,8,4268,naive,M_squared,25,4304,900,5204,26020,26020,online_verify_reconstruction_units,230,113.1304347826087,9
5,10,PRIME_MERSENNE_61,2305843009213693951,prss_dispute,dispute,per_party,fold_before,0,8,4268,none,none,0,4376,0,4376,21880,4376,online_verify_reconstruction_units,46,95.1304347826087,9
5,10,PRIME_MERSENNE_61,2305843009213693951,prss_dispute,dispute,total,fold_before,0,8,4268,none,none,0,4376,0,4376,21880,21880,online_verify_reconstruction_units,230,95.1304347826087,9
5,10,PRIME_MERSENNE_61,2305843009213693951,prss_dispute_seed_dpss,dispute,per_party,fold_before,0,8,4268,dpss,one,1,4376,234,4610,23050,4610,online_verify_reconstruction_units,46,100.21739130434783,9
5,10,PRIME_MERSENNE_61,2305843009213693951,prss_dispute_seed_dpss,dispute,total,fold_before,0,8,4268,dpss,one,1,4376,234,4610,23050,23050,online_verify_reconstruction_units,230,100.21739130434783,9
5,10,PRIME_MERSENNE_61,2305843009213693951,prss_dispute_seed_naive,dispute,per_party,fold_before,0,8,4268,naive,one,1,4376,36,4412,22060,4412,online_verify_reconstruction_units,46,95.91304347826087,9
5,10,PRIME_MERSENNE_61,2305843009213693951,prss_dispute_seed_naive,dispute,total,fold_before,0,8,4268,naive,one,1,4376,36,4412,22060,22060,online_verify_reconstruction_units,230,95.91304347826087,9
5,10,PRIME_MERSENNE_61,2305843009213693951,prss_dispute_seed_dpss,dispute,per_party,fold_before,0,8,4268,dpss,M,5,4376,270,4646,23230,4646,online_verify_reconstruction_units,46,101.0,9
5,10,PRIME_MERSENNE_61,2305843009213693951,prss_dispute_seed_dpss,dispute,total,fold_before,0,8,4268,dpss,M,5,4376,270,4646,23230,23230,online_verify_reconstruction_units,230,101.0,9
5,10,PRIME_MERSENNE_61,2305843009213693951,prss_dispute_seed_naive,dispute,per_party,fold_before,0,8,4268,naive,M,5,4376,180,4556,22780,4556,online_verify_reconstruction_units,46,99.04347826086956,9
5,10,PRIME_MERSENNE_61,2305843009213693951,prss_dispute_seed_naive,dispute,total,fold_before,0,8,4268,naive,M,5,4376,180,4556,22780,22780,online_verify_reconstruction_units,230,99.04347826086956,9
5,10,PRIME_MERSENNE_61,2305843009213693951,prss_dispute_seed_dpss,dispute,per_party,fold_before,0,8,4268,dpss,M_squared,25,4376,450,4826,24130,4826,online_verify_reconstruction_units,46,104.91304347826087,9
5,10,PRIME_MERSENNE_61,2305843009213693951,prss_dispute_seed_dpss,dispute,total,fold_before,0,8,4268,dpss,M_squared,25,4376,450,4826,24130,24130,online_verify_reconstruction_units,230,104.91304347826087,9
5,10,PRIME_MERSENNE_61,2305843009213693951,prss_dispute_seed_naive,dispute,per_party,fold_before,0,8,4268,naive,M_squared,25,4376,900,5276,26380,5276,online_verify_reconstruction_units,46,114.69565217391305,9
5,10,PRIME_MERSENNE_61,2305843009213693951,prss_dispute_seed_naive,dispute,total,fold_before,0,8,4268,naive,M_squared,25,4376,900,5276,26380,26380,online_verify_reconstruction_units,230,114.69565217391305,9
7,10,PRIME_MERSENNE_61,2305843009213693951,naive,n/a,per_party,fold_after,1,9,2197,none,none,0,13182,0,13182,92274,13182,online_verify_reconstruction_units,46,286.5652173913044,9
7,10,PRIME_MERSENNE_61,2305843009213693951,naive,n/a,total,fold_after,1,9,2197,none,none,0,13182,0,13182,92274,92274,online_verify_reconstruction_units,322,286.5652173913044,9
7,10,PRIME_MERSENNE_61,2305843009213693951,dpss_model,n/a,per_party,fold_after,1,9,2197,none,none,0,2638,0,2638,18466,2638,online_verify_reconstruction_units,46,57.34782608695652,9
7,10,PRIME_MERSENNE_61,2305843009213693951,dpss_model,n/a,total,fold_after,1,9,2197,none,none,0,2638,0,2638,18466,18466,online_verify_reconstruction_units,322,57.34782608695652,9
7,10,PRIME_MERSENNE_61,2305843009213693951,full_mask,n/a,per_party,fold_after,1,9,297,none,none,0,1782,0,1782,12474,1782,online_verify_reconstruction_units,46,38.73913043478261,9
7,10,PRIME_MERSENNE_61,2305843009213693951,full_mask,n/a,total,fold_after,1,9,297,none,none,0,1782,0,1782,12474,12474,online_verify_reconstruction_units,322,38.73913043478261,9
7,10,PRIME_MERSENNE_61,2305843009213693951,kernel_mask,n/a,per_party,fold_after,1,9,153,none,none,0,918,0,918,6426,918,online_verify_reconstruction_units,46,19.956521739130434,9
7,10,PRIME_MERSENNE_61,2305843009213693951,kernel_mask,n/a,total,fold_after,1,9,153,none,none,0,918,0,918,6426,6426,online_verify_reconstruction_units,322,19.956521739130434,9
7,10,PRIME_MERSENNE_61,2305843009213693951,prss_local,local,per_party,fold_after,1,9,2197,none,none,0,2197,0,2197,15379,2197,online_verify_reconstruction_units,46,47.76086956521739,9
7,10,PRIME_MERSENNE_61,2305843009213693951,prss_local,local,total,fold_after,1,9,2197,none,none,0,2197,0,2197,15379,15379,online_verify_reconstruction_units,322,47.76086956521739,9
7,10,PRIME_MERSENNE_61,2305843009213693951,prss_local_seed_dpss,local,per_party,fold_after,1,9,2197,dpss,one,1,2197,450,2647,18529,2647,online_verify_reconstruction_units,46,57.54347826086956,9
7,10,PRIME_MERSENNE_61,2305843009213693951,prss_local_seed_dpss,local,total,fold_after,1,9,2197,dpss,one,1,2197,450,2647,18529,18529,online_verify_reconstruction_units,322,57.54347826086956,9
7,10,PRIME_MERSENNE_61,2305843009213693951,prss_local_seed_naive,local,per_party,fold_after,1,9,2197,naive,one,1,2197,54,2251,15757,2251,online_verify_reconstruction_units,46,48.93478260869565,9
7,10,PRIME_MERSENNE_61,2305843009213693951,prss_local_seed_naive,local,total,fold_after,1,9,2197,naive,one,1,2197,54,2251,15757,15757,online_verify_reconstruction_units,322,48.93478260869565,9
7,10,PRIME_MERSENNE_61,2305843009213693951,prss_local_seed_dpss,local,per_party,fold_after,1,9,2197,dpss,M,7,2197,504,2701,18907,2701,online_verify_reconstruction_units,46,58.71739130434783,9
7,10,PRIME_MERSENNE_61,2305843009213693951,prss_local_seed_dpss,local,total,fold_after,1,9,2197,dpss,M,7,2197,504,2701,18907,18907,online_verify_reconstruction_units,322,58.71739130434783,9
7,10,PRIME_MERSENNE_61,2305843009213693951,prss_local_seed_naive,local,per_party,fold_after,1,9,2197,naive,M,7,2197,378,2575,18025,2575,online_verify_reconstruction_units,46,55.97826086956522,9
7,10,PRIME_MERSENNE_61,2305843009213693951,prss_local_seed_naive,local,total,fold_after,1,9,2197,naive,M,7,2197,378,2575,18025,18025,online_verify_reconstruction_units,322,55.97826086956522,9
7,10,PRIME_MERSENNE_61,2305843009213693951,prss_local_seed_dpss,local,per_party,fold_after,1,9,2197,dpss,M_squared,49,2197,882,3079,21553,3079,online_verify_reconstruction_units,46,66.93478260869566,9
7,10,PRIME_MERSENNE_61,2305843009213693951,prss_local_seed_dpss,local,total,fold_after,1,9,2197,dpss,M_squared,49,2197,882,3079,21553,21553,online_verify_reconstruction_units,322,66.93478260869566,9
7,10,PRIME_MERSENNE_61,2305843009213693951,prss_local_seed_naive,local,per_party,fold_after,1,9,2197,naive,M_squared,49,2197,2646,4843,33901,4843,online_verify_reconstruction_units,46,105.28260869565217,9
7,10,PRIME_MERSENNE_61,2305843009213693951,prss_local_seed_naive,local,total,fold_after,1,9,2197,naive,M_squared,49,2197,2646,4843,33901,33901,online_verify_reconstruction_units,322,105.28260869565217,9
7,10,PRIME_MERSENNE_61,2305843009213693951,prss_commit,commit,per_party,fold_after,1,9,2197,none,none,0,2251,0,2251,15757,2251,online_verify_reconstruction_units,46,48.93478260869565,9
7,10,PRIME_MERSENNE_61,2305843009213693951,prss_commit,commit,total,fold_after,1,9,2197,none,none,0,2251,0,2251,15757,15757,online_verify_reconstruction_units,322,48.93478260869565,9
7,10,PRIME_MERSENNE_61,2305843009213693951,prss_commit_seed_dpss,commit,per_party,fold_after,1,9,2197,dpss,one,1,2251,450,2701,18907,2701,online_verify_reconstruction_units,46,58.71739130434783,9
7,10,PRIME_MERSENNE_61,2305843009213693951,prss_commit_seed_dpss,commit,total,fold_after,1,9,2197,dpss,one,1,2251,450,2701,18907,18907,online_verify_reconstruction_units,322,58.71739130434783,9
7,10,PRIME_MERSENNE_61,2305843009213693951,prss_commit_seed_naive,commit,per_party,fold_after,1,9,2197,naive,one,1,2251,54,2305,16135,2305,online_verify_reconstruction_units,46,50.108695652173914,9
7,10,PRIME_MERSENNE_61,2305843009213693951,prss_commit_seed_naive,commit,total,fold_after,1,9,2197,naive,one,1,2251,54,2305,16135,16135,online_verify_reconstruction_units,322,50.108695652173914,9
7,10,PRIME_MERSENNE_61,2305843009213693951,prss_commit_seed_dpss,commit,per_party,fold_after,1,9,2197,dpss,M,7,2251,504,2755,19285,2755,online_verify_reconstruction_units,46,59.891304347826086,9
7,10,PRIME_MERSENNE_61,2305843009213693951,prss_commit_seed_dpss,commit,total,fold_after,1,9,2197,dpss,M,7,2251,504,2755,19285,19285,online_verify_reconstruction_units,322,59.891304347826086,9
7,10,PRIME_MERSENNE_61,2305843009213693951,prss_commit_seed_naive,commit,per_party,fold_after,1,9,2197,naive,M,7,2251,378,2629,18403,2629,online_verify_reconstruction_units,46,57.15217391304348,9
7,10,PRIME_MERSENNE_61,2305843009213693951,prss_commit_seed_naive,commit,total,fold_after,1,9,2197,naive,M,7,2251,378,2629,18403,18403,online_verify_reconstruction_units,322,57.15217391304348,9
7,10,PRIME_MERSENNE_61,2305843009213693951,prss_commit_seed_dpss,commit,per_party,fold_after,1,9,2197,dpss,M_squared,49,2251,882,3133,21931,3133,online_verify_reconstruction_units,46,68.1086956521739,9
7,10,PRIME_MERSENNE_61,2305843009213693951,prss_commit_seed_dpss,commit,total,fold_after,1,9,2197,dpss,M_squared,49,2251,882,3133,21931,21931,online_verify_reconstruction_units,322,68.1086956521739,9
7,10,PRIME_MERSENNE_61,2305843009213693951,prss_commit_seed_naive,commit,per_party,fold_after,1,9,2197,naive,M_squared,49,2251,2646,4897,34279,4897,online_verify_reconstruction_units,46,106.45652173913044,9
7,10,PRIME_MERSENNE_61,2305843009213693951,prss_commit_seed_naive,commit,total,fold_after,1,9,2197,naive,M_squared,49,2251,2646,4897,34279,34279,online_verify_reconstruction_units,322,106.45652173913044,9
7,10,PRIME_MERSENNE_61,2305843009213693951,prss_dispute,dispute,per_party,fold_after,1,9,2197,none,none,0,2359,0,2359,16513,2359,online_verify_reconstruction_units,46,51.28260869565217,9
7,10,PRIME_MERSENNE_61,2305843009213693951,prss_dispute,dispute,total,fold_after,1,9,2197,none,none,0,2359,0,2359,16513,16513,online_verify_reconstruction_units,322,51.28260869565217,9
7,10,PRIME_MERSENNE_61,2305843009213693951,prss_dispute_seed_dpss,dispute,per_party,fold_after,1,9,2197,dpss,one,1,2359,450,2809,19663,2809,online_verify_reconstruction_units,46,61.06521739130435,9
7,10,PRIME_MERSENNE_61,2305843009213693951,prss_dispute_seed_dpss,dispute,total,fold_after,1,9,2197,dpss,one,1,2359,450,2809,19663,19663,online_verify_reconstruction_units,322,61.06521739130435,9
7,10,PRIME_MERSENNE_61,2305843009213693951,prss_dispute_seed_naive,dispute,per_party,fold_after,1,9,2197,naive,one,1,2359,54,2413,16891,2413,online_verify_reconstruction_units,46,52.45652173913044,9
7,10,PRIME_MERSENNE_61,2305843009213693951,prss_dispute_seed_naive,dispute,total,fold_after,1,9,2197,naive,one,1,2359,54,2413,16891,16891,online_verify_reconstruction_units,322,52.45652173913044,9
7,10,PRIME_MERSENNE_61,2305843009213693951,prss_dispute_seed_dpss,dispute,per_party,fold_after,1,9,2197,dpss,M,7,2359,504,2863,20041,2863,online_verify_reconstruction_units,46,62.23913043478261,9
7,10,PRIME_MERSENNE_61,2305843009213693951,prss_dispute_seed_dpss,dispute,total,fold_after,1,9,2197,dpss,M,7,2359,504,2863,20041,20041,online_verify_reconstruction_units,322,62.23913043478261,9
7,10,PRIME_MERSENNE_61,2305843009213693951,prss_dispute_seed_naive,dispute,per_party,fold_after,1,9,2197,naive,M,7,2359,378,2737,19159,2737,online_verify_reconstruction_units,46,59.5,9
7,10,PRIME_MERSENNE_61,2305843009213693951,prss_dispute_seed_naive,dispute,total,fold_after,1,9,2197,naive,M,7,2359,378,2737,19159,19159,online_verify_reconstruction_units,322,59.5,9
7,10,PRIME_MERSENNE_61,2305843009213693951,prss_dispute_seed_dpss,dispute,per_party,fold_after,1,9,2197,dpss,M_squared,49,2359,882,3241,22687,3241,online_verify_reconstruction_units,46,70.45652173913044,9
7,10,PRIME_MERSENNE_61,2305843009213693951,prss_dispute_seed_dpss,dispute,total,fold_after,1,9,2197,dpss,M_squared,49,2359,882,3241,22687,22687,online_verify_reconstruction_units,322,70.45652173913044,9
7,10,PRIME_MERSENNE_61,2305843009213693951,prss_dispute_seed_naive,dispute,per_party,fold_after,1,9,2197,naive,M_squared,49,2359,2646,5005,35035,5005,online_verify_reconstruction_units,46,108.80434782608695,9
7,10,PRIME_MERSENNE_61,2305843009213693951,prss_dispute_seed_naive,dispute,total,fold_after,1,9,2197,naive,M_squared,49,2359,2646,5005,35035,35035,online_verify_reconstruction_units,322,108.80434782608695,9
7,10,PRIME_MERSENNE_61,2305843009213693951,naive,n/a,per_party,fold_before,0,8,4268,none,none,0,25608,0,25608,179256,25608,online_verify_reconstruction_units,46,556.695652173913,9
7,10,PRIME_MERSENNE_61,2305843009213693951,naive,n/a,total,fold_before,0,8,4268,none,none,0,25608,0,25608,179256,179256,online_verify_reconstruction_units,322,556.695652173913,9
7,10,PRIME_MERSENNE_61,2305843009213693951,dpss_model,n/a,per_party,fold_before,0,8,4268,none,none,0,4709,0,4709,32963,4709,online_verify_reconstruction_units,46,102.3695652173913,9
7,10,PRIME_MERSENNE_61,2305843009213693951,dpss_model,n/a,total,fold_before,0,8,4268,none,none,0,4709,0,4709,32963,32963,online_verify_reconstruction_units,322,102.3695652173913,9
7,10,PRIME_MERSENNE_61,2305843009213693951,full_mask,n/a,per_party,fold_before,0,8,297,none,none,0,1782,0,1782,12474,1782,online_verify_reconstruction_units,46,38.73913043478261,9
7,10,PRIME_MERSENNE_61,2305843009213693951,full_mask,n/a,total,fold_before,0,8,297,none,none,0,1782,0,1782,12474,12474,online_verify_reconstruction_units,322,38.73913043478261,9
7,10,PRIME_MERSENNE_61,2305843009213693951,kernel_mask,n/a,per_party,fold_before,0,8,180,none,none,0,1080,0,1080,7560,1080,online_verify_reconstruction_units,46,23.47826086956522,9
7,10,PRIME_MERSENNE_61,2305843009213693951,kernel_mask,n/a,total,fold_before,0,8,180,none,none,0,1080,0,1080,7560,7560,online_verify_reconstruction_units,322,23.47826086956522,9
7,10,PRIME_MERSENNE_61,2305843009213693951,prss_local,local,per_party,fold_before,0,8,4268,none,none,0,4268,0,4268,29876,4268,online_verify_reconstruction_units,46,92.78260869565217,9
7,10,PRIME_MERSENNE_61,2305843009213693951,prss_local,local,total,fold_before,0,8,4268,none,none,0,4268,0,4268,29876,29876,online_verify_reconstruction_units,322,92.78260869565217,9
7,10,PRIME_MERSENNE_61,2305843009213693951,prss_local_seed_dpss,local,per_party,fold_before,0,8,4268,dpss,one,1,4268,450,4718,33026,4718,online_verify_reconstruction_units,46,102.56521739130434,9
7,10,PRIME_MERSENNE_61,2305843009213693951,prss_local_seed_dpss,local,total,fold_before,0,8,4268,dpss,one,1,4268,450,4718,33026,33026,online_verify_reconstruction_units,322,102.56521739130434,9
7,10,PRIME_MERSENNE_61,2305843009213693951,prss_local_seed_naive,local,per_party,fold_before,0,8,4268,naive,one,1,4268,54,4322,30254,4322,online_verify_reconstruction_units,46,93.95652173913044,9
7,10,PRIME_MERSENNE_61,2305843009213693951,prss_local_seed_naive,local,total,fold_before,0,8,4268,naive,one,1,4268,54,4322,30254,30254,online_verify_reconstruction_units,322,93.95652173913044,9
7,10,PRIME_MERSENNE_61,2305843009213693951,prss_local_seed_dpss,local,per_party,fold_before,0,8,4268,dpss,M,7,4268,504,4772,33404,4772,online_verify_reconstruction_units,46,103.73913043478261,9
7,10,PRIME_MERSENNE_61,2305843009213693951,prss_local_seed_dpss,local,total,fold_before,0,8,4268,dpss,M,7,4268,504,4772,33404,33404,online_verify_reconstruction_units,322,103.73913043478261,9
7,10,PRIME_MERSENNE_61,2305843009213693951,prss_local_seed_naive,local,per_party,fold_before,0,8,4268,naive,M,7,4268,378,4646,32522,4646,online_verify_reconstruction_units,46,101.0,9
7,10,PRIME_MERSENNE_61,2305843009213693951,prss_local_seed_naive,local,total,fold_before,0,8,4268,naive,M,7,4268,378,4646,32522,32522,online_verify_reconstruction_units,322,101.0,9
7,10,PRIME_MERSENNE_61,2305843009213693951,prss_local_seed_dpss,local,per_party,fold_before,0,8,4268,dpss,M_squared,49,4268,882,5150,36050,5150,online_verify_reconstruction_units,46,111.95652173913044,9
7,10,PRIME_MERSENNE_61,2305843009213693951,prss_local_seed_dpss,local,total,fold_before,0,8,4268,dpss,M_squared,49,4268,882,5150,36050,36050,online_verify_reconstruction_units,322,111.95652173913044,9
7,10,PRIME_MERSENNE_61,2305843009213693951,prss_local_seed_naive,local,per_party,fold_before,0,8,4268,naive,M_squared,49,4268,2646,6914,48398,6914,online_verify_reconstruction_units,46,150.30434782608697,9
7,10,PRIME_MERSENNE_61,2305843009213693951,prss_local_seed_naive,local,total,fold_before,0,8,4268,naive,M_squared,49,4268,2646,6914,48398,48398,online_verify_reconstruction_units,322,150.30434782608697,9
7,10,PRIME_MERSENNE_61,2305843009213693951,prss_commit,commit,per_party,fold_before,0,8,4268,none,none,0,4322,0,4322,30254,4322,online_verify_reconstruction_units,46,93.95652173913044,9
7,10,PRIME_MERSENNE_61,2305843009213693951,prss_commit,commit,total,fold_before,0,8,4268,none,none,0,4322,0,4322,30254,30254,online_verify_reconstruction_units,322,93.95652173913044,9
7,10,PRIME_MERSENNE_61,2305843009213693951,prss_commit_seed_dpss,commit,per_party,fold_before,0,8,4268,dpss,one,1,4322,450,4772,33404,4772,online_verify_reconstruction_units,46,103.73913043478261,9
7,10,PRIME_MERSENNE_61,2305843009213693951,prss_commit_seed_dpss,commit,total,fold_before,0,8,4268,dpss,one,1,4322,450,4772,33404,33404,online_verify_reconstruction_units,322,103.73913043478261,9
7,10,PRIME_MERSENNE_61,2305843009213693951,prss_commit_seed_naive,commit,per_party,fold_before,0,8,4268,naive,one,1,4322,54,4376,30632,4376,online_verify_reconstruction_units,46,95.1304347826087,9
7,10,PRIME_MERSENNE_61,2305843009213693951,prss_commit_seed_naive,commit,total,fold_before,0,8,4268,naive,one,1,4322,54,4376,30632,30632,online_verify_reconstruction_units,322,95.1304347826087,9
7,10,PRIME_MERSENNE_61,2305843009213693951,prss_commit_seed_dpss,commit,per_party,fold_before,0,8,4268,dpss,M,7,4322,504,4826,33782,4826,online_verify_reconstruction_units,46,104.91304347826087,9
7,10,PRIME_MERSENNE_61,2305843009213693951,prss_commit_seed_dpss,commit,total,fold_before,0,8,4268,dpss,M,7,4322,504,4826,33782,33782,online_verify_reconstruction_units,322,104.91304347826087,9
7,10,PRIME_MERSENNE_61,2305843009213693951,prss_commit_seed_naive,commit,per_party,fold_before,0,8,4268,naive,M,7,4322,378,4700,32900,4700,online_verify_reconstruction_units,46,102.17391304347827,9
7,10,PRIME_MERSENNE_61,2305843009213693951,prss_commit_seed_naive,commit,total,fold_before,0,8,4268,naive,M,7,4322,378,4700,32900,32900,online_verify_reconstruction_units,322,102.17391304347827,9
7,10,PRIME_MERSENNE_61,2305843009213693951,prss_commit_seed_dpss,commit,per_party,fold_before,0,8,4268,dpss,M_squared,49,4322,882,5204,36428,5204,online_verify_reconstruction_units,46,113.1304347826087,9
7,10,PRIME_MERSENNE_61,2305843009213693951,prss_commit_seed_dpss,commit,total,fold_before,0,8,4268,dpss,M_squared,49,4322,882,5204,36428,36428,online_verify_reconstruction_units,322,113.1304347826087,9
7,10,PRIME_MERSENNE_61,2305843009213693951,prss_commit_seed_naive,commit,per_party,fold_before,0,8,4268,naive,M_squared,49,4322,2646,6968,48776,6968,online_verify_reconstruction_units,46,151.47826086956522,9
7,10,PRIME_MERSENNE_61,2305843009213693951,prss_commit_seed_naive,commit,total,fold_before,0,8,4268,naive,M_squared,49,4322,2646,6968,48776,48776,online_verify_reconstruction_units,322,151.47826086956522,9
7,10,PRIME_MERSENNE_61,2305843009213693951,prss_dispute,dispute,per_party,fold_before,0,8,4268,none,none,0,4430,0,4430,31010,4430,online_verify_reconstruction_units,46,96.30434782608695,9
7,10,PRIME_MERSENNE_61,2305843009213693951,prss_dispute,dispute,total,fold_before,0,8,4268,none,none,0,4430,0,4430,31010,31010,online_verify_reconstruction_units,322,96.30434782608695,9
7,10,PRIME_MERSENNE_61,2305843009213693951,prss_dispute_seed_dpss,dispute,per_party,fold_before,0,8,4268,dpss,one,1,4430,450,4880,34160,4880,online_verify_reconstruction_units,46,106.08695652173913,9
7,10,PRIME_MERSENNE_61,2305843009213693951,prss_dispute_seed_dpss,dispute,total,fold_before,0,8,4268,dpss,one,1,4430,450,4880,34160,34160,online_verify_reconstruction_units,322,106.08695652173913,9
7,10,PRIME_MERSENNE_61,2305843009213693951,prss_dispute_seed_naive,dispute,per_party,fold_before,0,8,4268,naive,one,1,4430,54,4484,31388,4484,online_verify_reconstruction_units,46,97.47826086956522,9
7,10,PRIME_MERSENNE_61,2305843009213693951,prss_dispute_seed_naive,dispute,total,fold_before,0,8,4268,naive,one,1,4430,54,4484,31388,31388,online_verify_reconstruction_units,322,97.47826086956522,9
7,10,PRIME_MERSENNE_61,2305843009213693951,prss_dispute_seed_dpss,dispute,per_party,fold_before,0,8,4268,dpss,M,7,4430,504,4934,34538,4934,online_verify_reconstruction_units,46,107.26086956521739,9
7,10,PRIME_MERSENNE_61,2305843009213693951,prss_dispute_seed_dpss,dispute,total,fold_before,0,8,4268,dpss,M,7,4430,504,4934,34538,34538,online_verify_reconstruction_units,322,107.26086956521739,9
7,10,PRIME_MERSENNE_61,2305843009213693951,prss_dispute_seed_naive,dispute,per_party,fold_before,0,8,4268,naive,M,7,4430,378,4808,33656,4808,online_verify_reconstruction_units,46,104.52173913043478,9
7,10,PRIME_MERSENNE_61,2305843009213693951,prss_dispute_seed_naive,dispute,total,fold_before,0,8,4268,naive,M,7,4430,378,4808,33656,33656,online_verify_reconstruction_units,322,104.52173913043478,9
7,10,PRIME_MERSENNE_61,2305843009213693951,prss_dispute_seed_dpss,dispute,per_party,fold_before,0,8,4268,dpss,M_squared,49,4430,882,5312,37184,5312,online_verify_reconstruction_units,46,115.47826086956522,9
7,10,PRIME_MERSENNE_61,2305843009213693951,prss_dispute_seed_dpss,dispute,total,fold_before,0,8,4268,dpss,M_squared,49,4430,882,5312,37184,37184,online_verify_reconstruction_units,322,115.47826086956522,9
7,10,PRIME_MERSENNE_61,2305843009213693951,prss_dispute_seed_naive,dispute,per_party,fold_before,0,8,4268,naive,M_squared,49,4430,2646,7076,49532,7076,online_verify_reconstruction_units,46,153.82608695652175,9
7,10,PRIME_MERSENNE_61,2305843009213693951,prss_dispute_seed_naive,dispute,total,fold_before,0,8,4268,naive,M_squared,49,4430,2646,7076,49532,49532,online_verify_reconstruction_units,322,153.82608695652175,9
9,10,PRIME_MERSENNE_61,2305843009213693951,naive,n/a,per_party,fold_after,1,9,2197,none,none,0,17576,0,17576,158184,17576,online_verify_reconstruction_units,46,382.0869565217391,9
9,10,PRIME_MERSENNE_61,2305843009213693951,naive,n/a,total,fold_after,1,9,2197,none,none,0,17576,0,17576,158184,158184,online_verify_reconstruction_units,414,382.0869565217391,9
9,10,PRIME_MERSENNE_61,2305843009213693951,dpss_model,n/a,per_party,fold_after,1,9,2197,none,none,0,2926,0,2926,26334,2926,online_verify_reconstruction_units,46,63.608695652173914,9
9,10,PRIME_MERSENNE_61,2305843009213693951,dpss_model,n/a,total,fold_after,1,9,2197,none,none,0,2926,0,2926,26334,26334,online_verify_reconstruction_units,414,63.608695652173914,9
9,10,PRIME_MERSENNE_61,2305843009213693951,full_mask,n/a,per_party,fold_after,1,9,297,none,none,0,2376,0,2376,21384,2376,online_verify_reconstruction_units,46,51.65217391304348,9
9,10,PRIME_MERSENNE_61,2305843009213693951,full_mask,n/a,total,fold_after,1,9,297,none,none,0,2376,0,2376,21384,21384,online_verify_reconstruction_units,414,51.65217391304348,9
9,10,PRIME_MERSENNE_61,2305843009213693951,kernel_mask,n/a,per_party,fold_after,1,9,153,none,none,0,1224,0,1224,11016,1224,online_verify_reconstruction_units,46,26.608695652173914,9
9,10,PRIME_MERSENNE_61,2305843009213693951,kernel_mask,n/a,total,fold_after,1,9,153,none,none,0,1224,0,1224,11016,11016,online_verify_reconstruction_units,414,26.608695652173914,9
9,10,PRIME_MERSENNE_61,2305843009213693951,prss_local,local,per_party,fold_after,1,9,2197,none,none,0,2197,0,2197,19773,2197,online_verify_reconstruction_units,46,47.76086956521739,9
9,10,PRIME_MERSENNE_61,2305843009213693951,prss_local,local,total,fold_after,1,9,2197,none,none,0,2197,0,2197,19773,19773,online_verify_reconstruction_units,414,47.76086956521739,9
9,10,PRIME_MERSENNE_61,2305843009213693951,prss_local_seed_dpss,local,per_party,fold_after,1,9,2197,dpss,one,1,2197,738,2935,26415,2935,online_verify_reconstruction_units,46,63.80434782608695,9
9,10,PRIME_MERSENNE_61,2305843009213693951,prss_local_seed_dpss,local,total,fold_after,1,9,2197,dpss,one,1,2197,738,2935,26415,26415,online_verify_reconstruction_units,414,63.80434782608695,9
9,10,PRIME_MERSENNE_61,2305843009213693951,prss_local_seed_naive,local,per_party,fold_after,1,9,2197,naive,one,1,2197,72,2269,20421,2269,online_verify_reconstruction_units,46,49.32608695652174,9
9,10,PRIME_MERSENNE_61,2305843009213693951,prss_local_seed_naive,local,total,fold_after,1,9,2197,naive,one,1,2197,72,2269,20421,20421,online_verify_reconstruction_units,414,49.32608695652174,9
9,10,PRIME_MERSENNE_61,2305843009213693951,prss_local_seed_dpss,local,per_party,fold_after,1,9,2197,dpss,M,9,2197,810,3007,27063,3007,online_verify_reconstruction_units,46,65.3695652173913,9
9,10,PRIME_MERSENNE_61,2305843009213693951,prss_local_seed_dpss,local,total,fold_after,1,9,2197,dpss,M,9,2197,810,3007,27063,27063,online_verify_reconstruction_units,414,65.3695652173913,9
9,10,PRIME_MERSENNE_61,2305843009213693951,prss_local_seed_naive,local,per_party,fold_after,1,9,2197,naive,M,9,2197,648,2845,25605,2845,online_verify_reconstruction_units,46,61.84782608695652,9
9,10,PRIME_MERSENNE_61,2305843009213693951,prss_local_seed_naive,local,total,fold_after,1,9,2197,naive,M,9,2197,648,2845,25605,25605,online_verify_reconstruction_units,414,61.84782608695652,9
9,10,PRIME_MERSENNE_61,2305843009213693951,prss_local_seed_dpss,local,per_party,fold_after,1,9,2197,dpss,M_squared,81,2197,1458,3655,32895,3655,online_verify_reconstruction_units,46,79.45652173913044,9
9,10,PRIME_MERSENNE_61,2305843009213693951,prss_local_seed_dpss,local,total,fold_after,1,9,2197,dpss,M_squared,81,2197,1458,3655,32895,32895,online_verify_reconstruction_units,414,79.45652173913044,9
9,10,PRIME_MERSENNE_61,2305843009213693951,prss_local_seed_naive,local,per_party,fold_after,1,9,2197,naive,M_squared,81,2197,5832,8029,72261,8029,online_verify_reconstruction_units,46,174.54347826086956,9
9,10,PRIME_MERSENNE_61,2305843009213693951,prss_local_seed_naive,local,total,fold_after,1,9,2197,naive,M_squared,81,2197,5832,8029,72261,72261,online_verify_reconstruction_units,414,174.54347826086956,9
9,10,PRIME_MERSENNE_61,2305843009213693951,prss_commit,commit,per_party,fold_after,1,9,2197,none,none,0,2269,0,2269,20421,2269,online_verify_reconstruction_units,46,49.32608695652174,9
9,10,PRIME_MERSENNE_61,2305843009213693951,prss_commit,commit,total,fold_after,1,9,2197,none,none,0,2269,0,2269,20421,20421,online_verify_reconstruction_units,414,49.32608695652174,9
9,10,PRIME_MERSENNE_61,2305843009213693951,prss_commit_seed_dpss,commit,per_party,fold_after,1,9,2197,dpss,one,1,2269,738,3007,27063,3007,online_verify_reconstruction_units,46,65.3695652173913,9
9,10,PRIME_MERSENNE_61,2305843009213693951,prss_commit_seed_dpss,commit,total,fold_after,1,9,2197,dpss,one,1,2269,738,3007,27063,27063,online_verify_reconstruction_units,414,65.3695652173913,9
9,10,PRIME_MERSENNE_61,2305843009213693951,prss_commit_seed_naive,commit,per_party,fold_after,1,9,2197,naive,one,1,2269,72,2341,21069,2341,online_verify_reconstruction_units,46,50.891304347826086,9
9,10,PRIME_MERSENNE_61,2305843009213693951,prss_commit_seed_naive,commit,total,fold_after,1,9,2197,naive,one,1,2269,72,2341,21069,21069,online_verify_reconstruction_units,414,50.891304347826086,9
9,10,PRIME_MERSENNE_61,2305843009213693951,prss_commit_seed_dpss,commit,per_party,fold_after,1,9,2197,dpss,M,9,2269,810,3079,27711,3079,online_verify_reconstruction_units,46,66.93478260869566,9
9,10,PRIME_MERSENNE_61,2305843009213693951,prss_commit_seed_dpss,commit,total,fold_after,1,9,2197,dpss,M,9,2269,810,3079,27711,27711,online_verify_reconstruction_units,414,66.93478260869566,9
9,10,PRIME_MERSENNE_61,2305843009213693951,prss_commit_seed_naive,commit,per_party,fold_after,1,9,2197,naive,M,9,2269,648,2917,26253,2917,online_verify_reconstruction_units,46,63.41304347826087,9
9,10,PRIME_MERSENNE_61,2305843009213693951,prss_commit_seed_naive,commit,total,fold_after,1,9,2197,naive,M,9,2269,648,2917,26253,26253,online_verify_reconstruction_units,414,63.41304347826087,9
9,10,PRIME_MERSENNE_61,2305843009213693951,prss_commit_seed_dpss,commit,per_party,fold_after,1,9,2197,dpss,M_squared,81,2269,1458,3727,33543,3727,online_verify_reconstruction_units,46,81.02173913043478,9
9,10,PRIME_MERSENNE_61,2305843009213693951,prss_commit_seed_dpss,commit,total,fold_after,1,9,2197,dpss,M_squared,81,2269,1458,3727,33543,33543,online_verify_reconstruction_units,414,81.02173913043478,9
9,10,PRIME_MERSENNE_61,2305843009213693951,prss_commit_seed_naive,commit,per_party,fold_after,1,9,2197,naive,M_squared,81,2269,5832,8101,72909,8101,online_verify_reconstruction_units,46,176.1086956521739,9
9,10,PRIME_MERSENNE_61,2305843009213693951,prss_commit_seed_naive,commit,total,fold_after,1,9,2197,naive,M_squared,81,2269,5832,8101,72909,72909,online_verify_reconstruction_units,414,176.1086956521739,9
9,10,PRIME_MERSENNE_61,2305843009213693951,prss_dispute,dispute,per_party,fold_after,1,9,2197,none,none,0,2485,0,2485,22365,2485,online_verify_reconstruction_units,46,54.02173913043478,9
9,10,PRIME_MERSENNE_61,2305843009213693951,prss_dispute,dispute,total,fold_after,1,9,2197,none,none,0,2485,0,2485,22365,22365,online_verify_reconstruction_units,414,54.02173913043478,9
9,10,PRIME_MERSENNE_61,2305843009213693951,prss_dispute_seed_dpss,dispute,per_party,fold_after,1,9,2197,dpss,one,1,2485,738,3223,29007,3223,online_verify_reconstruction_units,46,70.06521739130434,9
9,10,PRIME_MERSENNE_61,2305843009213693951,prss_dispute_seed_dpss,dispute,total,fold_after,1,9,2197,dpss,one,1,2485,738,3223,29007,29007,online_verify_reconstruction_units,414,70.06521739130434,9
9,10,PRIME_MERSENNE_61,2305843009213693951,prss_dispute_seed_naive,dispute,per_party,fold_after,1,9,2197,naive,one,1,2485,72,2557,23013,2557,online_verify_reconstruction_units,46,55.58695652173913,9
9,10,PRIME_MERSENNE_61,2305843009213693951,prss_dispute_seed_naive,dispute,total,fold_after,1,9,2197,naive,one,1,2485,72,2557,23013,23013,online_verify_reconstruction_units,414,55.58695652173913,9
9,10,PRIME_MERSENNE_61,2305843009213693951,prss_dispute_seed_dpss,dispute,per_party,fold_after,1,9,2197,dpss,M,9,2485,810,3295,29655,3295,online_verify_reconstruction_units,46,71.6304347826087,9
9,10,PRIME_MERSENNE_61,2305843009213693951,prss_dispute_seed_dpss,dispute,total,fold_after,1,9,2197,dpss,M,9,2485,810,3295,29655,29655,online_verify_reconstruction_units,414,71.6304347826087,9
9,10,PRIME_MERSENNE_61,2305843009213693951,prss_dispute_seed_naive,dispute,per_party,fold_after,1,9,2197,naive,M,9,2485,648,3133,28197,3133,online_verify_reconstruction_units,46,68.1086956521739,9
9,10,PRIME_MERSENNE_61,2305843009213693951,prss_dispute_seed_naive,dispute,total,fold_after,1,9,2197,naive,M,9,2485,648,3133,28197,28197,online_verify_reconstruction_units,414,68.1086956521739,9
9,10,PRIME_MERSENNE_61,2305843009213693951,prss_dispute_seed_dpss,dispute,per_party,fold_after,1,9,2197,dpss,M_squared,81,2485,1458,3943,35487,3943,online_verify_reconstruction_units,46,85.71739130434783,9
9,10,PRIME_MERSENNE_61,2305843009213693951,prss_dispute_seed_dpss,dispute,total,fold_after,1,9,2197,dpss,M_squared,81,2485,1458,3943,35487,35487,online_verify_reconstruction_units,414,85.71739130434783,9
9,10,PRIME_MERSENNE_61,2305843009213693951,prss_dispute_seed_naive,dispute,per_party,fold_after,1,9,2197,naive,M_squared,81,2485,5832,8317,74853,8317,online_verify_reconstruction_units,46,180.80434782608697,9
9,10,PRIME_MERSENNE_61,2305843009213693951,prss_dispute_seed_naive,dispute,total,fold_after,1,9,2197,naive,M_squared,81,2485,5832,8317,74853,74853,online_verify_reconstruction_units,414,180.80434782608697,9
9,10,PRIME_MERSENNE_61,2305843009213693951,naive,n/a,per_party,fold_before,0,8,4268,none,none,0,34144,0,34144,307296,34144,online_verify_reconstruction_units,46,742.2608695652174,9
9,10,PRIME_MERSENNE_61,2305843009213693951,naive,n/a,total,fold_before,0,8,4268,none,none,0,34144,0,34144,307296,307296,online_verify_reconstruction_units,414,742.2608695652174,9
9,10,PRIME_MERSENNE_61,2305843009213693951,dpss_model,n/a,per_party,fold_before,0,8,4268,none,none,0,4997,0,4997,44973,4997,online_verify_reconstruction_units,46,108.6304347826087,9
9,10,PRIME_MERSENNE_61,2305843009213693951,dpss_model,n/a,total,fold_before,0,8,4268,none,none,0,4997,0,4997,44973,44973,online_verify_reconstruction_units,414,108.6304347826087,9
9,10,PRIME_MERSENNE_61,2305843009213693951,full_mask,n/a,per_party,fold_before,0,8,297,none,none,0,2376,0,2376,21384,2376,online_verify_reconstruction_units,46,51.65217391304348,9
9,10,PRIME_MERSENNE_61,2305843009213693951,full_mask,n/a,total,fold_before,0,8,297,none,none,0,2376,0,2376,21384,21384,online_verify_reconstruction_units,414,51.65217391304348,9
9,10,PRIME_MERSENNE_61,2305843009213693951,kernel_mask,n/a,per_party,fold_before,0,8,180,none,none,0,1440,0,1440,12960,1440,online_verify_reconstruction_units,46,31.304347826086957,9
9,10,PRIME_MERSENNE_61,2305843009213693951,kernel_mask,n/a,total,fold_before,0,8,180,none,none,0,1440,0,1440,12960,12960,online_verify_reconstruction_units,414,31.304347826086957,9
9,10,PRIME_MERSENNE_61,2305843009213693951,prss_local,local,per_party,fold_before,0,8,4268,none,none,0,4268,0,4268,38412,4268,online_verify_reconstruction_units,46,92.78260869565217,9
9,10,PRIME_MERSENNE_61,2305843009213693951,prss_local,local,total,fold_before,0,8,4268,none,none,0,4268,0,4268,38412,38412,online_verify_reconstruction_units,414,92.78260869565217,9
9,10,PRIME_MERSENNE_61,2305843009213693951,prss_local_seed_dpss,local,per_party,fold_before,0,8,4268,dpss,one,1,4268,738,5006,45054,5006,online_verify_reconstruction_units,46,108.82608695652173,9
9,10,PRIME_MERSENNE_61,2305843009213693951,prss_local_seed_dpss,local,total,fold_before,0,8,4268,dpss,one,1,4268,738,5006,45054,45054,online_verify_reconstruction_units,414,108.82608695652173,9
9,10,PRIME_MERSENNE_61,2305843009213693951,prss_local_seed_naive,local,per_party,fold_before,0,8,4268,naive,one,1,4268,72,4340,39060,4340,online_verify_reconstruction_units,46,94.34782608695652,9
9,10,PRIME_MERSENNE_61,2305843009213693951,prss_local_seed_naive,local,total,fold_before,0,8,4268,naive,one,1,4268,72,4340,39060,39060,online_verify_reconstruction_units,414,94.34782608695652,9
9,10,PRIME_MERSENNE_61,2305843009213693951,prss_local_seed_dpss,local,per_party,fold_before,0,8,4268,dpss,M,9,4268,810,5078,45702,5078,online_verify_reconstruction_units,46,110.3913043478261,9
9,10,PRIME_MERSENNE_61,2305843009213693951,prss_local_seed_dpss,local,total,fold_before,0,8,4268,dpss,M,9,4268,810,5078,45702,45702,online_verify_reconstruction_units,414,110.3913043478261,9
9,10,PRIME_MERSENNE_61,2305843009213693951,prss_local_seed_naive,local,per_party,fold_before,0,8,4268,naive,M,9,4268,648,4916,44244,4916,online_verify_reconstruction_units,46,106.8695652173913,9
9,10,PRIME_MERSENNE_61,2305843009213693951,prss_local_seed_naive,local,total,fold_before,0,8,4268,naive,M,9,4268,648,4916,44244,44244,online_verify_reconstruction_units,414,106.8695652173913,9
9,10,PRIME_MERSENNE_61,2305843009213693951,prss_local_seed_dpss,local,per_party,fold_before,0,8,4268,dpss,M_squared,81,4268,1458,5726,51534,5726,online_verify_reconstruction_units,46,124.47826086956522,9
9,10,PRIME_MERSENNE_61,2305843009213693951,prss_local_seed_dpss,local,total,fold_before,0,8,4268,dpss,M_squared,81,4268,1458,5726,51534,51534,online_verify_reconstruction_units,414,124.47826086956522,9
9,10,PRIME_MERSENNE_61,2305843009213693951,prss_local_seed_naive,local,per_party,fold_before,0,8,4268,naive,M_squared,81,4268,5832,10100,90900,10100,online_verify_reconstruction_units,46,219.56521739130434,9
9,10,PRIME_MERSENNE_61,2305843009213693951,prss_local_seed_naive,local,total,fold_before,0,8,4268,naive,M_squared,81,4268,5832,10100,90900,90900,online_verify_reconstruction_units,414,219.56521739130434,9
9,10,PRIME_MERSENNE_61,2305843009213693951,prss_commit,commit,per_party,fold_before,0,8,4268,none,none,0,4340,0,4340,39060,4340,online_verify_reconstruction_units,46,94.34782608695652,9
9,10,PRIME_MERSENNE_61,2305843009213693951,prss_commit,commit,total,fold_before,0,8,4268,none,none,0,4340,0,4340,39060,39060,online_verify_reconstruction_units,414,94.34782608695652,9
9,10,PRIME_MERSENNE_61,2305843009213693951,prss_commit_seed_dpss,commit,per_party,fold_before,0,8,4268,dpss,one,1,4340,738,5078,45702,5078,online_verify_reconstruction_units,46,110.3913043478261,9
9,10,PRIME_MERSENNE_61,2305843009213693951,prss_commit_seed_dpss,commit,total,fold_before,0,8,4268,dpss,one,1,4340,738,5078,45702,45702,online_verify_reconstruction_units,414,110.3913043478261,9
9,10,PRIME_MERSENNE_61,2305843009213693951,prss_commit_seed_naive,commit,per_party,fold_before,0,8,4268,naive,one,1,4340,72,4412,39708,4412,online_verify_reconstruction_units,46,95.91304347826087,9
9,10,PRIME_MERSENNE_61,2305843009213693951,prss_commit_seed_naive,commit,total,fold_before,0,8,4268,naive,one,1,4340,72,4412,39708,39708,online_verify_reconstruction_units,414,95.91304347826087,9
9,10,PRIME_MERSENNE_61,2305843009213693951,prss_commit_seed_dpss,commit,per_party,fold_before,0,8,4268,dpss,M,9,4340,810,5150,46350,5150,online_verify_reconstruction_units,46,111.95652173913044,9
9,10,PRIME_MERSENNE_61,2305843009213693951,prss_commit_seed_dpss,commit,total,fold_before,0,8,4268,dpss,M,9,4340,810,5150,46350,46350,online_verify_reconstruction_units,414,111.95652173913044,9
9,10,PRIME_MERSENNE_61,2305843009213693951,prss_commit_seed_naive,commit,per_party,fold_before,0,8,4268,naive,M,9,4340,648,4988,44892,4988,online_verify_reconstruction_units,46,108.43478260869566,9
9,10,PRIME_MERSENNE_61,2305843009213693951,prss_commit_seed_naive,commit,total,fold_before,0,8,4268,naive,M,9,4340,648,4988,44892,44892,online_verify_reconstruction_units,414,108.43478260869566,9
9,10,PRIME_MERSENNE_61,2305843009213693951,prss_commit_seed_dpss,commit,per_party,fold_before,0,8,4268,dpss,M_squared,81,4340,1458,5798,52182,5798,online_verify_reconstruction_units,46,126.04347826086956,9
9,10,PRIME_MERSENNE_61,2305843009213693951,prss_commit_seed_dpss,commit,total,fold_before,0,8,4268,dpss,M_squared,81,4340,1458,5798,52182,52182,online_verify_reconstruction_units,414,126.04347826086956,9
9,10,PRIME_MERSENNE_61,2305843009213693951,prss_commit_seed_naive,commit,per_party,fold_before,0,8,4268,naive,M_squared,81,4340,5832,10172,91548,10172,online_verify_reconstruction_units,46,221.1304347826087,9
9,10,PRIME_MERSENNE_61,2305843009213693951,prss_commit_seed_naive,commit,total,fold_before,0,8,4268,naive,M_squared,81,4340,5832,10172,91548,91548,online_verify_reconstruction_units,414,221.1304347826087,9
9,10,PRIME_MERSENNE_61,2305843009213693951,prss_dispute,dispute,per_party,fold_before,0,8,4268,none,none,0,4556,0,4556,41004,4556,online_verify_reconstruction_units,46,99.04347826086956,9
9,10,PRIME_MERSENNE_61,2305843009213693951,prss_dispute,dispute,total,fold_before,0,8,4268,none,none,0,4556,0,4556,41004,41004,online_verify_reconstruction_units,414,99.04347826086956,9
9,10,PRIME_MERSENNE_61,2305843009213693951,prss_dispute_seed_dpss,dispute,per_party,fold_before,0,8,4268,dpss,one,1,4556,738,5294,47646,5294,online_verify_reconstruction_units,46,115.08695652173913,9
9,10,PRIME_MERSENNE_61,2305843009213693951,prss_dispute_seed_dpss,dispute,total,fold_before,0,8,4268,dpss,one,1,4556,738,5294,47646,47646,online_verify_reconstruction_units,414,115.08695652173913,9
9,10,PRIME_MERSENNE_61,2305843009213693951,prss_dispute_seed_naive,dispute,per_party,fold_before,0,8,4268,naive,one,1,4556,72,4628,41652,4628,online_verify_reconstruction_units,46,100.6086956521739,9
9,10,PRIME_MERSENNE_61,2305843009213693951,prss_dispute_seed_naive,dispute,total,fold_before,0,8,4268,naive,one,1,4556,72,4628,41652,41652,online_verify_reconstruction_units,414,100.6086956521739,9
9,10,PRIME_MERSENNE_61,2305843009213693951,prss_dispute_seed_dpss,dispute,per_party,fold_before,0,8,4268,dpss,M,9,4556,810,5366,48294,5366,online_verify_reconstruction_units,46,116.65217391304348,9
9,10,PRIME_MERSENNE_61,2305843009213693951,prss_dispute_seed_dpss,dispute,total,fold_before,0,8,4268,dpss,M,9,4556,810,5366,48294,48294,online_verify_reconstruction_units,414,116.65217391304348,9
9,10,PRIME_MERSENNE_61,2305843009213693951,prss_dispute_seed_naive,dispute,per_party,fold_before,0,8,4268,naive,M,9,4556,648,5204,46836,5204,online_verify_reconstruction_units,46,113.1304347826087,9
9,10,PRIME_MERSENNE_61,2305843009213693951,prss_dispute_seed_naive,dispute,total,fold_before,0,8,4268,naive,M,9,4556,648,5204,46836,46836,online_verify_reconstruction_units,414,113.1304347826087,9
9,10,PRIME_MERSENNE_61,2305843009213693951,prss_dispute_seed_dpss,dispute,per_party,fold_before,0,8,4268,dpss,M_squared,81,4556,1458,6014,54126,6014,online_verify_reconstruction_units,46,130.7391304347826,9
9,10,PRIME_MERSENNE_61,2305843009213693951,prss_dispute_seed_dpss,dispute,total,fold_before,0,8,4268,dpss,M_squared,81,4556,1458,6014,54126,54126,online_verify_reconstruction_units,414,130.7391304347826,9
9,10,PRIME_MERSENNE_61,2305843009213693951,prss_dispute_seed_naive,dispute,per_party,fold_before,0,8,4268,naive,M_squared,81,4556,5832,10388,93492,10388,online_verify_reconstruction_units,46,225.82608695652175,9
9,10,PRIME_MERSENNE_61,2305843009213693951,prss_dispute_seed_naive,dispute,total,fold_before,0,8,4268,naive,M_squared,81,4556,5832,10388,93492,93492,online_verify_reconstruction_units,414,225.82608695652175,9
15,10,PRIME_MERSENNE_61,2305843009213693951,naive,n/a,per_party,fold_after,1,9,2197,none,none,0,30758,0,30758,461370,30758,online_verify_reconstruction_units,46,668.6521739130435,9
15,10,PRIME_MERSENNE_61,2305843009213693951,naive,n/a,total,fold_after,1,9,2197,none,none,0,30758,0,30758,461370,461370,online_verify_reconstruction_units,690,668.6521739130435,9
15,10,PRIME_MERSENNE_61,2305843009213693951,dpss_model,n/a,per_party,fold_after,1,9,2197,none,none,0,4222,0,4222,63330,4222,online_verify_reconstruction_units,46,91.78260869565217,9
15,10,PRIME_MERSENNE_61,2305843009213693951,dpss_model,n/a,total,fold_after,1,9,2197,none,none,0,4222,0,4222,63330,63330,online_verify_reconstruction_units,690,91.78260869565217,9
15,10,PRIME_MERSENNE_61,2305843009213693951,full_mask,n/a,per_party,fold_after,1,9,297,none,none,0,4158,0,4158,62370,4158,online_verify_reconstruction_units,46,90.3913043478261,9
15,10,PRIME_MERSENNE_61,2305843009213693951,full_mask,n/a,total,fold_after,1,9,297,none,none,0,4158,0,4158,62370,62370,online_verify_reconstruction_units,690,90.3913043478261,9
15,10,PRIME_MERSENNE_61,2305843009213693951,kernel_mask,n/a,per_party,fold_after,1,9,153,none,none,0,2142,0,2142,32130,2142,online_verify_reconstruction_units,46,46.56521739130435,9
15,10,PRIME_MERSENNE_61,2305843009213693951,kernel_mask,n/a,total,fold_after,1,9,153,none,none,0,2142,0,2142,32130,32130,online_verify_reconstruction_units,690,46.56521739130435,9
15,10,PRIME_MERSENNE_61,2305843009213693951,prss_local,local,per_party,fold_after,1,9,2197,none,none,0,2197,0,2197,32955,2197,online_verify_reconstruction_units,46,47.76086956521739,9
15,10,PRIME_MERSENNE_61,2305843009213693951,prss_local,local,total,fold_after,1,9,2197,none,none,0,2197,0,2197,32955,32955,online_verify_reconstruction_units,690,47.76086956521739,9
15,10,PRIME_MERSENNE_61,2305843009213693951,prss_local_seed_dpss,local,per_party,fold_after,1,9,2197,dpss,one,1,2197,2034,4231,63465,4231,online_verify_reconstruction_units,46,91.97826086956522,9
15,10,PRIME_MERSENNE_61,2305843009213693951,prss_local_seed_dpss,local,total,fold_after,1,9,2197,dpss,one,1,2197,2034,4231,63465,63465,online_verify_reconstruction_units,690,91.97826086956522,9
15,10,PRIME_MERSENNE_61,2305843009213693951,prss_local_seed_naive,local,per_party,fold_after,1,9,2197,naive,one,1,2197,126,2323,34845,2323,online_verify_reconstruction_units,46,50.5,9
15,10,PRIME_MERSENNE_61,2305843009213693951,prss_local_seed_naive,local,total,fold_after,1,9,2197,naive,one,1,2197,126,2323,34845,34845,online_verify_reconstruction_units,690,50.5,9
15,10,PRIME_MERSENNE_61,2305843009213693951,prss_local_seed_dpss,local,per_party,fold_after,1,9,2197,dpss,M,15,2197,2160,4357,65355,4357,online_verify_reconstruction_units,46,94.71739130434783,9
15,10,PRIME_MERSENNE_61,2305843009213693951,prss_local_seed_dpss,local,total,fold_after,1,9,2197,dpss,M,15,2197,2160,4357,65355,65355,online_verify_reconstruction_units,690,94.71739130434783,9
15,10,PRIME_MERSENNE_61,2305843009213693951,prss_local_seed_naive,local,per_party,fold_after,1,9,2197,naive,M,15,2197,1890,4087,61305,4087,online_verify_reconstruction_units,46,88.84782608695652,9
15,10,PRIME_MERSENNE_61,2305843009213693951,prss_local_seed_naive,local,total,fold_after,1,9,2197,naive,M,15,2197,1890,4087,61305,61305,online_verify_reconstruction_units,690,88.84782608695652,9
15,10,PRIME_MERSENNE_61,2305843009213693951,prss_local_seed_dpss,local,per_party,fold_after,1,9,2197,dpss,M_squared,225,2197,4050,6247,93705,6247,online_verify_reconstruction_units,46,135.80434782608697,9
15,10,PRIME_MERSENNE_61,2305843009213693951,prss_local_seed_dpss,local,total,fold_after,1,9,2197,dpss,M_squared,225,2197,4050,6247,93705,93705,online_verify_reconstruction_units,690,135.80434782608697,9
15,10,PRIME_MERSENNE_61,2305843009213693951,prss_local_seed_naive,local,per_party,fold_after,1,9,2197,naive,M_squared,225,2197,28350,30547,458205,30547,online_verify_reconstruction_units,46,664.0652173913044,9
15,10,PRIME_MERSENNE_61,2305843009213693951,prss_local_seed_naive,local,total,fold_after,1,9,2197,naive,M_squared,225,2197,28350,30547,458205,458205,online_verify_reconstruction_units,690,664.0652173913044,9
15,10,PRIME_MERSENNE_61,2305843009213693951,prss_commit,commit,per_party,fold_after,1,9,2197,none,none,0,2323,0,2323,34845,2323,online_verify_reconstruction_units,46,50.5,9
15,10,PRIME_MERSENNE_61,2305843009213693951,prss_commit,commit,total,fold_after,1,9,2197,none,none,0,2323,0,2323,34845,34845,online_verify_reconstruction_units,690,50.5,9
15,10,PRIME_MERSENNE_61,2305843009213693951,prss_commit_seed_dpss,commit,per_party,fold_after,1,9,2197,dpss,one,1,2323,2034,4357,65355,4357,online_verify_reconstruction_units,46,94.71739130434783,9
15,10,PRIME_MERSENNE_61,2305843009213693951,prss_commit_seed_dpss,commit,total,fold_after,1,9,2197,dpss,one,1,2323,2034,4357,65355,65355,online_verify_reconstruction_units,690,94.71739130434783,9
15,10,PRIME_MERSENNE_61,2305843009213693951,prss_commit_seed_naive,commit,per_party,fold_after,1,9,2197,naive,one,1,2323,126,2449,36735,2449,online_verify_reconstruction_units,46,53.23913043478261,9
15,10,PRIME_MERSENNE_61,2305843009213693951,prss_commit_seed_naive,commit,total,fold_after,1,9,2197,naive,one,1,2323,126,2449,36735,36735,online_verify_reconstruction_units,690,53.23913043478261,9
15,10,PRIME_MERSENNE_61,2305843009213693951,prss_commit_seed_dpss,commit,per_party,fold_after,1,9,2197,dpss,M,15,2323,2160,4483,67245,4483,online_verify_reconstruction_units,46,97.45652173913044,9
15,10,PRIME_MERSENNE_61,2305843009213693951,prss_commit_seed_dpss,commit,total,fold_after,1,9,2197,dpss,M,15,2323,2160,4483,67245,67245,online_verify_reconstruction_units,690,97.45652173913044,9
15,10,PRIME_MERSENNE_61,2305843009213693951,prss_commit_seed_naive,commit,per_party,fold_after,1,9,2197,naive,M,15,2323,1890,4213,63195,4213,online_verify_reconstruction_units,46,91.58695652173913,9
15,10,PRIME_MERSENNE_61,2305843009213693951,prss_commit_seed_naive,commit,total,fold_after,1,9,2197,naive,M,15,2323,1890,4213,63195,63195,online_verify_reconstruction_units,690,91.58695652173913,9
15,10,PRIME_MERSENNE_61,2305843009213693951,prss_commit_seed_dpss,commit,per_party,fold_after,1,9,2197,dpss,M_squared,225,2323,4050,6373,95595,6373,online_verify_reconstruction_units,46,138.54347826086956,9
15,10,PRIME_MERSENNE_61,2305843009213693951,prss_commit_seed_dpss,commit,total,fold_after,1,9,2197,dpss,M_squared,225,2323,4050,6373,95595,95595,online_verify_reconstruction_units,690,138.54347826086956,9
15,10,PRIME_MERSENNE_61,2305843009213693951,prss_commit_seed_naive,commit,per_party,fold_after,1,9,2197,naive,M_squared,225,2323,28350,30673,460095,30673,online_verify_reconstruction_units,46,666.804347826087,9
15,10,PRIME_MERSENNE_61,2305843009213693951,prss_commit_seed_naive,commit,total,fold_after,1,9,2197,naive,M_squared,225,2323,28350,30673,460095,460095,online_verify_reconstruction_units,690,666.804347826087,9
15,10,PRIME_MERSENNE_61,2305843009213693951,prss_dispute,dispute,per_party,fold_after,1,9,2197,none,none,0,2701,0,2701,40515,2701,online_verify_reconstruction_units,46,58.71739130434783,9
15,10,PRIME_MERSENNE_61,2305843009213693951,prss_dispute,dispute,total,fold_after,1,9,2197,none,none,0,2701,0,2701,40515,40515,online_verify_reconstruction_units,690,58.71739130434783,9
15,10,PRIME_MERSENNE_61,2305843009213693951,prss_dispute_seed_dpss,dispute,per_party,fold_after,1,9,2197,dpss,one,1,2701,2034,4735,71025,4735,online_verify_reconstruction_units,46,102.93478260869566,9
15,10,PRIME_MERSENNE_61,2305843009213693951,prss_dispute_seed_dpss,dispute,total,fold_after,1,9,2197,dpss,one,1,2701,2034,4735,71025,71025,online_verify_reconstruction_units,690,102.93478260869566,9
15,10,PRIME_MERSENNE_61,2305843009213693951,prss_dispute_seed_naive,dispute,per_party,fold_after,1,9,2197,naive,one,1,2701,126,2827,42405,2827,online_verify_reconstruction_units,46,61.45652173913044,9
15,10,PRIME_MERSENNE_61,2305843009213693951,prss_dispute_seed_naive,dispute,total,fold_after,1,9,2197,naive,one,1,2701,126,2827,42405,42405,online_verify_reconstruction_units,690,61.45652173913044,9
15,10,PRIME_MERSENNE_61,2305843009213693951,prss_dispute_seed_dpss,dispute,per_party,fold_after,1,9,2197,dpss,M,15,2701,2160,4861,72915,4861,online_verify_reconstruction_units,46,105.67391304347827,9
15,10,PRIME_MERSENNE_61,2305843009213693951,prss_dispute_seed_dpss,dispute,total,fold_after,1,9,2197,dpss,M,15,2701,2160,4861,72915,72915,online_verify_reconstruction_units,690,105.67391304347827,9
15,10,PRIME_MERSENNE_61,2305843009213693951,prss_dispute_seed_naive,dispute,per_party,fold_after,1,9,2197,naive,M,15,2701,1890,4591,68865,4591,online_verify_reconstruction_units,46,99.80434782608695,9
15,10,PRIME_MERSENNE_61,2305843009213693951,prss_dispute_seed_naive,dispute,total,fold_after,1,9,2197,naive,M,15,2701,1890,4591,68865,68865,online_verify_reconstruction_units,690,99.80434782608695,9
15,10,PRIME_MERSENNE_61,2305843009213693951,prss_dispute_seed_dpss,dispute,per_party,fold_after,1,9,2197,dpss,M_squared,225,2701,4050,6751,101265,6751,online_verify_reconstruction_units,46,146.7608695652174,9
15,10,PRIME_MERSENNE_61,2305843009213693951,prss_dispute_seed_dpss,dispute,total,fold_after,1,9,2197,dpss,M_squared,225,2701,4050,6751,101265,101265,online_verify_reconstruction_units,690,146.7608695652174,9
15,10,PRIME_MERSENNE_61,2305843009213693951,prss_dispute_seed_naive,dispute,per_party,fold_after,1,9,2197,naive,M_squared,225,2701,28350,31051,465765,31051,online_verify_reconstruction_units,46,675.0217391304348,9
15,10,PRIME_MERSENNE_61,2305843009213693951,prss_dispute_seed_naive,dispute,total,fold_after,1,9,2197,naive,M_squared,225,2701,28350,31051,465765,465765,online_verify_reconstruction_units,690,675.0217391304348,9
15,10,PRIME_MERSENNE_61,2305843009213693951,naive,n/a,per_party,fold_before,0,8,4268,none,none,0,59752,0,59752,896280,59752,online_verify_reconstruction_units,46,1298.9565217391305,9
15,10,PRIME_MERSENNE_61,2305843009213693951,naive,n/a,total,fold_before,0,8,4268,none,none,0,59752,0,59752,896280,896280,online_verify_reconstruction_units,690,1298.9565217391305,9
15,10,PRIME_MERSENNE_61,2305843009213693951,dpss_model,n/a,per_party,fold_before,0,8,4268,none,none,0,6293,0,6293,94395,6293,online_verify_reconstruction_units,46,136.80434782608697,9
15,10,PRIME_MERSENNE_61,2305843009213693951,dpss_model,n/a,total,fold_before,0,8,4268,none,none,0,6293,0,6293,94395,94395,online_verify_reconstruction_units,690,136.80434782608697,9
15,10,PRIME_MERSENNE_61,2305843009213693951,full_mask,n/a,per_party,fold_before,0,8,297,none,none,0,4158,0,4158,62370,4158,online_verify_reconstruction_units,46,90.3913043478261,9
15,10,PRIME_MERSENNE_61,2305843009213693951,full_mask,n/a,total,fold_before,0,8,297,none,none,0,4158,0,4158,62370,62370,online_verify_reconstruction_units,690,90.3913043478261,9
15,10,PRIME_MERSENNE_61,2305843009213693951,kernel_mask,n/a,per_party,fold_before,0,8,180,none,none,0,2520,0,2520,37800,2520,online_verify_reconstruction_units,46,54.78260869565217,9
15,10,PRIME_MERSENNE_61,2305843009213693951,kernel_mask,n/a,total,fold_before,0,8,180,none,none,0,2520,0,2520,37800,37800,online_verify_reconstruction_units,690,54.78260869565217,9
15,10,PRIME_MERSENNE_61,2305843009213693951,prss_local,local,per_party,fold_before,0,8,4268,none,none,0,4268,0,4268,64020,4268,online_verify_reconstruction_units,46,92.78260869565217,9
15,10,PRIME_MERSENNE_61,2305843009213693951,prss_local,local,total,fold_before,0,8,4268,none,none,0,4268,0,4268,64020,64020,online_verify_reconstruction_units,690,92.78260869565217,9
15,10,PRIME_MERSENNE_61,2305843009213693951,prss_local_seed_dpss,local,per_party,fold_before,0,8,4268,dpss,one,1,4268,2034,6302,94530,6302,online_verify_reconstruction_units,46,137.0,9
15,10,PRIME_MERSENNE_61,2305843009213693951,prss_local_seed_dpss,local,total,fold_before,0,8,4268,dpss,one,1,4268,2034,6302,94530,94530,online_verify_reconstruction_units,690,137.0,9
15,10,PRIME_MERSENNE_61,2305843009213693951,prss_local_seed_naive,local,per_party,fold_before,0,8,4268,naive,one,1,4268,126,4394,65910,4394,online_verify_reconstruction_units,46,95.52173913043478,9
15,10,PRIME_MERSENNE_61,2305843009213693951,prss_local_seed_naive,local,total,fold_before,0,8,4268,naive,one,1,4268,126,4394,65910,65910,online_verify_reconstruction_units,690,95.52173913043478,9
15,10,PRIME_MERSENNE_61,2305843009213693951,prss_local_seed_dpss,local,per_party,fold_before,0,8,4268,dpss,M,15,4268,2160,6428,96420,6428,online_verify_reconstruction_units,46,139.7391304347826,9
15,10,PRIME_MERSENNE_61,2305843009213693951,prss_local_seed_dpss,local,total,fold_before,0,8,4268,dpss,M,15,4268,2160,6428,96420,96420,online_verify_reconstruction_units,690,139.7391304347826,9
15,10,PRIME_MERSENNE_61,2305843009213693951,prss_local_seed_naive,local,per_party,fold_before,0,8,4268,naive,M,15,4268,1890,6158,92370,6158,online_verify_reconstruction_units,46,133.8695652173913,9
15,10,PRIME_MERSENNE_61,2305843009213693951,prss_local_seed_naive,local,total,fold_before,0,8,4268,naive,M,15,4268,1890,6158,92370,92370,online_verify_reconstruction_units,690,133.8695652173913,9
15,10,PRIME_MERSENNE_61,2305843009213693951,prss_local_seed_dpss,local,per_party,fold_before,0,8,4268,dpss,M_squared,225,4268,4050,8318,124770,8318,online_verify_reconstruction_units,46,180.82608695652175,9
15,10,PRIME_MERSENNE_61,2305843009213693951,prss_local_seed_dpss,local,total,fold_before,0,8,4268,dpss,M_squared,225,4268,4050,8318,124770,124770,online_verify_reconstruction_units,690,180.82608695652175,9
15,10,PRIME_MERSENNE_61,2305843009213693951,prss_local_seed_naive,local,per_party,fold_before,0,8,4268,naive,M_squared,225,4268,28350,32618,489270,32618,online_verify_reconstruction_units,46,709.0869565217391,9
15,10,PRIME_MERSENNE_61,2305843009213693951,prss_local_seed_naive,local,total,fold_before,0,8,4268,naive,M_squared,225,4268,28350,32618,489270,489270,online_verify_reconstruction_units,690,709.0869565217391,9
15,10,PRIME_MERSENNE_61,2305843009213693951,prss_commit,commit,per_party,fold_before,0,8,4268,none,none,0,4394,0,4394,65910,4394,online_verify_reconstruction_units,46,95.52173913043478,9
15,10,PRIME_MERSENNE_61,2305843009213693951,prss_commit,commit,total,fold_before,0,8,4268,none,none,0,4394,0,4394,65910,65910,online_verify_reconstruction_units,690,95.52173913043478,9
15,10,PRIME_MERSENNE_61,2305843009213693951,prss_commit_seed_dpss,commit,per_party,fold_before,0,8,4268,dpss,one,1,4394,2034,6428,96420,6428,online_verify_reconstruction_units,46,139.7391304347826,9
15,10,PRIME_MERSENNE_61,2305843009213693951,prss_commit_seed_dpss,commit,total,fold_before,0,8,4268,dpss,one,1,4394,2034,6428,96420,96420,online_verify_reconstruction_units,690,139.7391304347826,9
15,10,PRIME_MERSENNE_61,2305843009213693951,prss_commit_seed_naive,commit,per_party,fold_before,0,8,4268,naive,one,1,4394,126,4520,67800,4520,online_verify_reconstruction_units,46,98.26086956521739,9
15,10,PRIME_MERSENNE_61,2305843009213693951,prss_commit_seed_naive,commit,total,fold_before,0,8,4268,naive,one,1,4394,126,4520,67800,67800,online_verify_reconstruction_units,690,98.26086956521739,9
15,10,PRIME_MERSENNE_61,2305843009213693951,prss_commit_seed_dpss,commit,per_party,fold_before,0,8,4268,dpss,M,15,4394,2160,6554,98310,6554,online_verify_reconstruction_units,46,142.47826086956522,9
15,10,PRIME_MERSENNE_61,2305843009213693951,prss_commit_seed_dpss,commit,total,fold_before,0,8,4268,dpss,M,15,4394,2160,6554,98310,98310,online_verify_reconstruction_units,690,142.47826086956522,9
15,10,PRIME_MERSENNE_61,2305843009213693951,prss_commit_seed_naive,commit,per_party,fold_before,0,8,4268,naive,M,15,4394,1890,6284,94260,6284,online_verify_reconstruction_units,46,136.6086956521739,9
15,10,PRIME_MERSENNE_61,2305843009213693951,prss_commit_seed_naive,commit,total,fold_before,0,8,4268,naive,M,15,4394,1890,6284,94260,94260,online_verify_reconstruction_units,690,136.6086956521739,9
15,10,PRIME_MERSENNE_61,2305843009213693951,prss_commit_seed_dpss,commit,per_party,fold_before,0,8,4268,dpss,M_squared,225,4394,4050,8444,126660,8444,online_verify_reconstruction_units,46,183.56521739130434,9
15,10,PRIME_MERSENNE_61,2305843009213693951,prss_commit_seed_dpss,commit,total,fold_before,0,8,4268,dpss,M_squared,225,4394,4050,8444,126660,126660,online_verify_reconstruction_units,690,183.56521739130434,9
15,10,PRIME_MERSENNE_61,2305843009213693951,prss_commit_seed_naive,commit,per_party,fold_before,0,8,4268,naive,M_squared,225,4394,28350,32744,491160,32744,online_verify_reconstruction_units,46,711.8260869565217,9
15,10,PRIME_MERSENNE_61,2305843009213693951,prss_commit_seed_naive,commit,total,fold_before,0,8,4268,naive,M_squared,225,4394,28350,32744,491160,491160,online_verify_reconstruction_units,690,711.8260869565217,9
15,10,PRIME_MERSENNE_61,2305843009213693951,prss_dispute,dispute,per_party,fold_before,0,8,4268,none,none,0,4772,0,4772,71580,4772,online_verify_reconstruction_units,46,103.73913043478261,9
15,10,PRIME_MERSENNE_61,2305843009213693951,prss_dispute,dispute,total,fold_before,0,8,4268,none,none,0,4772,0,4772,71580,71580,online_verify_reconstruction_units,690,103.73913043478261,9
15,10,PRIME_MERSENNE_61,2305843009213693951,prss_dispute_seed_dpss,dispute,per_party,fold_before,0,8,4268,dpss,one,1,4772,2034,6806,102090,6806,online_verify_reconstruction_units,46,147.95652173913044,9
15,10,PRIME_MERSENNE_61,2305843009213693951,prss_dispute_seed_dpss,dispute,total,fold_before,0,8,4268,dpss,one,1,4772,2034,6806,102090,102090,online_verify_reconstruction_units,690,147.95652173913044,9
15,10,PRIME_MERSENNE_61,2305843009213693951,prss_dispute_seed_naive,dispute,per_party,fold_before,0,8,4268,naive,one,1,4772,126,4898,73470,4898,online_verify_reconstruction_units,46,106.47826086956522,9
15,10,PRIME_MERSENNE_61,2305843009213693951,prss_dispute_seed_naive,dispute,total,fold_before,0,8,4268,naive,one,1,4772,126,4898,73470,73470,online_verify_reconstruction_units,690,106.47826086956522,9
15,10,PRIME_MERSENNE_61,2305843009213693951,prss_dispute_seed_dpss,dispute,per_party,fold_before,0,8,4268,dpss,M,15,4772,2160,6932,103980,6932,online_verify_reconstruction_units,46,150.69565217391303,9
15,10,PRIME_MERSENNE_61,2305843009213693951,prss_dispute_seed_dpss,dispute,total,fold_before,0,8,4268,dpss,M,15,4772,2160,6932,103980,103980,online_verify_reconstruction_units,690,150.69565217391303,9
15,10,PRIME_MERSENNE_61,2305843009213693951,prss_dispute_seed_naive,dispute,per_party,fold_before,0,8,4268,naive,M,15,4772,1890,6662,99930,6662,online_verify_reconstruction_units,46,144.82608695652175,9
15,10,PRIME_MERSENNE_61,2305843009213693951,prss_dispute_seed_naive,dispute,total,fold_before,0,8,4268,naive,M,15,4772,1890,6662,99930,99930,online_verify_reconstruction_units,690,144.82608695652175,9
15,10,PRIME_MERSENNE_61,2305843009213693951,prss_dispute_seed_dpss,dispute,per_party,fold_before,0,8,4268,dpss,M_squared,225,4772,4050,8822,132330,8822,online_verify_reconstruction_units,46,191.7826086956522,9
15,10,PRIME_MERSENNE_61,2305843009213693951,prss_dispute_seed_dpss,dispute,total,fold_before,0,8,4268,dpss,M_squared,225,4772,4050,8822,132330,132330,online_verify_reconstruction_units,690,191.7826086956522,9
15,10,PRIME_MERSENNE_61,2305843009213693951,prss_dispute_seed_naive,dispute,per_party,fold_before,0,8,4268,naive,M_squared,225,4772,28350,33122,496830,33122,online_verify_reconstruction_units,46,720.0434782608696,9
15,10,PRIME_MERSENNE_61,2305843009213693951,prss_dispute_seed_naive,dispute,total,fold_before,0,8,4268,naive,M_squared,225,4772,28350,33122,496830,496830,online_verify_reconstruction_units,690,720.0434782608696,9
31,10,PRIME_MERSENNE_61,2305843009213693951,naive,n/a,per_party,fold_after,1,9,2197,none,none,0,65910,0,65910,2043210,65910,online_verify_reconstruction_units,46,1432.8260869565217,9
31,10,PRIME_MERSENNE_61,2305843009213693951,naive,n/a,total,fold_after,1,9,2197,none,none,0,65910,0,65910,2043210,2043210,online_verify_reconstruction_units,1426,1432.8260869565217,9
31,10,PRIME_MERSENNE_61,2305843009213693951,dpss_model,n/a,per_party,fold_after,1,9,2197,none,none,0,10846,0,10846,336226,10846,online_verify_reconstruction_units,46,235.7826086956522,9
31,10,PRIME_MERSENNE_61,2305843009213693951,dpss_model,n/a,total,fold_after,1,9,2197,none,none,0,10846,0,10846,336226,336226,online_verify_reconstruction_units,1426,235.7826086956522,9
31,10,PRIME_MERSENNE_61,2305843009213693951,full_mask,n/a,per_party,fold_after,1,9,297,none,none,0,8910,0,8910,276210,8910,online_verify_reconstruction_units,46,193.69565217391303,9
31,10,PRIME_MERSENNE_61,2305843009213693951,full_mask,n/a,total,fold_after,1,9,297,none,none,0,8910,0,8910,276210,276210,online_verify_reconstruction_units,1426,193.69565217391303,9
31,10,PRIME_MERSENNE_61,2305843009213693951,kernel_mask,n/a,per_party,fold_after,1,9,153,none,none,0,4590,0,4590,142290,4590,online_verify_reconstruction_units,46,99.78260869565217,9
31,10,PRIME_MERSENNE_61,2305843009213693951,kernel_mask,n/a,total,fold_after,1,9,153,none,none,0,4590,0,4590,142290,142290,online_verify_reconstruction_units,1426,99.78260869565217,9
31,10,PRIME_MERSENNE_61,2305843009213693951,prss_local,local,per_party,fold_after,1,9,2197,none,none,0,2197,0,2197,68107,2197,online_verify_reconstruction_units,46,47.76086956521739,9
31,10,PRIME_MERSENNE_61,2305843009213693951,prss_local,local,total,fold_after,1,9,2197,none,none,0,2197,0,2197,68107,68107,online_verify_reconstruction_units,1426,47.76086956521739,9
31,10,PRIME_MERSENNE_61,2305843009213693951,prss_local_seed_dpss,local,per_party,fold_after,1,9,2197,dpss,one,1,2197,8658,10855,336505,10855,online_verify_reconstruction_units,46,235.97826086956522,9
31,10,PRIME_MERSENNE_61,2305843009213693951,prss_local_seed_dpss,local,total,fold_after,1,9,2197,dpss,one,1,2197,8658,10855,336505,336505,online_verify_reconstruction_units,1426,235.97826086956522,9
31,10,PRIME_MERSENNE_61,2305843009213693951,prss_local_seed_naive,local,per_party,fold_after,1,9,2197,naive,one,1,2197,270,2467,76477,2467,online_verify_reconstruction_units,46,53.630434782608695,9
31,10,PRIME_MERSENNE_61,2305843009213693951,prss_local_seed_naive,local,total,fold_after,1,9,2197,naive,one,1,2197,270,2467,76477,76477,online_verify_reconstruction_units,1426,53.630434782608695,9
31,10,PRIME_MERSENNE_61,2305843009213693951,prss_local_seed_dpss,local,per_party,fold_after,1,9,2197,dpss,M,31,2197,8928,11125,344875,11125,online_verify_reconstruction_units,46,241.84782608695653,9
31,10,PRIME_MERSENNE_61,2305843009213693951,prss_local_seed_dpss,local,total,fold_after,1,9,2197,dpss,M,31,2197,8928,11125,344875,344875,online_verify_reconstruction_units,1426,241.84782608695653,9
31,10,PRIME_MERSENNE_61,2305843009213693951,prss_local_seed_naive,local,per_party,fold_after,1,9,2197,naive,M,31,2197,8370,10567,327577,10567,online_verify_reconstruction_units,46,229.7173913043478,9
31,10,PRIME_MERSENNE_61,2305843009213693951,prss_local_seed_naive,local,total,fold_after,1,9,2197,naive,M,31,2197,8370,10567,327577,327577,online_verify_reconstruction_units,1426,229.7173913043478,9
31,10,PRIME_MERSENNE_61,2305843009213693951,prss_local_seed_dpss,local,per_party,fold_after,1,9,2197,dpss,M_squared,961,2197,17298,19495,604345,19495,online_verify_reconstruction_units,46,423.80434782608694,9
31,10,PRIME_MERSENNE_61,2305843009213693951,prss_local_seed_dpss,local,total,fold_after,1,9,2197,dpss,M_squared,961,2197,17298,19495,604345,604345,online_verify_reconstruction_units,1426,423.80434782608694,9
31,10,PRIME_MERSENNE_61,2305843009213693951,prss_local_seed_naive,local,per_party,fold_after,1,9,2197,naive,M_squared,961,2197,259470,261667,8111677,261667,online_verify_reconstruction_units,46,5688.413043478261,9
31,10,PRIME_MERSENNE_61,2305843009213693951,prss_local_seed_naive,local,total,fold_after,1,9,2197,naive,M_squared,961,2197,259470,261667,8111677,8111677,online_verify_reconstruction_units,1426,5688.413043478261,9
31,10,PRIME_MERSENNE_61,2305843009213693951,prss_commit,commit,per_party,fold_after,1,9,2197,none,none,0,2467,0,2467,76477,2467,online_verify_reconstruction_units,46,53.630434782608695,9
31,10,PRIME_MERSENNE_61,2305843009213693951,prss_commit,commit,total,fold_after,1,9,2197,none,none,0,2467,0,2467,76477,76477,online_verify_reconstruction_units,1426,53.630434782608695,9
31,10,PRIME_MERSENNE_61,2305843009213693951,prss_commit_seed_dpss,commit,per_party,fold_after,1,9,2197,dpss,one,1,2467,8658,11125,344875,11125,online_verify_reconstruction_units,46,241.84782608695653,9
31,10,PRIME_MERSENNE_61,2305843009213693951,prss_commit_seed_dpss,commit,total,fold_after,1,9,2197,dpss,one,1,2467,8658,11125,344875,344875,online_verify_reconstruction_units,1426,241.84782608695653,9
31,10,PRIME_MERSENNE_61,2305843009213693951,prss_commit_seed_naive,commit,per_party,fold_after,1,9,2197,naive,one,1,2467,270,2737,84847,2737,online_verify_reconstruction_units,46,59.5,9
31,10,PRIME_MERSENNE_61,2305843009213693951,prss_commit_seed_naive,commit,total,fold_after,1,9,2197,naive,one,1,2467,270,2737,84847,84847,online_verify_reconstruction_units,1426,59.5,9
31,10,PRIME_MERSENNE_61,2305843009213693951,prss_commit_seed_dpss,commit,per_party,fold_after,1,9,2197,dpss,M,31,2467,8928,11395,353245,11395,online_verify_reconstruction_units,46,247.7173913043478,9
31,10,PRIME_MERSENNE_61,2305843009213693951,prss_commit_seed_dpss,commit,total,fold_after,1,9,2197,dpss,M,31,2467,8928,11395,353245,353245,online_verify_reconstruction_units,1426,247.7173913043478,9
31,10,PRIME_MERSENNE_61,2305843009213693951,prss_commit_seed_naive,commit,per_party,fold_after,1,9,2197,naive,M,31,2467,8370,10837,335947,10837,online_verify_reconstruction_units,46,235.58695652173913,9
31,10,PRIME_MERSENNE_61,2305843009213693951,prss_commit_seed_naive,commit,total,fold_after,1,9,2197,naive,M,31,2467,8370,10837,335947,335947,online_verify_reconstruction_units,1426,235.58695652173913,9
31,10,PRIME_MERSENNE_61,2305843009213693951,prss_commit_seed_dpss,commit,per_party,fold_after,1,9,2197,dpss,M_squared,961,2467,17298,19765,612715,19765,online_verify_reconstruction_units,46,429.67391304347825,9
31,10,PRIME_MERSENNE_61,2305843009213693951,prss_commit_seed_dpss,commit,total,fold_after,1,9,2197,dpss,M_squared,961,2467,17298,19765,612715,612715,online_verify_reconstruction_units,1426,429.67391304347825,9
31,10,PRIME_MERSENNE_61,2305843009213693951,prss_commit_seed_naive,commit,per_party,fold_after,1,9,2197,naive,M_squared,961,2467,259470,261937,8120047,261937,online_verify_reconstruction_units,46,5694.282608695652,9
31,10,PRIME_MERSENNE_61,2305843009213693951,prss_commit_seed_naive,commit,total,fold_after,1,9,2197,naive,M_squared,961,2467,259470,261937,8120047,8120047,online_verify_reconstruction_units,1426,5694.282608695652,9
31,10,PRIME_MERSENNE_61,2305843009213693951,prss_dispute,dispute,per_party,fold_after,1,9,2197,none,none,0,3547,0,3547,109957,3547,online_verify_reconstruction_units,46,77.1086956521739,9
31,10,PRIME_MERSENNE_61,2305843009213693951,prss_dispute,dispute,total,fold_after,1,9,2197,none,none,0,3547,0,3547,109957,109957,online_verify_reconstruction_units,1426,77.1086956521739,9
31,10,PRIME_MERSENNE_61,2305843009213693951,prss_dispute_seed_dpss,dispute,per_party,fold_after,1,9,2197,dpss,one,1,3547,8658,12205,378355,12205,online_verify_reconstruction_units,46,265.32608695652175,9
31,10,PRIME_MERSENNE_61,2305843009213693951,prss_dispute_seed_dpss,dispute,total,fold_after,1,9,2197,dpss,one,1,3547,8658,12205,378355,378355,online_verify_reconstruction_units,1426,265.32608695652175,9
31,10,PRIME_MERSENNE_61,2305843009213693951,prss_dispute_seed_naive,dispute,per_party,fold_after,1,9,2197,naive,one,1,3547,270,3817,118327,3817,online_verify_reconstruction_units,46,82.97826086956522,9
31,10,PRIME_MERSENNE_61,2305843009213693951,prss_dispute_seed_naive,dispute,total,fold_after,1,9,2197,naive,one,1,3547,270,3817,118327,118327,online_verify_reconstruction_units,1426,82.97826086956522,9
31,10,PRIME_MERSENNE_61,2305843009213693951,prss_dispute_seed_dpss,dispute,per_party,fold_after,1,9,2197,dpss,M,31,3547,8928,12475,386725,12475,online_verify_reconstruction_units,46,271.19565217391306,9
31,10,PRIME_MERSENNE_61,2305843009213693951,prss_dispute_seed_dpss,dispute,total,fold_after,1,9,2197,dpss,M,31,3547,8928,12475,386725,386725,online_verify_reconstruction_units,1426,271.19565217391306,9
31,10,PRIME_MERSENNE_61,2305843009213693951,prss_dispute_seed_naive,dispute,per_party,fold_after,1,9,2197,naive,M,31,3547,8370,11917,369427,11917,online_verify_reconstruction_units,46,259.0652173913044,9
31,10,PRIME_MERSENNE_61,2305843009213693951,prss_dispute_seed_naive,dispute,total,fold_after,1,9,2197,naive,M,31,3547,8370,11917,369427,369427,online_verify_reconstruction_units,1426,259.0652173913044,9
31,10,PRIME_MERSENNE_61,2305843009213693951,prss_dispute_seed_dpss,dispute,per_party,fold_after,1,9,2197,dpss,M_squared,961,3547,17298,20845,646195,20845,online_verify_reconstruction_units,46,453.1521739130435,9
31,10,PRIME_MERSENNE_61,2305843009213693951,prss_dispute_seed_dpss,dispute,total,fold_after,1,9,2197,dpss,M_squared,961,3547,17298,20845,646195,646195,online_verify_reconstruction_units,1426,453.1521739130435,9
31,10,PRIME_MERSENNE_61,2305843009213693951,prss_dispute_seed_naive,dispute,per_party,fold_after,1,9,2197,naive,M_squared,961,3547,259470,263017,8153527,263017,online_verify_reconstruction_units,46,5717.760869565217,9
31,10,PRIME_MERSENNE_61,2305843009213693951,prss_dispute_seed_naive,dispute,total,fold_after,1,9,2197,naive,M_squared,961,3547,259470,263017,8153527,8153527,online_verify_reconstruction_units,1426,5717.760869565217,9
31,10,PRIME_MERSENNE_61,2305843009213693951,naive,n/a,per_party,fold_before,0,8,4268,none,none,0,128040,0,128040,3969240,128040,online_verify_reconstruction_units,46,2783.478260869565,9
31,10,PRIME_MERSENNE_61,2305843009213693951,naive,n/a,total,fold_before,0,8,4268,none,none,0,128040,0,128040,3969240,3969240,online_verify_reconstruction_units,1426,2783.478260869565,9
31,10,PRIME_MERSENNE_61,2305843009213693951,dpss_model,n/a,per_party,fold_before,0,8,4268,none,none,0,12917,0,12917,400427,12917,online_verify_reconstruction_units,46,280.80434782608694,9
31,10,PRIME_MERSENNE_61,2305843009213693951,dpss_model,n/a,total,fold_before,0,8,4268,none,none,0,12917,0,12917,400427,400427,online_verify_reconstruction_units,1426,280.80434782608694,9
31,10,PRIME_MERSENNE_61,2305843009213693951,full_mask,n/a,per_party,fold_before,0,8,297,none,none,0,8910,0,8910,276210,8910,online_verify_reconstruction_units,46,193.69565217391303,9
31,10,PRIME_MERSENNE_61,2305843009213693951,full_mask,n/a,total,fold_before,0,8,297,none,none,0,8910,0,8910,276210,276210,online_verify_reconstruction_units,1426,193.69565217391303,9
31,10,PRIME_MERSENNE_61,2305843009213693951,kernel_mask,n/a,per_party,fold_before,0,8,180,none,none,0,5400,0,5400,167400,5400,online_verify_reconstruction_units,46,117.3913043478261,9
31,10,PRIME_MERSENNE_61,2305843009213693951,kernel_mask,n/a,total,fold_before,0,8,180,none,none,0,5400,0,5400,167400,167400,online_verify_reconstruction_units,1426,117.3913043478261,9
31,10,PRIME_MERSENNE_61,2305843009213693951,prss_local,local,per_party,fold_before,0,8,4268,none,none,0,4268,0,4268,132308,4268,online_verify_reconstruction_units,46,92.78260869565217,9
31,10,PRIME_MERSENNE_61,2305843009213693951,prss_local,local,total,fold_before,0,8,4268,none,none,0,4268,0,4268,132308,132308,online_verify_reconstruction_units,1426,92.78260869565217,9
31,10,PRIME_MERSENNE_61,2305843009213693951,prss_local_seed_dpss,local,per_party,fold_before,0,8,4268,dpss,one,1,4268,8658,12926,400706,12926,online_verify_reconstruction_units,46,281.0,9
31,10,PRIME_MERSENNE_61,2305843009213693951,prss_local_seed_dpss,local,total,fold_before,0,8,4268,dpss,one,1,4268,8658,12926,400706,400706,online_verify_reconstruction_units,1426,281.0,9
31,10,PRIME_MERSENNE_61,2305843009213693951,prss_local_seed_naive,local,per_party,fold_before,0,8,4268,naive,one,1,4268,270,4538,140678,4538,online_verify_reconstruction_units,46,98.65217391304348,9
31,10,PRIME_MERSENNE_61,2305843009213693951,prss_local_seed_naive,local,total,fold_before,0,8,4268,naive,one,1,4268,270,4538,140678,140678,online_verify_reconstruction_units,1426,98.65217391304348,9
31,10,PRIME_MERSENNE_61,2305843009213693951,prss_local_seed_dpss,local,per_party,fold_before,0,8,4268,dpss,M,31,4268,8928,13196,409076,13196,online_verify_reconstruction_units,46,286.8695652173913,9
31,10,PRIME_MERSENNE_61,2305843009213693951,prss_local_seed_dpss,local,total,fold_before,0,8,4268,dpss,M,31,4268,8928,13196,409076,409076,online_verify_reconstruction_units,1426,286.8695652173913,9
31,10,PRIME_MERSENNE_61,2305843009213693951,prss_local_seed_naive,local,per_party,fold_before,0,8,4268,naive,M,31,4268,8370,12638,391778,12638,online_verify_reconstruction_units,46,274.7391304347826,9
31,10,PRIME_MERSENNE_61,2305843009213693951,prss_local_seed_naive,local,total,fold_before,0,8,4268,naive,M,31,4268,8370,12638,391778,391778,online_verify_reconstruction_units,1426,274.7391304347826,9
31,10,PRIME_MERSENNE_61,2305843009213693951,prss_local_seed_dpss,local,per_party,fold_before,0,8,4268,dpss,M_squared,961,4268,17298,21566,668546,21566,online_verify_reconstruction_units,46,468.82608695652175,9
31,10,PRIME_MERSENNE_61,2305843009213693951,prss_local_seed_dpss,local,total,fold_before,0,8,4268,dpss,M_squared,961,4268,17298,21566,668546,668546,online_verify_reconstruction_units,1426,468.82608695652175,9
31,10,PRIME_MERSENNE_61,2305843009213693951,prss_local_seed_naive,local,per_party,fold_before,0,8,4268,naive,M_squared,961,4268,259470,263738,8175878,263738,online_verify_reconstruction_units,46,5733.434782608696,9
31,10,PRIME_MERSENNE_61,2305843009213693951,prss_local_seed_naive,local,total,fold_before,0,8,4268,naive,M_squared,961,4268,259470,263738,8175878,8175878,online_verify_reconstruction_units,1426,5733.434782608696,9
31,10,PRIME_MERSENNE_61,2305843009213693951,prss_commit,commit,per_party,fold_before,0,8,4268,none,none,0,4538,0,4538,140678,4538,online_verify_reconstruction_units,46,98.65217391304348,9
31,10,PRIME_MERSENNE_61,2305843009213693951,prss_commit,commit,total,fold_before,0,8,4268,none,none,0,4538,0,4538,140678,140678,online_verify_reconstruction_units,1426,98.65217391304348,9
31,10,PRIME_MERSENNE_61,2305843009213693951,prss_commit_seed_dpss,commit,per_party,fold_before,0,8,4268,dpss,one,1,4538,8658,13196,409076,13196,online_verify_reconstruction_units,46,286.8695652173913,9
31,10,PRIME_MERSENNE_61,2305843009213693951,prss_commit_seed_dpss,commit,total,fold_before,0,8,4268,dpss,one,1,4538,8658,13196,409076,409076,online_verify_reconstruction_units,1426,286.8695652173913,9
31,10,PRIME_MERSENNE_61,2305843009213693951,prss_commit_seed_naive,commit,per_party,fold_before,0,8,4268,naive,one,1,4538,270,4808,149048,4808,online_verify_reconstruction_units,46,104.52173913043478,9
31,10,PRIME_MERSENNE_61,2305843009213693951,prss_commit_seed_naive,commit,total,fold_before,0,8,4268,naive,one,1,4538,270,4808,149048,149048,online_verify_reconstruction_units,1426,104.52173913043478,9
31,10,PRIME_MERSENNE_61,2305843009213693951,prss_commit_seed_dpss,commit,per_party,fold_before,0,8,4268,dpss,M,31,4538,8928,13466,417446,13466,online_verify_reconstruction_units,46,292.7391304347826,9
31,10,PRIME_MERSENNE_61,2305843009213693951,prss_commit_seed_dpss,commit,total,fold_before,0,8,4268,dpss,M,31,4538,8928,13466,417446,417446,online_verify_reconstruction_units,1426,292.7391304347826,9
31,10,PRIME_MERSENNE_61,2305843009213693951,prss_commit_seed_naive,commit,per_party,fold_before,0,8,4268,naive,M,31,4538,8370,12908,400148,12908,online_verify_reconstruction_units,46,280.60869565217394,9
31,10,PRIME_MERSENNE_61,2305843009213693951,prss_commit_seed_naive,commit,total,fold_before,0,8,4268,naive,M,31,4538,8370,12908,400148,400148,online_verify_reconstruction_units,1426,280.60869565217394,9
31,10,PRIME_MERSENNE_61,2305843009213693951,prss_commit_seed_dpss,commit,per_party,fold_before,0,8,4268,dpss,M_squared,961,4538,17298,21836,676916,21836,online_verify_reconstruction_units,46,474.69565217391306,9
31,10,PRIME_MERSENNE_61,2305843009213693951,prss_commit_seed_dpss,commit,total,fold_before,0,8,4268,dpss,M_squared,961,4538,17298,21836,676916,676916,online_verify_reconstruction_units,1426,474.69565217391306,9
31,10,PRIME_MERSENNE_61,2305843009213693951,prss_commit_seed_naive,commit,per_party,fold_before,0,8,4268,naive,M_squared,961,4538,259470,264008,8184248,264008,online_verify_reconstruction_units,46,5739.304347826087,9
31,10,PRIME_MERSENNE_61,2305843009213693951,prss_commit_seed_naive,commit,total,fold_before,0,8,4268,naive,M_squared,961,4538,259470,264008,8184248,8184248,online_verify_reconstruction_units,1426,5739.304347826087,9
31,10,PRIME_MERSENNE_61,2305843009213693951,prss_dispute,dispute,per_party,fold_before,0,8,4268,none,none,0,5618,0,5618,174158,5618,online_verify_reconstruction_units,46,122.1304347826087,9
31,10,PRIME_MERSENNE_61,2305843009213693951,prss_dispute,dispute,total,fold_before,0,8,4268,none,none,0,5618,0,5618,174158,174158,online_verify_reconstruction_units,1426,122.1304347826087,9
31,10,PRIME_MERSENNE_61,2305843009213693951,prss_dispute_seed_dpss,dispute,per_party,fold_before,0,8,4268,dpss,one,1,5618,8658,14276,442556,14276,online_verify_reconstruction_units,46,310.3478260869565,9
31,10,PRIME_MERSENNE_61,2305843009213693951,prss_dispute_seed_dpss,dispute,total,fold_before,0,8,4268,dpss,one,1,5618,8658,14276,442556,442556,online_verify_reconstruction_units,1426,310.3478260869565,9
31,10,PRIME_MERSENNE_61,2305843009213693951,prss_dispute_seed_naive,dispute,per_party,fold_before,0,8,4268,naive,one,1,5618,270,5888,182528,5888,online_verify_reconstruction_units,46,128.0,9
31,10,PRIME_MERSENNE_61,2305843009213693951,prss_dispute_seed_naive,dispute,total,fold_before,0,8,4268,naive,one,1,5618,270,5888,182528,182528,online_verify_reconstruction_units,1426,128.0,9
31,10,PRIME_MERSENNE_61,2305843009213693951,prss_dispute_seed_dpss,dispute,per_party,fold_before,0,8,4268,dpss,M,31,5618,8928,14546,450926,14546,online_verify_reconstruction_units,46,316.2173913043478,9
31,10,PRIME_MERSENNE_61,2305843009213693951,prss_dispute_seed_dpss,dispute,total,fold_before,0,8,4268,dpss,M,31,5618,8928,14546,450926,450926,online_verify_reconstruction_units,1426,316.2173913043478,9
31,10,PRIME_MERSENNE_61,2305843009213693951,prss_dispute_seed_naive,dispute,per_party,fold_before,0,8,4268,naive,M,31,5618,8370,13988,433628,13988,online_verify_reconstruction_units,46,304.0869565217391,9
31,10,PRIME_MERSENNE_61,2305843009213693951,prss_dispute_seed_naive,dispute,total,fold_before,0,8,4268,naive,M,31,5618,8370,13988,433628,433628,online_verify_reconstruction_units,1426,304.0869565217391,9
31,10,PRIME_MERSENNE_61,2305843009213693951,prss_dispute_seed_dpss,dispute,per_party,fold_before,0,8,4268,dpss,M_squared,961,5618,17298,22916,710396,22916,online_verify_reconstruction_units,46,498.17391304347825,9
31,10,PRIME_MERSENNE_61,2305843009213693951,prss_dispute_seed_dpss,dispute,total,fold_before,0,8,4268,dpss,M_squared,961,5618,17298,22916,710396,710396,online_verify_reconstruction_units,1426,498.17391304347825,9
31,10,PRIME_MERSENNE_61,2305843009213693951,prss_dispute_seed_naive,dispute,per_party,fold_before,0,8,4268,naive,M_squared,961,5618,259470,265088,8217728,265088,online_verify_reconstruction_units,46,5762.782608695652,9
31,10,PRIME_MERSENNE_61,2305843009213693951,prss_dispute_seed_naive,dispute,total,fold_before,0,8,4268,naive,M_squared,961,5618,259470,265088,8217728,8217728,online_verify_reconstruction_units,1426,5762.782608695652,9
63,10,PRIME_MERSENNE_61,2305843009213693951,naive,n/a,per_party,fold_after,1,9,2197,none,none,0,136214,0,136214,8581482,136214,online_verify_reconstruction_units,46,2961.1739130434785,9
63,10,PRIME_MERSENNE_61,2305843009213693951,naive,n/a,total,fold_after,1,9,2197,none,none,0,136214,0,136214,8581482,8581482,online_verify_reconstruction_units,2898,2961.1739130434785,9
63,10,PRIME_MERSENNE_61,2305843009213693951,dpss_model,n/a,per_party,fold_after,1,9,2197,none,none,0,37918,0,37918,2388834,37918,online_verify_reconstruction_units,46,824.304347826087,9
63,10,PRIME_MERSENNE_61,2305843009213693951,dpss_model,n/a,total,fold_after,1,9,2197,none,none,0,37918,0,37918,2388834,2388834,online_verify_reconstruction_units,2898,824.304347826087,9
63,10,PRIME_MERSENNE_61,2305843009213693951,full_mask,n/a,per_party,fold_after,1,9,297,none,none,0,18414,0,18414,1160082,18414,online_verify_reconstruction_units,46,400.30434782608694,9
63,10,PRIME_MERSENNE_61,2305843009213693951,full_mask,n/a,total,fold_after,1,9,297,none,none,0,18414,0,18414,1160082,1160082,online_verify_reconstruction_units,2898,400.30434782608694,9
63,10,PRIME_MERSENNE_61,2305843009213693951,kernel_mask,n/a,per_party,fold_after,1,9,153,none,none,0,9486,0,9486,597618,9486,online_verify_reconstruction_units,46,206.2173913043478,9
63,10,PRIME_MERSENNE_61,2305843009213693951,kernel_mask,n/a,total,fold_after,1,9,153,none,none,0,9486,0,9486,597618,597618,online_verify_reconstruction_units,2898,206.2173913043478,9
63,10,PRIME_MERSENNE_61,2305843009213693951,prss_local,local,per_party,fold_after,1,9,2197,none,none,0,2197,0,2197,138411,2197,online_verify_reconstruction_units,46,47.76086956521739,9
63,10,PRIME_MERSENNE_61,2305843009213693951,prss_local,local,total,fold_after,1,9,2197,none,none,0,2197,0,2197,138411,138411,online_verify_reconstruction_units,2898,47.76086956521739,9
63,10,PRIME_MERSENNE_61,2305843009213693951,prss_local_seed_dpss,local,per_party,fold_after,1,9,2197,dpss,one,1,2197,35730,37927,2389401,37927,online_verify_reconstruction_units,46,824.5,9
63,10,PRIME_MERSENNE_61,2305843009213693951,prss_local_seed_dpss,local,total,fold_after,1,9,2197,dpss,one,1,2197,35730,37927,2389401,2389401,online_verify_reconstruction_units,2898,824.5,9
63,10,PRIME_MERSENNE_61,2305843009213693951,prss_local_seed_naive,local,per_party,fold_after,1,9,2197,naive,one,1,2197,558,2755,173565,2755,online_verify_reconstruction_units,46,59.891304347826086,9
63,10,PRIME_MERSENNE_61,2305843009213693951,prss_local_seed_naive,local,total,fold_after,1,9,2197,naive,one,1,2197,558,2755,173565,173565,online_verify_reconstruction_units,2898,59.891304347826086,9
63,10,PRIME_MERSENNE_61,2305843009213693951,prss_local_seed_dpss,local,per_party,fold_after,1,9,2197,dpss,M,63,2197,36288,38485,2424555,38485,online_verify_reconstruction_units,46,836.6304347826087,9
63,10,PRIME_MERSENNE_61,2305843009213693951,prss_local_seed_dpss,local,total,fold_after,1,9,2197,dpss,M,63,2197,36288,38485,2424555,2424555,online_verify_reconstruction_units,2898,836.6304347826087,9
63,10,PRIME_MERSENNE_61,2305843009213693951,prss_local_seed_naive,local,per_party,fold_after,1,9,2197,naive,M,63,2197,35154,37351,2353113,37351,online_verify_reconstruction_units,46,811.9782608695652,9
63,10,PRIME_MERSENNE_61,2305843009213693951,prss_local_seed_naive,local,total,fold_after,1,9,2197,naive,M,63,2197,35154,37351,2353113,2353113,online_verify_reconstruction_units,2898,811.9782608695652,9
63,10,PRIME_MERSENNE_61,2305843009213693951,prss_local_seed_dpss,local,per_party,fold_after,1,9,2197,dpss,M_squared,3969,2197,71442,73639,4639257,73639,online_verify_reconstruction_units,46,1600.8478260869565,9
63,10,PRIME_MERSENNE_61,2305843009213693951,prss_local_seed_dpss,local,total,fold_after,1,9,2197,dpss,M_squared,3969,2197,71442,73639,4639257,4639257,online_verify_reconstruction_units,2898,1600.8478260869565,9
63,10,PRIME_MERSENNE_61,2305843009213693951,prss_local_seed_naive,local,per_party,fold_after,1,9,2197,naive,M_squared,3969,2197,2214702,2216899,139664637,2216899,online_verify_reconstruction_units,46,48193.45652173913,9
63,10,PRIME_MERSENNE_61,2305843009213693951,prss_local_seed_naive,local,total,fold_after,1,9,2197,naive,M_squared,3969,2197,2214702,2216899,139664637,139664637,online_verify_reconstruction_units,2898,48193.45652173913,9
63,10,PRIME_MERSENNE_61,2305843009213693951,prss_commit,commit,per_party,fold_after,1,9,2197,none,none,0,2755,0,2755,173565,2755,online_verify_reconstruction_units,46,59.891304347826086,9
63,10,PRIME_MERSENNE_61,2305843009213693951,prss_commit,commit,total,fold_after,1,9,2197,none,none,0,2755,0,2755,173565,173565,online_verify_reconstruction_units,2898,59.891304347826086,9
63,10,PRIME_MERSENNE_61,2305843009213693951,prss_commit_seed_dpss,commit,per_party,fold_after,1,9,2197,dpss,one,1,2755,35730,38485,2424555,38485,online_verify_reconstruction_units,46,836.6304347826087,9
63,10,PRIME_MERSENNE_61,2305843009213693951,prss_commit_seed_dpss,commit,total,fold_after,1,9,2197,dpss,one,1,2755,35730,38485,2424555,2424555,online_verify_reconstruction_units,2898,836.6304347826087,9
63,10,PRIME_MERSENNE_61,2305843009213693951,prss_commit_seed_naive,commit,per_party,fold_after,1,9,2197,naive,one,1,2755,558,3313,208719,3313,online_verify_reconstruction_units,46,72.02173913043478,9
63,10,PRIME_MERSENNE_61,2305843009213693951,prss_commit_seed_naive,commit,total,fold_after,1,9,2197,naive,one,1,2755,558,3313,208719,208719,online_verify_reconstruction_units,2898,72.02173913043478,9
63,10,PRIME_MERSENNE_61,2305843009213693951,prss_commit_seed_dpss,commit,per_party,fold_after,1,9,2197,dpss,M,63,2755,36288,39043,2459709,39043,online_verify_reconstruction_units,46,848.7608695652174,9
63,10,PRIME_MERSENNE_61,2305843009213693951,prss_commit_seed_dpss,commit,total,fold_after,1,9,2197,dpss,M,63,2755,36288,39043,2459709,2459709,online_verify_reconstruction_units,2898,848.7608695652174,9
63,10,PRIME_MERSENNE_61,2305843009213693951,prss_commit_seed_naive,commit,per_party,fold_after,1,9,2197,naive,M,63,2755,35154,37909,2388267,37909,online_verify_reconstruction_units,46,824.1086956521739,9
63,10,PRIME_MERSENNE_61,2305843009213693951,prss_commit_seed_naive,commit,total,fold_after,1,9,2197,naive,M,63,2755,35154,37909,2388267,2388267,online_verify_reconstruction_units,2898,824.1086956521739,9
63,10,PRIME_MERSENNE_61,2305843009213693951,prss_commit_seed_dpss,commit,per_party,fold_after,1,9,2197,dpss,M_squared,3969,2755,71442,74197,4674411,74197,online_verify_reconstruction_units,46,1612.9782608695652,9
63,10,PRIME_MERSENNE_61,2305843009213693951,prss_commit_seed_dpss,commit,total,fold_after,1,9,2197,dpss,M_squared,3969,2755,71442,74197,4674411,4674411,online_verify_reconstruction_units,2898,1612.9782608695652,9
63,10,PRIME_MERSENNE_61,2305843009213693951,prss_commit_seed_naive,commit,per_party,fold_after,1,9,2197,naive,M_squared,3969,2755,2214702,2217457,139699791,2217457,online_verify_reconstruction_units,46,48205.586956521736,9
63,10,PRIME_MERSENNE_61,2305843009213693951,prss_commit_seed_naive,commit,total,fold_after,1,9,2197,naive,M_squared,3969,2755,2214702,2217457,139699791,139699791,online_verify_reconstruction_units,2898,48205.586956521736,9
63,10,PRIME_MERSENNE_61,2305843009213693951,prss_dispute,dispute,per_party,fold_after,1,9,2197,none,none,0,5545,0,5545,349335,5545,online_verify_reconstruction_units,46,120.54347826086956,9
63,10,PRIME_MERSENNE_61,2305843009213693951,prss_dispute,dispute,total,fold_after,1,9,2197,none,none,0,5545,0,5545,349335,349335,online_verify_reconstruction_units,2898,120.54347826086956,9
63,10,PRIME_MERSENNE_61,2305843009213693951,prss_dispute_seed_dpss,dispute,per_party,fold_after,1,9,2197,dpss,one,1,5545,35730,41275,2600325,41275,online_verify_reconstruction_units,46,897.2826086956521,9
63,10,PRIME_MERSENNE_61,2305843009213693951,prss_dispute_seed_dpss,dispute,total,fold_after,1,9,2197,dpss,one,1,5545,35730,41275,2600325,2600325,online_verify_reconstruction_units,2898,897.2826086956521,9
63,10,PRIME_MERSENNE_61,2305843009213693951,prss_dispute_seed_naive,dispute,per_party,fold_after,1,9,2197,naive,one,1,5545,558,6103,384489,6103,online_verify_reconstruction_units,46,132.67391304347825,9
63,10,PRIME_MERSENNE_61,2305843009213693951,prss_dispute_seed_naive,dispute,total,fold_after,1,9,2197,naive,one,1,5545,558,6103,384489,384489,online_verify_reconstruction_units,2898,132.67391304347825,9
63,10,PRIME_MERSENNE_61,2305843009213693951,prss_dispute_seed_dpss,dispute,per_party,fold_after,1,9,2197,dpss,M,63,5545,36288,41833,2635479,41833,online_verify_reconstruction_units,46,909.4130434782609,9
63,10,PRIME_MERSENNE_61,2305843009213693951,prss_dispute_seed_dpss,dispute,total,fold_after,1,9,2197,dpss,M,63,5545,36288,41833,2635479,2635479,online_verify_reconstruction_units,2898,909.4130434782609,9
63,10,PRIME_MERSENNE_61,2305843009213693951,prss_dispute_seed_naive,dispute,per_party,fold_after,1,9,2197,naive,M,63,5545,35154,40699,2564037,40699,online_verify_reconstruction_units,46,884.7608695652174,9
63,10,PRIME_MERSENNE_61,2305843009213693951,prss_dispute_seed_naive,dispute,total,fold_after,1,9,2197,naive,M,63,5545,35154,40699,2564037,2564037,online_verify_reconstruction_units,2898,884.7608695652174,9
63,10,PRIME_MERSENNE_61,2305843009213693951,prss_dispute_seed_dpss,dispute,per_party,fold_after,1,9,2197,dpss,M_squared,3969,5545,71442,76987,4850181,76987,online_verify_reconstruction_units,46,1673.6304347826087,9
63,10,PRIME_MERSENNE_61,2305843009213693951,prss_dispute_seed_dpss,dispute,total,fold_after,1,9,2197,dpss,M_squared,3969,5545,71442,76987,4850181,4850181,online_verify_reconstruction_units,2898,1673.6304347826087,9
63,10,PRIME_MERSENNE_61,2305843009213693951,prss_dispute_seed_naive,dispute,per_party,fold_after,1,9,2197,naive,M_squared,3969,5545,2214702,2220247,139875561,2220247,online_verify_reconstruction_units,46,48266.239130434784,9
63,10,PRIME_MERSENNE_61,2305843009213693951,prss_dispute_seed_naive,dispute,total,fold_after,1,9,2197,naive,M_squared,3969,5545,2214702,2220247,139875561,139875561,online_verify_reconstruction_units,2898,48266.239130434784,9
63,10,PRIME_MERSENNE_61,2305843009213693951,naive,n/a,per_party,fold_before,0,8,4268,none,none,0,264616,0,264616,16670808,264616,online_verify_reconstruction_units,46,5752.521739130435,9
63,10,PRIME_MERSENNE_61,2305843009213693951,naive,n/a,total,fold_before,0,8,4268,none,none,0,264616,0,264616,16670808,16670808,online_verify_reconstruction_units,2898,5752.521739130435,9
63,10,PRIME_MERSENNE_61,2305843009213693951,dpss_model,n/a,per_party,fold_before,0,8,4268,none,none,0,39989,0,39989,2519307,39989,online_verify_reconstruction_units,46,869.3260869565217,9
63,10,PRIME_MERSENNE_61,2305843009213693951,dpss_model,n/a,total,fold_before,0,8,4268,none,none,0,39989,0,39989,2519307,2519307,online_verify_reconstruction_units,2898,869.3260869565217,9
63,10,PRIME_MERSENNE_61,2305843009213693951,full_mask,n/a,per_party,fold_before,0,8,297,none,none,0,18414,0,18414,1160082,18414,online_verify_reconstruction_units,46,400.30434782608694,9
63,10,PRIME_MERSENNE_61,2305843009213693951,full_mask,n/a,total,fold_before,0,8,297,none,none,0,18414,0,18414,1160082,1160082,online_verify_reconstruction_units,2898,400.30434782608694,9
63,10,PRIME_MERSENNE_61,2305843009213693951,kernel_mask,n/a,per_party,fold_before,0,8,180,none,none,0,11160,0,11160,703080,11160,online_verify_reconstruction_units,46,242.6086956521739,9
63,10,PRIME_MERSENNE_61,2305843009213693951,kernel_mask,n/a,total,fold_before,0,8,180,none,none,0,11160,0,11160,703080,703080,online_verify_reconstruction_units,2898,242.6086956521739,9
63,10,PRIME_MERSENNE_61,2305843009213693951,prss_local,local,per_party,fold_before,0,8,4268,none,none,0,4268,0,4268,268884,4268,online_verify_reconstruction_units,46,92.78260869565217,9
63,10,PRIME_MERSENNE_61,2305843009213693951,prss_local,local,total,fold_before,0,8,4268,none,none,0,4268,0,4268,268884,268884,online_verify_reconstruction_units,2898,92.78260869565217,9
63,10,PRIME_MERSENNE_61,2305843009213693951,prss_local_seed_dpss,local,per_party,fold_before,0,8,4268,dpss,one,1,4268,35730,39998,2519874,39998,online_verify_reconstruction_units,46,869.5217391304348,9
63,10,PRIME_MERSENNE_61,2305843009213693951,prss_local_seed_dpss,local,total,fold_before,0,8,4268,dpss,one,1,4268,35730,39998,2519874,2519874,online_verify_reconstruction_units,2898,869.5217391304348,9
63,10,PRIME_MERSENNE_61,2305843009213693951,prss_local_seed_naive,local,per_party,fold_before,0,8,4268,naive,one,1,4268,558,4826,304038,4826,online_verify_reconstruction_units,46,104.91304347826087,9
63,10,PRIME_MERSENNE_61,2305843009213693951,prss_local_seed_naive,local,total,fold_before,0,8,4268,naive,one,1,4268,558,4826,304038,304038,online_verify_reconstruction_units,2898,104.91304347826087,9
63,10,PRIME_MERSENNE_61,2305843009213693951,prss_local_seed_dpss,local,per_party,fold_before,0,8,4268,dpss,M,63,4268,36288,40556,2555028,40556,online_verify_reconstruction_units,46,881.6521739130435,9
63,10,PRIME_MERSENNE_61,2305843009213693951,prss_local_seed_dpss,local,total,fold_before,0,8,4268,dpss,M,63,4268,36288,40556,2555028,2555028,online_verify_reconstruction_units,2898,881.6521739130435,9
63,10,PRIME_MERSENNE_61,2305843009213693951,prss_local_seed_naive,local,per_party,fold_before,0,8,4268,naive,M,63,4268,35154,39422,2483586,39422,online_verify_reconstruction_units,46,857.0,9
63,10,PRIME_MERSENNE_61,2305843009213693951,prss_local_seed_naive,local,total,fold_before,0,8,4268,naive,M,63,4268,35154,39422,2483586,2483586,online_verify_reconstruction_units,2898,857.0,9
63,10,PRIME_MERSENNE_61,2305843009213693951,prss_local_seed_dpss,local,per_party,fold_before,0,8,4268,dpss,M_squared,3969,4268,71442,75710,4769730,75710,online_verify_reconstruction_units,46,1645.8695652173913,9
63,10,PRIME_MERSENNE_61,2305843009213693951,prss_local_seed_dpss,local,total,fold_before,0,8,4268,dpss,M_squared,3969,4268,71442,75710,4769730,4769730,online_verify_reconstruction_units,2898,1645.8695652173913,9
63,10,PRIME_MERSENNE_61,2305843009213693951,prss_local_seed_naive,local,per_party,fold_before,0,8,4268,naive,M_squared,3969,4268,2214702,2218970,139795110,2218970,online_verify_reconstruction_units,46,48238.47826086957,9
63,10,PRIME_MERSENNE_61,2305843009213693951,prss_local_seed_naive,local,total,fold_before,0,8,4268,naive,M_squared,3969,4268,2214702,2218970,139795110,139795110,online_verify_reconstruction_units,2898,48238.47826086957,9
63,10,PRIME_MERSENNE_61,2305843009213693951,prss_commit,commit,per_party,fold_before,0,8,4268,none,none,0,4826,0,4826,304038,4826,online_verify_reconstruction_units,46,104.91304347826087,9
63,10,PRIME_MERSENNE_61,2305843009213693951,prss_commit,commit,total,fold_before,0,8,4268,none,none,0,4826,0,4826,304038,304038,online_verify_reconstruction_units,2898,104.91304347826087,9
63,10,PRIME_MERSENNE_61,2305843009213693951,prss_commit_seed_dpss,commit,per_party,fold_before,0,8,4268,dpss,one,1,4826,35730,40556,2555028,40556,online_verify_reconstruction_units,46,881.6521739130435,9
63,10,PRIME_MERSENNE_61,2305843009213693951,prss_commit_seed_dpss,commit,total,fold_before,0,8,4268,dpss,one,1,4826,35730,40556,2555028,2555028,online_verify_reconstruction_units,2898,881.6521739130435,9
63,10,PRIME_MERSENNE_61,2305843009213693951,prss_commit_seed_naive,commit,per_party,fold_before,0,8,4268,naive,one,1,4826,558,5384,339192,5384,online_verify_reconstruction_units,46,117.04347826086956,9
63,10,PRIME_MERSENNE_61,2305843009213693951,prss_commit_seed_naive,commit,total,fold_before,0,8,4268,naive,one,1,4826,558,5384,339192,339192,online_verify_reconstruction_units,2898,117.04347826086956,9
63,10,PRIME_MERSENNE_61,2305843009213693951,prss_commit_seed_dpss,commit,per_party,fold_before,0,8,4268,dpss,M,63,4826,36288,41114,2590182,41114,online_verify_reconstruction_units,46,893.7826086956521,9
63,10,PRIME_MERSENNE_61,2305843009213693951,prss_commit_seed_dpss,commit,total,fold_before,0,8,4268,dpss,M,63,4826,36288,41114,2590182,2590182,online_verify_reconstruction_units,2898,893.7826086956521,9
63,10,PRIME_MERSENNE_61,2305843009213693951,prss_commit_seed_naive,commit,per_party,fold_before,0,8,4268,naive,M,63,4826,35154,39980,2518740,39980,online_verify_reconstruction_units,46,869.1304347826087,9
63,10,PRIME_MERSENNE_61,2305843009213693951,prss_commit_seed_naive,commit,total,fold_before,0,8,4268,naive,M,63,4826,35154,39980,2518740,2518740,online_verify_reconstruction_units,2898,869.1304347826087,9
63,10,PRIME_MERSENNE_61,2305843009213693951,prss_commit_seed_dpss,commit,per_party,fold_before,0,8,4268,dpss,M_squared,3969,4826,71442,76268,4804884,76268,online_verify_reconstruction_units,46,1658.0,9
63,10,PRIME_MERSENNE_61,2305843009213693951,prss_commit_seed_dpss,commit,total,fold_before,0,8,4268,dpss,M_squared,3969,4826,71442,76268,4804884,4804884,online_verify_reconstruction_units,2898,1658.0,9
63,10,PRIME_MERSENNE_61,2305843009213693951,prss_commit_seed_naive,commit,per_party,fold_before,0,8,4268,naive,M_squared,3969,4826,2214702,2219528,139830264,2219528,online_verify_reconstruction_units,46,48250.608695652176,9
63,10,PRIME_MERSENNE_61,2305843009213693951,prss_commit_seed_naive,commit,total,fold_before,0,8,4268,naive,M_squared,3969,4826,2214702,2219528,139830264,139830264,online_verify_reconstruction_units,2898,48250.608695652176,9
63,10,PRIME_MERSENNE_61,2305843009213693951,prss_dispute,dispute,per_party,fold_before,0,8,4268,none,none,0,7616,0,7616,479808,7616,online_verify_reconstruction_units,46,165.56521739130434,9
63,10,PRIME_MERSENNE_61,2305843009213693951,prss_dispute,dispute,total,fold_before,0,8,4268,none,none,0,7616,0,7616,479808,479808,online_verify_reconstruction_units,2898,165.56521739130434,9
63,10,PRIME_MERSENNE_61,2305843009213693951,prss_dispute_seed_dpss,dispute,per_party,fold_before,0,8,4268,dpss,one,1,7616,35730,43346,2730798,43346,online_verify_reconstruction_units,46,942.304347826087,9
63,10,PRIME_MERSENNE_61,2305843009213693951,prss_dispute_seed_dpss,dispute,total,fold_before,0,8,4268,dpss,one,1,7616,35730,43346,2730798,2730798,online_verify_reconstruction_units,2898,942.304347826087,9
63,10,PRIME_MERSENNE_61,2305843009213693951,prss_dispute_seed_naive,dispute,per_party,fold_before,0,8,4268,naive,one,1,7616,558,8174,514962,8174,online_verify_reconstruction_units,46,177.69565217391303,9
63,10,PRIME_MERSENNE_61,2305843009213693951,prss_dispute_seed_naive,dispute,total,fold_before,0,8,4268,naive,one,1,7616,558,8174,514962,514962,online_verify_reconstruction_units,2898,177.69565217391303,9
63,10,PRIME_MERSENNE_61,2305843009213693951,prss_dispute_seed_dpss,dispute,per_party,fold_before,0,8,4268,dpss,M,63,7616,36288,43904,2765952,43904,online_verify_reconstruction_units,46,954.4347826086956,9
63,10,PRIME_MERSENNE_61,2305843009213693951,prss_dispute_seed_dpss,dispute,total,fold_before,0,8,4268,dpss,M,63,7616,36288,43904,2765952,2765952,online_verify_reconstruction_units,2898,954.4347826086956,9
63,10,PRIME_MERSENNE_61,2305843009213693951,prss_dispute_seed_naive,dispute,per_party,fold_before,0,8,4268,naive,M,63,7616,35154,42770,2694510,42770,online_verify_reconstruction_units,46,929.7826086956521,9
63,10,PRIME_MERSENNE_61,2305843009213693951,prss_dispute_seed_naive,dispute,total,fold_before,0,8,4268,naive,M,63,7616,35154,42770,2694510,2694510,online_verify_reconstruction_units,2898,929.7826086956521,9
63,10,PRIME_MERSENNE_61,2305843009213693951,prss_dispute_seed_dpss,dispute,per_party,fold_before,0,8,4268,dpss,M_squared,3969,7616,71442,79058,4980654,79058,online_verify_reconstruction_units,46,1718.6521739130435,9
63,10,PRIME_MERSENNE_61,2305843009213693951,prss_dispute_seed_dpss,dispute,total,fold_before,0,8,4268,dpss,M_squared,3969,7616,71442,79058,4980654,4980654,online_verify_reconstruction_units,2898,1718.6521739130435,9
63,10,PRIME_MERSENNE_61,2305843009213693951,prss_dispute_seed_naive,dispute,per_party,fold_before,0,8,4268,naive,M_squared,3969,7616,2214702,2222318,140006034,2222318,online_verify_reconstruction_units,46,48311.260869565216,9
63,10,PRIME_MERSENNE_61,2305843009213693951,prss_dispute_seed_naive,dispute,total,fold_before,0,8,4268,naive,M_squared,3969,7616,2214702,2222318,140006034,140006034,online_verify_reconstruction_units,2898,48311.260869565216,9
3,12,PRIME_MERSENNE_61,2305843009213693951,naive,n/a,per_party,fold_after,1,11,8408,none,none,0,16816,0,16816,50448,16816,online_verify_reconstruction_units,54,311.4074074074074,11
3,12,PRIME_MERSENNE_61,2305843009213693951,naive,n/a,total,fold_after,1,11,8408,none,none,0,16816,0,16816,50448,50448,online_verify_reconstruction_units,162,311.4074074074074,11
3,12,PRIME_MERSENNE_61,2305843009213693951,dpss_model,n/a,per_party,fold_after,1,11,8408,none,none,0,8507,0,8507,25521,8507,online_verify_reconstruction_units,54,157.53703703703704,11
3,12,PRIME_MERSENNE_61,2305843009213693951,dpss_model,n/a,total,fold_after,1,11,8408,none,none,0,8507,0,8507,25521,25521,online_verify_reconstruction_units,162,157.53703703703704,11
3,12,PRIME_MERSENNE_61,2305843009213693951,full_mask,n/a,per_party,fold_after,1,11,429,none,none,0,858,0,858,2574,858,online_verify_reconstruction_units,54,15.88888888888889,11
3,12,PRIME_MERSENNE_61,2305843009213693951,full_mask,n/a,total,fold_after,1,11,429,none,none,0,858,0,858,2574,2574,online_verify_reconstruction_units,162,15.88888888888889,11
3,12,PRIME_MERSENNE_61,2305843009213693951,kernel_mask,n/a,per_party,fold_after,1,11,220,none,none,0,440,0,440,1320,440,online_verify_reconstruction_units,54,8.148148148148149,11
3,12,PRIME_MERSENNE_61,2305843009213693951,kernel_mask,n/a,total,fold_after,1,11,220,none,none,0,440,0,440,1320,1320,online_verify_reconstruction_units,162,8.148148148148149,11
3,12,PRIME_MERSENNE_61,2305843009213693951,prss_local,local,per_party,fold_after,1,11,8408,none,none,0,8408,0,8408,25224,8408,online_verify_reconstruction_units,54,155.7037037037037,11
3,12,PRIME_MERSENNE_61,2305843009213693951,prss_local,local,total,fold_after,1,11,8408,none,none,0,8408,0,8408,25224,25224,online_verify_reconstruction_units,162,155.7037037037037,11
3,12,PRIME_MERSENNE_61,2305843009213693951,prss_local_seed_dpss,local,per_party,fold_after,1,11,8408,dpss,one,1,8408,110,8518,25554,8518,online_verify_reconstruction_units,54,157.74074074074073,11
3,12,PRIME_MERSENNE_61,2305843009213693951,prss_local_seed_dpss,local,total,fold_after,1,11,8408,dpss,one,1,8408,110,8518,25554,25554,online_verify_reconstruction_units,162,157.74074074074073,11
3,12,PRIME_MERSENNE_61,2305843009213693951,prss_local_seed_naive,local,per_party,fold_after,1,11,8408,naive,one,1,8408,22,8430,25290,8430,online_verify_reconstruction_units,54,156.11111111111111,11
3,12,PRIME_MERSENNE_61,2305843009213693951,prss_local_seed_naive,local,total,fold_after,1,11,8408,naive,one,1,8408,22,8430,25290,25290,online_verify_reconstruction_units,162,156.11111111111111,11
3,12,PRIME_MERSENNE_61,2305843009213693951,prss_local_seed_dpss,local,per_party,fold_after,1,11,8408,dpss,M,3,8408,132,8540,25620,8540,online_verify_reconstruction_units,54,158.14814814814815,11
3,12,PRIME_MERSENNE_61,2305843009213693951,prss_local_seed_dpss,local,total,fold_after,1,11,8408,dpss,M,3,8408,132,8540,25620,25620,online_verify_reconstruction_units,162,158.14814814814815,11
3,12,PRIME_MERSENNE_61,2305843009213693951,prss_local_seed_naive,local,per_party,fold_after,1,11,8408,naive,M,3,8408,66,8474,25422,8474,online_verify_reconstruction_units,54,156.92592592592592,11
3,12,PRIME_MERSENNE_61,2305843009213693951,prss_local_seed_naive,local,total,fold_after,1,11,8408,naive,M,3,8408,66,8474,25422,25422,online_verify_reconstruction_units,162,156.92592592592592,11
3,12,PRIME_MERSENNE_61,2305843009213693951,prss_local_seed_dpss,local,per_party,fold_after,1,11,8408,dpss,M_squared,9,8408,198,8606,25818,8606,online_verify_reconstruction_units,54,159.37037037037038,11
3,12,PRIME_MERSENNE_61,2305843009213693951,prss_local_seed_dpss,local,total,fold_after,1,11,8408,dpss,M_squared,9,8408,198,8606,25818,25818,online_verify_reconstruction_units,162,159.37037037037038,11
3,12,PRIME_MERSENNE_61,2305843009213693951,prss_local_seed_naive,local,per_party,fold_after,1,11,8408,naive,M_squared,9,8408,198,8606,25818,8606,online_verify_reconstruction_units,54,159.37037037037038,11
3,12,PRIME_MERSENNE_61,2305843009213693951,prss_local_seed_naive,local,total,fold_after,1,11,8408,naive,M_squared,9,8408,198,8606,25818,25818,online_verify_reconstruction_units,162,159.37037037037038,11
3,12,PRIME_MERSENNE_61,2305843009213693951,prss_commit,commit,per_party,fold_after,1,11,8408,none,none,0,8430,0,8430,25290,8430,online_verify_reconstruction_units,54,156.11111111111111,11
3,12,PRIME_MERSENNE_61,2305843009213693951,prss_commit,commit,total,fold_after,1,11,8408,none,none,0,8430,0,8430,25290,25290,online_verify_reconstruction_units,162,156.11111111111111,11
3,12,PRIME_MERSENNE_61,2305843009213693951,prss_commit_seed_dpss,commit,per_party,fold_after,1,11,8408,dpss,one,1,8430,110,8540,25620,8540,online_verify_reconstruction_units,54,158.14814814814815,11
3,12,PRIME_MERSENNE_61,2305843009213693951,prss_commit_seed_dpss,commit,total,fold_after,1,11,8408,dpss,one,1,8430,110,8540,25620,25620,online_verify_reconstruction_units,162,158.14814814814815,11
3,12,PRIME_MERSENNE_61,2305843009213693951,prss_commit_seed_naive,commit,per_party,fold_after,1,11,8408,naive,one,1,8430,22,8452,25356,8452,online_verify_reconstruction_units,54,156.5185185185185,11
3,12,PRIME_MERSENNE_61,2305843009213693951,prss_commit_seed_naive,commit,total,fold_after,1,11,8408,naive,one,1,8430,22,8452,25356,25356,online_verify_reconstruction_units,162,156.5185185185185,11
3,12,PRIME_MERSENNE_61,2305843009213693951,prss_commit_seed_dpss,commit,per_party,fold_after,1,11,8408,dpss,M,3,8430,132,8562,25686,8562,online_verify_reconstruction_units,54,158.55555555555554,11
3,12,PRIME_MERSENNE_61,2305843009213693951,prss_commit_seed_dpss,commit,total,fold_after,1,11,8408,dpss,M,3,8430,132,8562,25686,25686,online_verify_reconstruction_units,162,158.55555555555554,11
3,12,PRIME_MERSENNE_61,2305843009213693951,prss_commit_seed_naive,commit,per_party,fold_after,1,11,8408,naive,M,3,8430,66,8496,25488,8496,online_verify_reconstruction_units,54,157.33333333333334,11
3,12,PRIME_MERSENNE_61,2305843009213693951,prss_commit_seed_naive,commit,total,fold_after,1,11,8408,naive,M,3,8430,66,8496,25488,25488,online_verify_reconstruction_units,162,157.33333333333334,11
3,12,PRIME_MERSENNE_61,2305843009213693951,prss_commit_seed_dpss,commit,per_party,fold_after,1,11,8408,dpss,M_squared,9,8430,198,8628,25884,8628,online_verify_reconstruction_units,54,159.77777777777777,11
3,12,PRIME_MERSENNE_61,2305843009213693951,prss_commit_seed_dpss,commit,total,fold_after,1,11,8408,dpss,M_squared,9,8430,198,8628,25884,25884,online_verify_reconstruction_units,162,159.77777777777777,11
3,12,PRIME_MERSENNE_61,2305843009213693951,prss_commit_seed_naive,commit,per_party,fold_after,1,11,8408,naive,M_squared,9,8430,198,8628,25884,8628,online_verify_reconstruction_units,54,159.77777777777777,11
3,12,PRIME_MERSENNE_61,2305843009213693951,prss_commit_seed_naive,commit,total,fold_after,1,11,8408,naive,M_squared,9,8430,198,8628,25884,25884,online_verify_reconstruction_units,162,159.77777777777777,11
3,12,PRIME_MERSENNE_61,2305843009213693951,prss_dispute,dispute,per_party,fold_after,1,11,8408,none,none,0,8452,0,8452,25356,8452,online_verify_reconstruction_units,54,156.5185185185185,11
3,12,PRIME_MERSENNE_61,2305843009213693951,prss_dispute,dispute,total,fold_after,1,11,8408,none,none,0,8452,0,8452,25356,25356,online_verify_reconstruction_units,162,156.5185185185185,11
3,12,PRIME_MERSENNE_61,2305843009213693951,prss_dispute_seed_dpss,dispute,per_party,fold_after,1,11,8408,dpss,one,1,8452,110,8562,25686,8562,online_verify_reconstruction_units,54,158.55555555555554,11
3,12,PRIME_MERSENNE_61,2305843009213693951,prss_dispute_seed_dpss,dispute,total,fold_after,1,11,8408,dpss,one,1,8452,110,8562,25686,25686,online_verify_reconstruction_units,162,158.55555555555554,11
3,12,PRIME_MERSENNE_61,2305843009213693951,prss_dispute_seed_naive,dispute,per_party,fold_after,1,11,8408,naive,one,1,8452,22,8474,25422,8474,online_verify_reconstruction_units,54,156.92592592592592,11
3,12,PRIME_MERSENNE_61,2305843009213693951,prss_dispute_seed_naive,dispute,total,fold_after,1,11,8408,naive,one,1,8452,22,8474,25422,25422,online_verify_reconstruction_units,162,156.92592592592592,11
3,12,PRIME_MERSENNE_61,2305843009213693951,prss_dispute_seed_dpss,dispute,per_party,fold_after,1,11,8408,dpss,M,3,8452,132,8584,25752,8584,online_verify_reconstruction_units,54,158.96296296296296,11
3,12,PRIME_MERSENNE_61,2305843009213693951,prss_dispute_seed_dpss,dispute,total,fold_after,1,11,8408,dpss,M,3,8452,132,8584,25752,25752,online_verify_reconstruction_units,162,158.96296296296296,11
3,12,PRIME_MERSENNE_61,2305843009213693951,prss_dispute_seed_naive,dispute,per_party,fold_after,1,11,8408,naive,M,3,8452,66,8518,25554,8518,online_verify_reconstruction_units,54,157.74074074074073,11
3,12,PRIME_MERSENNE_61,2305843009213693951,prss_dispute_seed_naive,dispute,total,fold_after,1,11,8408,naive,M,3,8452,66,8518,25554,25554,online_verify_reconstruction_units,162,157.74074074074073,11
3,12,PRIME_MERSENNE_61,2305843009213693951,prss_dispute_seed_dpss,dispute,per_party,fold_after,1,11,8408,dpss,M_squared,9,8452,198,8650,25950,8650,online_verify_reconstruction_units,54,160.1851851851852,11
3,12,PRIME_MERSENNE_61,2305843009213693951,prss_dispute_seed_dpss,dispute,total,fold_after,1,11,8408,dpss,M_squared,9,8452,198,8650,25950,25950,online_verify_reconstruction_units,162,160.1851851851852,11
3,12,PRIME_MERSENNE_61,2305843009213693951,prss_dispute_seed_naive,dispute,per_party,fold_after,1,11,8408,naive,M_squared,9,8452,198,8650,25950,8650,online_verify_reconstruction_units,54,160.1851851851852,11
3,12,PRIME_MERSENNE_61,2305843009213693951,prss_dispute_seed_naive,dispute,total,fold_after,1,11,8408,naive,M_squared,9,8452,198,8650,25950,25950,online_verify_reconstruction_units,162,160.1851851851852,11
3,12,PRIME_MERSENNE_61,2305843009213693951,naive,n/a,per_party,fold_before,0,10,16629,none,none,0,33258,0,33258,99774,33258,online_verify_reconstruction_units,54,615.8888888888889,11
3,12,PRIME_MERSENNE_61,2305843009213693951,naive,n/a,total,fold_before,0,10,16629,none,none,0,33258,0,33258,99774,99774,online_verify_reconstruction_units,162,615.8888888888889,11
3,12,PRIME_MERSENNE_61,2305843009213693951,dpss_model,n/a,per_party,fold_before,0,10,16629,none,none,0,16728,0,16728,50184,16728,online_verify_reconstruction_units,54,309.77777777777777,11
3,12,PRIME_MERSENNE_61,2305843009213693951,dpss_model,n/a,total,fold_before,0,10,16629,none,none,0,16728,0,16728,50184,50184,online_verify_reconstruction_units,162,309.77777777777777,11
3,12,PRIME_MERSENNE_61,2305843009213693951,full_mask,n/a,per_party,fold_before,0,10,429,none,none,0,858,0,858,2574,858,online_verify_reconstruction_units,54,15.88888888888889,11
3,12,PRIME_MERSENNE_61,2305843009213693951,full_mask,n/a,total,fold_before,0,10,429,none,none,0,858,0,858,2574,2574,online_verify_reconstruction_units,162,15.88888888888889,11
3,12,PRIME_MERSENNE_61,2305843009213693951,kernel_mask,n/a,per_party,fold_before,0,10,253,none,none,0,506,0,506,1518,506,online_verify_reconstruction_units,54,9.37037037037037,11
3,12,PRIME_MERSENNE_61,2305843009213693951,kernel_mask,n/a,total,fold_before,0,10,253,none,none,0,506,0,506,1518,1518,online_verify_reconstruction_units,162,9.37037037037037,11
3,12,PRIME_MERSENNE_61,2305843009213693951,prss_local,local,per_party,fold_before,0,10,16629,none,none,0,16629,0,16629,49887,16629,online_verify_reconstruction_units,54,307.94444444444446,11
3,12,PRIME_MERSENNE_61,2305843009213693951,prss_local,local,total,fold_before,0,10,16629,none,none,0,16629,0,16629,49887,49887,online_verify_reconstruction_units,162,307.94444444444446,11
3,12,PRIME_MERSENNE_61,2305843009213693951,prss_local_seed_dpss,local,per_party,fold_before,0,10,16629,dpss,one,1,16629,110,16739,50217,16739,online_verify_reconstruction_units,54,309.98148148148147,11
3,12,PRIME_MERSENNE_61,2305843009213693951,prss_local_seed_dpss,local,total,fold_before,0,10,16629,dpss,one,1,16629,110,16739,50217,50217,online_verify_reconstruction_units,162,309.98148148148147,11
3,12,PRIME_MERSENNE_61,2305843009213693951,prss_local_seed_naive,local,per_party,fold_before,0,10,16629,naive,one,1,16629,22,16651,49953,16651,online_verify_reconstruction_units,54,308.35185185185185,11
3,12,PRIME_MERSENNE_61,2305843009213693951,prss_local_seed_naive,local,total,fold_before,0,10,16629,naive,one,1,16629,22,16651,49953,49953,online_verify_reconstruction_units,162,308.35185185185185,11
3,12,PRIME_MERSENNE_61,2305843009213693951,prss_local_seed_dpss,local,per_party,fold_before,0,10,16629,dpss,M,3,16629,132,16761,50283,16761,online_verify_reconstruction_units,54,310.3888888888889,11
3,12,PRIME_MERSENNE_61,2305843009213693951,prss_local_seed_dpss,local,total,fold_before,0,10,16629,dpss,M,3,16629,132,16761,50283,50283,online_verify_reconstruction_units,162,310.3888888888889,11
3,12,PRIME_MERSENNE_61,2305843009213693951,prss_local_seed_naive,local,per_party,fold_before,0,10,16629,naive,M,3,16629,66,16695,50085,16695,online_verify_reconstruction_units,54,309.1666666666667,11
3,12,PRIME_MERSENNE_61,2305843009213693951,prss_local_seed_naive,local,total,fold_before,0,10,16629,naive,M,3,16629,66,16695,50085,50085,online_verify_reconstruction_units,162,309.1666666666667,11
3,12,PRIME_MERSENNE_61,2305843009213693951,prss_local_seed_dpss,local,per_party,fold_before,0,10,16629,dpss,M_squared,9,16629,198,16827,50481,16827,online_verify_reconstruction_units,54,311.6111111111111,11
3,12,PRIME_MERSENNE_61,2305843009213693951,prss_local_seed_dpss,local,total,fold_before,0,10,16629,dpss,M_squared,9,16629,198,16827,50481,50481,online_verify_reconstruction_units,162,311.6111111111111,11
3,12,PRIME_MERSENNE_61,2305843009213693951,prss_local_seed_naive,local,per_party,fold_before,0,10,16629,naive,M_squared,9,16629,198,16827,50481,16827,online_verify_reconstruction_units,54,311.6111111111111,11
3,12,PRIME_MERSENNE_61,2305843009213693951,prss_local_seed_naive,local,total,fold_before,0,10,16629,naive,M_squared,9,16629,198,16827,50481,50481,online_verify_reconstruction_units,162,311.6111111111111,11
3,12,PRIME_MERSENNE_61,2305843009213693951,prss_commit,commit,per_party,fold_before,0,10,16629,none,none,0,16651,0,16651,49953,16651,online_verify_reconstruction_units,54,308.35185185185185,11
3,12,PRIME_MERSENNE_61,2305843009213693951,prss_commit,commit,total,fold_before,0,10,16629,none,none,0,16651,0,16651,49953,49953,online_verify_reconstruction_units,162,308.35185185185185,11
3,12,PRIME_MERSENNE_61,2305843009213693951,prss_commit_seed_dpss,commit,per_party,fold_before,0,10,16629,dpss,one,1,16651,110,16761,50283,16761,online_verify_reconstruction_units,54,310.3888888888889,11
3,12,PRIME_MERSENNE_61,2305843009213693951,prss_commit_seed_dpss,commit,total,fold_before,0,10,16629,dpss,one,1,16651,110,16761,50283,50283,online_verify_reconstruction_units,162,310.3888888888889,11
3,12,PRIME_MERSENNE_61,2305843009213693951,prss_commit_seed_naive,commit,per_party,fold_before,0,10,16629,naive,one,1,16651,22,16673,50019,16673,online_verify_reconstruction_units,54,308.75925925925924,11
3,12,PRIME_MERSENNE_61,2305843009213693951,prss_commit_seed_naive,commit,total,fold_before,0,10,16629,naive,one,1,16651,22,16673,50019,50019,online_verify_reconstruction_units,162,308.75925925925924,11
3,12,PRIME_MERSENNE_61,2305843009213693951,prss_commit_seed_dpss,commit,per_party,fold_before,0,10,16629,dpss,M,3,16651,132,16783,50349,16783,online_verify_reconstruction_units,54,310.7962962962963,11
3,12,PRIME_MERSENNE_61,2305843009213693951,prss_commit_seed_dpss,commit,total,fold_before,0,10,16629,dpss,M,3,16651,132,16783,50349,50349,online_verify_reconstruction_units,162,310.7962962962963,11
3,12,PRIME_MERSENNE_61,2305843009213693951,prss_commit_seed_naive,commit,per_party,fold_before,0,10,16629,naive,M,3,16651,66,16717,50151,16717,online_verify_reconstruction_units,54,309.5740740740741,11
3,12,PRIME_MERSENNE_61,2305843009213693951,prss_commit_seed_naive,commit,total,fold_before,0,10,16629,naive,M,3,16651,66,16717,50151,50151,online_verify_reconstruction_units,162,309.5740740740741,11
3,12,PRIME_MERSENNE_61,2305843009213693951,prss_commit_seed_dpss,commit,per_party,fold_before,0,10,16629,dpss,M_squared,9,16651,198,16849,50547,16849,online_verify_reconstruction_units,54,312.01851851851853,11
3,12,PRIME_MERSENNE_61,2305843009213693951,prss_commit_seed_dpss,commit,total,fold_before,0,10,16629,dpss,M_squared,9,16651,198,16849,50547,50547,online_verify_reconstruction_units,162,312.01851851851853,11
3,12,PRIME_MERSENNE_61,2305843009213693951,prss_commit_seed_naive,commit,per_party,fold_before,0,10,16629,naive,M_squared,9,16651,198,16849,50547,16849,online_verify_reconstruction_units,54,312.01851851851853,11
3,12,PRIME_MERSENNE_61,2305843009213693951,prss_commit_seed_naive,commit,total,fold_before,0,10,16629,naive,M_squared,9,16651,198,16849,50547,50547,online_verify_reconstruction_units,162,312.01851851851853,11
3,12,PRIME_MERSENNE_61,2305843009213693951,prss_dispute,dispute,per_party,fold_before,0,10,16629,none,none,0,16673,0,16673,50019,16673,online_verify_reconstruction_units,54,308.75925925925924,11
3,12,PRIME_MERSENNE_61,2305843009213693951,prss_dispute,dispute,total,fold_before,0,10,16629,none,none,0,16673,0,16673,50019,50019,online_verify_reconstruction_units,162,308.75925925925924,11
3,12,PRIME_MERSENNE_61,2305843009213693951,prss_dispute_seed_dpss,dispute,per_party,fold_before,0,10,16629,dpss,one,1,16673,110,16783,50349,16783,online_verify_reconstruction_units,54,310.7962962962963,11
3,12,PRIME_MERSENNE_61,2305843009213693951,prss_dispute_seed_dpss,dispute,total,fold_before,0,10,16629,dpss,one,1,16673,110,16783,50349,50349,online_verify_reconstruction_units,162,310.7962962962963,11
3,12,PRIME_MERSENNE_61,2305843009213693951,prss_dispute_seed_naive,dispute,per_party,fold_before,0,10,16629,naive,one,1,16673,22,16695,50085,16695,online_verify_reconstruction_units,54,309.1666666666667,11
3,12,PRIME_MERSENNE_61,2305843009213693951,prss_dispute_seed_naive,dispute,total,fold_before,0,10,16629,naive,one,1,16673,22,16695,50085,50085,online_verify_reconstruction_units,162,309.1666666666667,11
3,12,PRIME_MERSENNE_61,2305843009213693951,prss_dispute_seed_dpss,dispute,per_party,fold_before,0,10,16629,dpss,M,3,16673,132,16805,50415,16805,online_verify_reconstruction_units,54,311.2037037037037,11
3,12,PRIME_MERSENNE_61,2305843009213693951,prss_dispute_seed_dpss,dispute,total,fold_before,0,10,16629,dpss,M,3,16673,132,16805,50415,50415,online_verify_reconstruction_units,162,311.2037037037037,11
3,12,PRIME_MERSENNE_61,2305843009213693951,prss_dispute_seed_naive,dispute,per_party,fold_before,0,10,16629,naive,M,3,16673,66,16739,50217,16739,online_verify_reconstruction_units,54,309.98148148148147,11
3,12,PRIME_MERSENNE_61,2305843009213693951,prss_dispute_seed_naive,dispute,total,fold_before,0,10,16629,naive,M,3,16673,66,16739,50217,50217,online_verify_reconstruction_units,162,309.98148148148147,11
3,12,PRIME_MERSENNE_61,2305843009213693951,prss_dispute_seed_dpss,dispute,per_party,fold_before,0,10,16629,dpss,M_squared,9,16673,198,16871,50613,16871,online_verify_reconstruction_units,54,312.4259259259259,11
3,12,PRIME_MERSENNE_61,2305843009213693951,prss_dispute_seed_dpss,dispute,total,fold_before,0,10,16629,dpss,M_squared,9,16673,198,16871,50613,50613,online_verify_reconstruction_units,162,312.4259259259259,11
3,12,PRIME_MERSENNE_61,2305843009213693951,prss_dispute_seed_naive,dispute,per_party,fold_before,0,10,16629,naive,M_squared,9,16673,198,16871,50613,16871,online_verify_reconstruction_units,54,312.4259259259259,11
3,12,PRIME_MERSENNE_61,2305843009213693951,prss_dispute_seed_naive,dispute,total,fold_before,0,10,16629,naive,M_squared,9,16673,198,16871,50613,50613,online_verify_reconstruction_units,162,312.4259259259259,11
5,12,PRIME_MERSENNE_61,2305843009213693951,naive,n/a,per_party,fold_after,1,11,8408,none,none,0,33632,0,33632,168160,33632,online_verify_reconstruction_units,54,622.8148148148148,11
5,12,PRIME_MERSENNE_61,2305843009213693951,naive,n/a,total,fold_after,1,11,8408,none,none,0,33632,0,33632,168160,168160,online_verify_reconstruction_units,270,622.8148148148148,11
5,12,PRIME_MERSENNE_61,2305843009213693951,dpss_model,n/a,per_party,fold_after,1,11,8408,none,none,0,8683,0,8683,43415,8683,online_verify_reconstruction_units,54,160.7962962962963,11
5,12,PRIME_MERSENNE_61,2305843009213693951,dpss_model,n/a,total,fold_after,1,11,8408,none,none,0,8683,0,8683,43415,43415,online_verify_reconstruction_units,270,160.7962962962963,11
5,12,PRIME_MERSENNE_61,2305843009213693951,full_mask,n/a,per_party,fold_after,1,11,429,none,none,0,1716,0,1716,8580,1716,online_verify_reconstruction_units,54,31.77777777777778,11
5,12,PRIME_MERSENNE_61,2305843009213693951,full_mask,n/a,total,fold_after,1,11,429,none,none,0,1716,0,1716,8580,8580,online_verify_reconstruction_units,270,31.77777777777778,11
5,12,PRIME_MERSENNE_61,2305843009213693951,kernel_mask,n/a,per_party,fold_after,1,11,220,none,none,0,880,0,880,4400,880,online_verify_reconstruction_units,54,16.296296296296298,11
5,12,PRIME_MERSENNE_61,2305843009213693951,kernel_mask,n/a,total,fold_after,1,11,220,none,none,0,880,0,880,4400,4400,online_verify_reconstruction_units,270,16.296296296296298,11
5,12,PRIME_MERSENNE_61,2305843009213693951,prss_local,local,per_party,fold_after,1,11,8408,none,none,0,8408,0,8408,42040,8408,online_verify_reconstruction_units,54,155.7037037037037,11
5,12,PRIME_MERSENNE_61,2305843009213693951,prss_local,local,total,fold_after,1,11,8408,none,none,0,8408,0,8408,42040,42040,online_verify_reconstruction_units,270,155.7037037037037,11
5,12,PRIME_MERSENNE_61,2305843009213693951,prss_local_seed_dpss,local,per_party,fold_after,1,11,8408,dpss,one,1,8408,286,8694,43470,8694,online_verify_reconstruction_units,54,161.0,11
5,12,PRIME_MERSENNE_61,2305843009213693951,prss_local_seed_dpss,local,total,fold_after,1,11,8408,dpss,one,1,8408,286,8694,43470,43470,online_verify_reconstruction_units,270,161.0,11
5,12,PRIME_MERSENNE_61,2305843009213693951,prss_local_seed_naive,local,per_party,fold_after,1,11,8408,naive,one,1,8408,44,8452,42260,8452,online_verify_reconstruction_units,54,156.5185185185185,11
5,12,PRIME_MERSENNE_61,2305843009213693951,prss_local_seed_naive,local,total,fold_after,1,11,8408,naive,one,1,8408,44,8452,42260,42260,online_verify_reconstruction_units,270,156.5185185185185,11
5,12,PRIME_MERSENNE_61,2305843009213693951,prss_local_seed_dpss,local,per_party,fold_after,1,11,8408,dpss,M,5,8408,330,8738,43690,8738,online_verify_reconstruction_units,54,161.8148148148148,11
5,12,PRIME_MERSENNE_61,2305843009213693951,prss_local_seed_dpss,local,total,fold_after,1,11,8408,dpss,M,5,8408,330,8738,43690,43690,online_verify_reconstruction_units,270,161.8148148148148,11
5,12,PRIME_MERSENNE_61,2305843009213693951,prss_local_seed_naive,local,per_party,fold_after,1,11,8408,naive,M,5,8408,220,8628,43140,8628,online_verify_reconstruction_units,54,159.77777777777777,11
5,12,PRIME_MERSENNE_61,2305843009213693951,prss_local_seed_naive,local,total,fold_after,1,11,8408,naive,M,5,8408,220,8628,43140,43140,online_verify_reconstruction_units,270,159.77777777777777,11
5,12,PRIME_MERSENNE_61,2305843009213693951,prss_local_seed_dpss,local,per_party,fold_after,1,11,8408,dpss,M_squared,25,8408,550,8958,44790,8958,online_verify_reconstruction_units,54,165.88888888888889,11
5,12,PRIME_MERSENNE_61,2305843009213693951,prss_local_seed_dpss,local,total,fold_after,1,11,8408,dpss,M_squared,25,8408,550,8958,44790,44790,online_verify_reconstruction_units,270,165.88888888888889,11
5,12,PRIME_MERSENNE_61,2305843009213693951,prss_local_seed_naive,local,per_party,fold_after,1,11,8408,naive,M_squared,25,8408,1100,9508,47540,9508,online_verify_reconstruction_units,54,176.07407407407408,11
5,12,PRIME_MERSENNE_61,2305843009213693951,prss_local_seed_naive,local,total,fold_after,1,11,8408,naive,M_squared,25,8408,1100,9508,47540,47540,online_verify_reconstruction_units,270,176.07407407407408,11
5,12,PRIME_MERSENNE_61,2305843009213693951,prss_commit,commit,per_party,fold_after,1,11,8408,none,none,0,8452,0,8452,42260,8452,online_verify_reconstruction_units,54,156.5185185185185,11
5,12,PRIME_MERSENNE_61,2305843009213693951,prss_commit,commit,total,fold_after,1,11,8408,none,none,0,8452,0,8452,42260,42260,online_verify_reconstruction_units,270,156.5185185185185,11
5,12,PRIME_MERSENNE_61,2305843009213693951,prss_commit_seed_dpss,commit,per_party,fold_after,1,11,8408,dpss,one,1,8452,286,8738,43690,8738,online_verify_reconstruction_units,54,161.8148148148148,11
5,12,PRIME_MERSENNE_61,2305843009213693951,prss_commit_seed_dpss,commit,total,fold_after,1,11,8408,dpss,one,1,8452,286,8738,43690,43690,online_verify_reconstruction_units,270,161.8148148148148,11
5,12,PRIME_MERSENNE_61,2305843009213693951,prss_commit_seed_naive,commit,per_party,fold_after,1,11,8408,naive,one,1,8452,44,8496,42480,8496,online_verify_reconstruction_units,54,157.33333333333334,11
5,12,PRIME_MERSENNE_61,2305843009213693951,prss_commit_seed_naive,commit,total,fold_after,1,11,8408,naive,one,1,8452,44,8496,42480,42480,online_verify_reconstruction_units,270,157.33333333333334,11
5,12,PRIME_MERSENNE_61,2305843009213693951,prss_commit_seed_dpss,commit,per_party,fold_after,1,11,8408,dpss,M,5,8452,330,8782,43910,8782,online_verify_reconstruction_units,54,162.62962962962962,11
5,12,PRIME_MERSENNE_61,2305843009213693951,prss_commit_seed_dpss,commit,total,fold_after,1,11,8408,dpss,M,5,8452,330,8782,43910,43910,online_verify_reconstruction_units,270,162.62962962962962,11
5,12,PRIME_MERSENNE_61,2305843009213693951,prss_commit_seed_naive,commit,per_party,fold_after,1,11,8408,naive,M,5,8452,220,8672,43360,8672,online_verify_reconstruction_units,54,160.59259259259258,11
5,12,PRIME_MERSENNE_61,2305843009213693951,prss_commit_seed_naive,commit,total,fold_after,1,11,8408,naive,M,5,8452,220,8672,43360,43360,online_verify_reconstruction_units,270,160.59259259259258,11
5,12,PRIME_MERSENNE_61,2305843009213693951,prss_commit_seed_dpss,commit,per_party,fold_after,1,11,8408,dpss,M_squared,25,8452,550,9002,45010,9002,online_verify_reconstruction_units,54,166.7037037037037,11
5,12,PRIME_MERSENNE_61,2305843009213693951,prss_commit_seed_dpss,commit,total,fold_after,1,11,8408,dpss,M_squared,25,8452,550,9002,45010,45010,online_verify_reconstruction_units,270,166.7037037037037,11
5,12,PRIME_MERSENNE_61,2305843009213693951,prss_commit_seed_naive,commit,per_party,fold_after,1,11,8408,naive,M_squared,25,8452,1100,9552,47760,9552,online_verify_reconstruction_units,54,176.88888888888889,11
5,12,PRIME_MERSENNE_61,2305843009213693951,prss_commit_seed_naive,commit,total,fold_after,1,11,8408,naive,M_squared,25,8452,1100,9552,47760,47760,online_verify_reconstruction_units,270,176.88888888888889,11
5,12,PRIME_MERSENNE_61,2305843009213693951,prss_dispute,dispute,per_party,fold_after,1,11,8408,none,none,0,8540,0,8540,42700,8540,online_verify_reconstruction_units,54,158.14814814814815,11
5,12,PRIME_MERSENNE_61,2305843009213693951,prss_dispute,dispute,total,fold_after,1,11,8408,none,none,0,8540,0,8540,42700,42700,online_verify_reconstruction_units,270,158.14814814814815,11
5,12,PRIME_MERSENNE_61,2305843009213693951,prss_dispute_seed_dpss,dispute,per_party,fold_after,1,11,8408,dpss,one,1,8540,286,8826,44130,8826,online_verify_reconstruction_units,54,163.44444444444446,11
5,12,PRIME_MERSENNE_61,2305843009213693951,prss_dispute_seed_dpss,dispute,total,fold_after,1,11,8408,dpss,one,1,8540,286,8826,44130,44130,online_verify_reconstruction_units,270,163.44444444444446,11
5,12,PRIME_MERSENNE_61,2305843009213693951,prss_dispute_seed_naive,dispute,per_party,fold_after,1,11,8408,naive,one,1,8540,44,8584,42920,8584,online_verify_reconstruction_units,54,158.96296296296296,11
5,12,PRIME_MERSENNE_61,2305843009213693951,prss_dispute_seed_naive,dispute,total,fold_after,1,11,8408,naive,one,1,8540,44,8584,42920,42920,online_verify_reconstruction_units,270,158.96296296296296,11
5,12,PRIME_MERSENNE_61,2305843009213693951,prss_dispute_seed_dpss,dispute,per_party,fold_after,1,11,8408,dpss,M,5,8540,330,8870,44350,8870,online_verify_reconstruction_units,54,164.25925925925927,11
5,12,PRIME_MERSENNE_61,2305843009213693951,prss_dispute_seed_dpss,dispute,total,fold_after,1,11,8408,dpss,M,5,8540,330,8870,44350,44350,online_verify_reconstruction_units,270,164.25925925925927,11
5,12,PRIME_MERSENNE_61,2305843009213693951,prss_dispute_seed_naive,dispute,per_party,fold_after,1,11,8408,naive,M,5,8540,220,8760,43800,8760,online_verify_reconstruction_units,54,162.22222222222223,11
5,12,PRIME_MERSENNE_61,2305843009213693951,prss_dispute_seed_naive,dispute,total,fold_after,1,11,8408,naive,M,5,8540,220,8760,43800,43800,online_verify_reconstruction_units,270,162.22222222222223,11
5,12,PRIME_MERSENNE_61,2305843009213693951,prss_dispute_seed_dpss,dispute,per_party,fold_after,1,11,8408,dpss,M_squared,25,8540,550,9090,45450,9090,online_verify_reconstruction_units,54,168.33333333333334,11
5,12,PRIME_MERSENNE_61,2305843009213693951,prss_dispute_seed_dpss,dispute,total,fold_after,1,11,8408,dpss,M_squared,25,8540,550,9090,45450,45450,online_verify_reconstruction_units,270,168.33333333333334,11
5,12,PRIME_MERSENNE_61,2305843009213693951,prss_dispute_seed_naive,dispute,per_party,fold_after,1,11,8408,naive,M_squared,25,8540,1100,9640,48200,9640,online_verify_reconstruction_units,54,178.5185185185185,11
5,12,PRIME_MERSENNE_61,2305843009213693951,prss_dispute_seed_naive,dispute,total,fold_after,1,11,8408,naive,M_squared,25,8540,1100,9640,48200,48200,online_verify_reconstruction_units,270,178.5185185185185,11
5,12,PRIME_MERSENNE_61,2305843009213693951,naive,n/a,per_party,fold_before,0,10,16629,none,none,0,66516,0,66516,332580,66516,online_verify_reconstruction_units,54,1231.7777777777778,11
5,12,PRIME_MERSENNE_61,2305843009213693951,naive,n/a,total,fold_before,0,10,16629,none,none,0,66516,0,66516,332580,332580,online_verify_reconstruction_units,270,1231.7777777777778,11
5,12,PRIME_MERSENNE_61,2305843009213693951,dpss_model,n/a,per_party,fold_before,0,10,16629,none,none,0,16904,0,16904,84520,16904,online_verify_reconstruction_units,54,313.037037037037,11
5,12,PRIME_MERSENNE_61,2305843009213693951,dpss_model,n/a,total,fold_before,0,10,16629,none,none,0,16904,0,16904,84520,84520,online_verify_reconstruction_units,270,313.037037037037,11
5,12,PRIME_MERSENNE_61,2305843009213693951,full_mask,n/a,per_party,fold_before,0,10,429,none,none,0,1716,0,1716,8580,1716,online_verify_reconstruction_units,54,31.77777777777778,11
5,12,PRIME_MERSENNE_61,2305843009213693951,full_mask,n/a,total,fold_before,0,10,429,none,none,0,1716,0,1716,8580,8580,online_verify_reconstruction_units,270,31.77777777777778,11
5,12,PRIME_MERSENNE_61,2305843009213693951,kernel_mask,n/a,per_party,fold_before,0,10,253,none,none,0,1012,0,1012,5060,1012,online_verify_reconstruction_units,54,18.74074074074074,11
5,12,PRIME_MERSENNE_61,2305843009213693951,kernel_mask,n/a,total,fold_before,0,10,253,none,none,0,1012,0,1012,5060,5060,online_verify_reconstruction_units,270,18.74074074074074,11
5,12,PRIME_MERSENNE_61,2305843009213693951,prss_local,local,per_party,fold_before,0,10,16629,none,none,0,16629,0,16629,83145,16629,online_verify_reconstruction_units,54,307.94444444444446,11
5,12,PRIME_MERSENNE_61,2305843009213693951,prss_local,local,total,fold_before,0,10,16629,none,none,0,16629,0,16629,83145,83145,online_verify_reconstruction_units,270,307.94444444444446,11
5,12,PRIME_MERSENNE_61,2305843009213693951,prss_local_seed_dpss,local,per_party,fold_before,0,10,16629,dpss,one,1,16629,286,16915,84575,16915,online_verify_reconstruction_units,54,313.24074074074076,11
5,12,PRIME_MERSENNE_61,2305843009213693951,prss_local_seed_dpss,local,total,fold_before,0,10,16629,dpss,one,1,16629,286,16915,84575,84575,online_verify_reconstruction_units,270,313.24074074074076,11
5,12,PRIME_MERSENNE_61,2305843009213693951,prss_local_seed_naive,local,per_party,fold_before,0,10,16629,naive,one,1,16629,44,16673,83365,16673,online_verify_reconstruction_units,54,308.75925925925924,11
5,12,PRIME_MERSENNE_61,2305843009213693951,prss_local_seed_naive,local,total,fold_before,0,10,16629,naive,one,1,16629,44,16673,83365,83365,online_verify_reconstruction_units,270,308.75925925925924,11
5,12,PRIME_MERSENNE_61,2305843009213693951,prss_local_seed_dpss,local,per_party,fold_before,0,10,16629,dpss,M,5,16629,330,16959,84795,16959,online_verify_reconstruction_units,54,314.05555555555554,11
5,12,PRIME_MERSENNE_61,2305843009213693951,prss_local_seed_dpss,local,total,fold_before,0,10,16629,dpss,M,5,16629,330,16959,84795,84795,online_verify_reconstruction_units,270,314.05555555555554,11
5,12,PRIME_MERSENNE_61,2305843009213693951,prss_local_seed_naive,local,per_party,fold_before,0,10,16629,naive,M,5,16629,220,16849,84245,16849,online_verify_reconstruction_units,54,312.01851851851853,11
5,12,PRIME_MERSENNE_61,2305843009213693951,prss_local_seed_naive,local,total,fold_before,0,10,16629,naive,M,5,16629,220,16849,84245,84245,online_verify_reconstruction_units,270,312.01851851851853,11
5,12,PRIME_MERSENNE_61,2305843009213693951,prss_local_seed_dpss,local,per_party,fold_before,0,10,16629,dpss,M_squared,25,16629,550,17179,85895,17179,online_verify_reconstruction_units,54,318.1296296296296,11
5,12,PRIME_MERSENNE_61,2305843009213693951,prss_local_seed_dpss,local,total,fold_before,0,10,16629,dpss,M_squared,25,16629,550,17179,85895,85895,online_verify_reconstruction_units,270,318.1296296296296,11
5,12,PRIME_MERSENNE_61,2305843009213693951,prss_local_seed_naive,local,per_party,fold_before,0,10,16629,naive,M_squared,25,16629,1100,17729,88645,17729,online_verify_reconstruction_units,54,328.31481481481484,11
5,12,PRIME_MERSENNE_61,2305843009213693951,prss_local_seed_naive,local,total,fold_before,0,10,16629,naive,M_squared,25,16629,1100,17729,88645,88645,online_verify_reconstruction_units,270,328.31481481481484,11
5,12,PRIME_MERSENNE_61,2305843009213693951,prss_commit,commit,per_party,fold_before,0,10,16629,none,none,0,16673,0,16673,83365,16673,online_verify_reconstruction_units,54,308.75925925925924,11
5,12,PRIME_MERSENNE_61,2305843009213693951,prss_commit,commit,total,fold_before,0,10,16629,none,none,0,16673,0,16673,83365,83365,online_verify_reconstruction_units,270,308.75925925925924,11
5,12,PRIME_MERSENNE_61,2305843009213693951,prss_commit_seed_dpss,commit,per_party,fold_before,0,10,16629,dpss,one,1,16673,286,16959,84795,16959,online_verify_reconstruction_units,54,314.05555555555554,11
5,12,PRIME_MERSENNE_61,2305843009213693951,prss_commit_seed_dpss,commit,total,fold_before,0,10,16629,dpss,one,1,16673,286,16959,84795,84795,online_verify_reconstruction_units,270,314.05555555555554,11
5,12,PRIME_MERSENNE_61,2305843009213693951,prss_commit_seed_naive,commit,per_party,fold_before,0,10,16629,naive,one,1,16673,44,16717,83585,16717,online_verify_reconstruction_units,54,309.5740740740741,11
5,12,PRIME_MERSENNE_61,2305843009213693951,prss_commit_seed_naive,commit,total,fold_before,0,10,16629,naive,one,1,16673,44,16717,83585,83585,online_verify_reconstruction_units,270,309.5740740740741,11
5,12,PRIME_MERSENNE_61,2305843009213693951,prss_commit_seed_dpss,commit,per_party,fold_before,0,10,16629,dpss,M,5,16673,330,17003,85015,17003,online_verify_reconstruction_units,54,314.8703703703704,11
5,12,PRIME_MERSENNE_61,2305843009213693951,prss_commit_seed_dpss,commit,total,fold_before,0,10,16629,dpss,M,5,16673,330,17003,85015,85015,online_verify_reconstruction_units,270,314.8703703703704,11
5,12,PRIME_MERSENNE_61,2305843009213693951,prss_commit_seed_naive,commit,per_party,fold_before,0,10,16629,naive,M,5,16673,220,16893,84465,16893,online_verify_reconstruction_units,54,312.8333333333333,11
5,12,PRIME_MERSENNE_61,2305843009213693951,prss_commit_seed_naive,commit,total,fold_before,0,10,16629,naive,M,5,16673,220,16893,84465,84465,online_verify_reconstruction_units,270,312.8333333333333,11
5,12,PRIME_MERSENNE_61,2305843009213693951,prss_commit_seed_dpss,commit,per_party,fold_before,0,10,16629,dpss,M_squared,25,16673,550,17223,86115,17223,online_verify_reconstruction_units,54,318.94444444444446,11
5,12,PRIME_MERSENNE_61,2305843009213693951,prss_commit_seed_dpss,commit,total,fold_before,0,10,16629,dpss,M_squared,25,16673,550,17223,86115,86115,online_verify_reconstruction_units,270,318.94444444444446,11
5,12,PRIME_MERSENNE_61,2305843009213693951,prss_commit_seed_naive,commit,per_party,fold_before,0,10,16629,naive,M_squared,25,16673,1100,17773,88865,17773,online_verify_reconstruction_units,54,329.1296296296296,11
5,12,PRIME_MERSENNE_61,2305843009213693951,prss_commit_seed_naive,commit,total,fold_before,0,10,16629,naive,M_squared,25,16673,1100,17773,88865,88865,online_verify_reconstruction_units,270,329.1296296296296,11
5,12,PRIME_MERSENNE_61,2305843009213693951,prss_dispute,dispute,per_party,fold_before,0,10,16629,none,none,0,16761,0,16761,83805,16761,online_verify_reconstruction_units,54,310.3888888888889,11
5,12,PRIME_MERSENNE_61,2305843009213693951,prss_dispute,dispute,total,fold_before,0,10,16629,none,none,0,16761,0,16761,83805,83805,online_verify_reconstruction_units,270,310.3888888888889,11
5,12,PRIME_MERSENNE_61,2305843009213693951,prss_dispute_seed_dpss,dispute,per_party,fold_before,0,10,16629,dpss,one,1,16761,286,17047,85235,17047,online_verify_reconstruction_units,54,315.68518518518516,11
5,12,PRIME_MERSENNE_61,2305843009213693951,prss_dispute_seed_dpss,dispute,total,fold_before,0,10,16629,dpss,one,1,16761,286,17047,85235,85235,online_verify_reconstruction_units,270,315.68518518518516,11
5,12,PRIME_MERSENNE_61,2305843009213693951,prss_dispute_seed_naive,dispute,per_party,fold_before,0,10,16629,naive,one,1,16761,44,16805,84025,16805,online_verify_reconstruction_units,54,311.2037037037037,11
5,12,PRIME_MERSENNE_61,2305843009213693951,prss_dispute_seed_naive,dispute,total,fold_before,0,10,16629,naive,one,1,16761,44,16805,84025,84025,online_verify_reconstruction_units,270,311.2037037037037,11
5,12,PRIME_MERSENNE_61,2305843009213693951,prss_dispute_seed_dpss,dispute,per_party,fold_before,0,10,16629,dpss,M,5,16761,330,17091,85455,17091,online_verify_reconstruction_units,54,316.5,11
5,12,PRIME_MERSENNE_61,2305843009213693951,prss_dispute_seed_dpss,dispute,total,fold_before,0,10,16629,dpss,M,5,16761,330,17091,85455,85455,online_verify_reconstruction_units,270,316.5,11
5,12,PRIME_MERSENNE_61,2305843009213693951,prss_dispute_seed_naive,dispute,per_party,fold_before,0,10,16629,naive,M,5,16761,220,16981,84905,16981,online_verify_reconstruction_units,54,314.462962962963,11
5,12,PRIME_MERSENNE_61,2305843009213693951,prss_dispute_seed_naive,dispute,total,fold_before,0,10,16629,naive,M,5,16761,220,16981,84905,84905,online_verify_reconstruction_units,270,314.462962962963,11
5,12,PRIME_MERSENNE_61,2305843009213693951,prss_dispute_seed_dpss,dispute,per_party,fold_before,0,10,16629,dpss,M_squared,25,16761,550,17311,86555,17311,online_verify_reconstruction_units,54,320.5740740740741,11
5,12,PRIME_MERSENNE_61,2305843009213693951,prss_dispute_seed_dpss,dispute,total,fold_before,0,10,16629,dpss,M_squared,25,16761,550,17311,86555,86555,online_verify_reconstruction_units,270,320.5740740740741,11
5,12,PRIME_MERSENNE_61,2305843009213693951,prss_dispute_seed_naive,dispute,per_party,fold_before,0,10,16629,naive,M_squared,25,16761,1100,17861,89305,17861,online_verify_reconstruction_units,54,330.75925925925924,11
5,12,PRIME_MERSENNE_61,2305843009213693951,prss_dispute_seed_naive,dispute,total,fold_before,0,10,16629,naive,M_squared,25,16761,1100,17861,89305,89305,online_verify_reconstruction_units,270,330.75925925925924,11
7,12,PRIME_MERSENNE_61,2305843009213693951,naive,n/a,per_party,fold_after,1,11,8408,none,none,0,50448,0,50448,353136,50448,online_verify_reconstruction_units,54,934.2222222222222,11
7,12,PRIME_MERSENNE_61,2305843009213693951,naive,n/a,total,fold_after,1,11,8408,none,none,0,50448,0,50448,353136,353136,online_verify_reconstruction_units,378,934.2222222222222,11
7,12,PRIME_MERSENNE_61,2305843009213693951,dpss_model,n/a,per_party,fold_after,1,11,8408,none,none,0,8947,0,8947,62629,8947,online_verify_reconstruction_units,54,165.6851851851852,11
7,12,PRIME_MERSENNE_61,2305843009213693951,dpss_model,n/a,total,fold_after,1,11,8408,none,none,0,8947,0,8947,62629,62629,online_verify_reconstruction_units,378,165.6851851851852,11
7,12,PRIME_MERSENNE_61,2305843009213693951,full_mask,n/a,per_party,fold_after,1,11,429,none,none,0,2574,0,2574,18018,2574,online_verify_reconstruction_units,54,47.666666666666664,11
7,12,PRIME_MERSENNE_61,2305843009213693951,full_mask,n/a,total,fold_after,1,11,429,none,none,0,2574,0,2574,18018,18018,online_verify_reconstruction_units,378,47.666666666666664,11
7,12,PRIME_MERSENNE_61,2305843009213693951,kernel_mask,n/a,per_party,fold_after,1,11,220,none,none,0,1320,0,1320,9240,1320,online_verify_reconstruction_units,54,24.444444444444443,11
7,12,PRIME_MERSENNE_61,2305843009213693951,kernel_mask,n/a,total,fold_after,1,11,220,none,none,0,1320,0,1320,9240,9240,online_verify_reconstruction_units,378,24.444444444444443,11
7,12,PRIME_MERSENNE_61,2305843009213693951,prss_local,local,per_party,fold_after,1,11,8408,none,none,0,8408,0,8408,58856,8408,online_verify_reconstruction_units,54,155.7037037037037,11
7,12,PRIME_MERSENNE_61,2305843009213693951,prss_local,local,total,fold_after,1,11,8408,none,none,0,8408,0,8408,58856,58856,online_verify_reconstruction_units,378,155.7037037037037,11
7,12,PRIME_MERSENNE_61,2305843009213693951,prss_local_seed_dpss,local,per_party,fold_after,1,11,8408,dpss,one,1,8408,550,8958,62706,8958,online_verify_reconstruction_units,54,165.88888888888889,11
7,12,PRIME_MERSENNE_61,2305843009213693951,prss_local_seed_dpss,local,total,fold_after,1,11,8408,dpss,one,1,8408,550,8958,62706,62706,online_verify_reconstruction_units,378,165.88888888888889,11
7,12,PRIME_MERSENNE_61,2305843009213693951,prss_local_seed_naive,local,per_party,fold_after,1,11,8408,naive,one,1,8408,66,8474,59318,8474,online_verify_reconstruction_units,54,156.92592592592592,11
7,12,PRIME_MERSENNE_61,2305843009213693951,prss_local_seed_naive,local,total,fold_after,1,11,8408,naive,one,1,8408,66,8474,59318,59318,online_verify_reconstruction_units,378,156.92592592592592,11
7,12,PRIME_MERSENNE_61,2305843009213693951,prss_local_seed_dpss,local,per_party,fold_after,1,11,8408,dpss,M,7,8408,616,9024,63168,9024,online_verify_reconstruction_units,54,167.11111111111111,11
7,12,PRIME_MERSENNE_61,2305843009213693951,prss_local_seed_dpss,local,total,fold_after,1,11,8408,dpss,M,7,8408,616,9024,63168,63168,online_verify_reconstruction_units,378,167.11111111111111,11
7,12,PRIME_MERSENNE_61,2305843009213693951,prss_local_seed_naive,local,per_party,fold_after,1,11,8408,naive,M,7,8408,462,8870,62090,8870,online_verify_reconstruction_units,54,164.25925925925927,11
7,12,PRIME_MERSENNE_61,2305843009213693951,prss_local_seed_naive,local,total,fold_after,1,11,8408,naive,M,7,8408,462,8870,62090,62090,online_verify_reconstruction_units,378,164.25925925925927,11
7,12,PRIME_MERSENNE_61,2305843009213693951,prss_local_seed_dpss,local,per_party,fold_after,1,11,8408,dpss,M_squared,49,8408,1078,9486,66402,9486,online_verify_reconstruction_units,54,175.66666666666666,11
7,12,PRIME_MERSENNE_61,2305843009213693951,prss_local_seed_dpss,local,total,fold_after,1,11,8408,dpss,M_squared,49,8408,1078,9486,66402,66402,online_verify_reconstruction_units,378,175.66666666666666,11
7,12,PRIME_MERSENNE_61,2305843009213693951,prss_local_seed_naive,local,per_party,fold_after,1,11,8408,naive,M_squared,49,8408,3234,11642,81494,11642,online_verify_reconstruction_units,54,215.59259259259258,11
7,12,PRIME_MERSENNE_61,2305843009213693951,prss_local_seed_naive,local,total,fold_after,1,11,8408,naive,M_squared,49,8408,3234,11642,81494,81494,online_verify_reconstruction_units,378,215.59259259259258,11
7,12,PRIME_MERSENNE_61,2305843009213693951,prss_commit,commit,per_party,fold_after,1,11,8408,none,none,0,8474,0,8474,59318,8474,online_verify_reconstruction_units,54,156.92592592592592,11
7,12,PRIME_MERSENNE_61,2305843009213693951,prss_commit,commit,total,fold_after,1,11,8408,none,none,0,8474,0,8474,59318,59318,online_verify_reconstruction_units,378,156.92592592592592,11
7,12,PRIME_MERSENNE_61,2305843009213693951,prss_commit_seed_dpss,commit,per_party,fold_after,1,11,8408,dpss,one,1,8474,550,9024,63168,9024,online_verify_reconstruction_units,54,167.11111111111111,11
7,12,PRIME_MERSENNE_61,2305843009213693951,prss_commit_seed_dpss,commit,total,fold_after,1,11,8408,dpss,one,1,8474,550,9024,63168,63168,online_verify_reconstruction_units,378,167.11111111111111,11
7,12,PRIME_MERSENNE_61,2305843009213693951,prss_commit_seed_naive,commit,per_party,fold_after,1,11,8408,naive,one,1,8474,66,8540,59780,8540,online_verify_reconstruction_units,54,158.14814814814815,11
7,12,PRIME_MERSENNE_61,2305843009213693951,prss_commit_seed_naive,commit,total,fold_after,1,11,8408,naive,one,1,8474,66,8540,59780,59780,online_verify_reconstruction_units,378,158.14814814814815,11
7,12,PRIME_MERSENNE_61,2305843009213693951,prss_commit_seed_dpss,commit,per_party,fold_after,1,11,8408,dpss,M,7,8474,616,9090,63630,9090,online_verify_reconstruction_units,54,168.33333333333334,11
7,12,PRIME_MERSENNE_61,2305843009213693951,prss_commit_seed_dpss,commit,total,fold_after,1,11,8408,dpss,M,7,8474,616,9090,63630,63630,online_verify_reconstruction_units,378,168.33333333333334,11
7,12,PRIME_MERSENNE_61,2305843009213693951,prss_commit_seed_naive,commit,per_party,fold_after,1,11,8408,naive,M,7,8474,462,8936,62552,8936,online_verify_reconstruction_units,54,165.4814814814815,11
7,12,PRIME_MERSENNE_61,2305843009213693951,prss_commit_seed_naive,commit,total,fold_after,1,11,8408,naive,M,7,8474,462,8936,62552,62552,online_verify_reconstruction_units,378,165.4814814814815,11
7,12,PRIME_MERSENNE_61,2305843009213693951,prss_commit_seed_dpss,commit,per_party,fold_after,1,11,8408,dpss,M_squared,49,8474,1078,9552,66864,9552,online_verify_reconstruction_units,54,176.88888888888889,11
7,12,PRIME_MERSENNE_61,2305843009213693951,prss_commit_seed_dpss,commit,total,fold_after,1,11,8408,dpss,M_squared,49,8474,1078,9552,66864,66864,online_verify_reconstruction_units,378,176.88888888888889,11
7,12,PRIME_MERSENNE_61,2305843009213693951,prss_commit_seed_naive,commit,per_party,fold_after,1,11,8408,naive,M_squared,49,8474,3234,11708,81956,11708,online_verify_reconstruction_units,54,216.8148148148148,11
7,12,PRIME_MERSENNE_61,2305843009213693951,prss_commit_seed_naive,commit,total,fold_after,1,11,8408,naive,M_squared,49,8474,3234,11708,81956,81956,online_verify_reconstruction_units,378,216.8148148148148,11
7,12,PRIME_MERSENNE_61,2305843009213693951,prss_dispute,dispute,per_party,fold_after,1,11,8408,none,none,0,8606,0,8606,60242,8606,online_verify_reconstruction_units,54,159.37037037037038,11
7,12,PRIME_MERSENNE_61,2305843009213693951,prss_dispute,dispute,total,fold_after,1,11,8408,none,none,0,8606,0,8606,60242,60242,online_verify_reconstruction_units,378,159.37037037037038,11
7,12,PRIME_MERSENNE_61,2305843009213693951,prss_dispute_seed_dpss,dispute,per_party,fold_after,1,11,8408,dpss,one,1,8606,550,9156,64092,9156,online_verify_reconstruction_units,54,169.55555555555554,11
7,12,PRIME_MERSENNE_61,2305843009213693951,prss_dispute_seed_dpss,dispute,total,fold_after,1,11,8408,dpss,one,1,8606,550,9156,64092,64092,online_verify_reconstruction_units,378,169.55555555555554,11
7,12,PRIME_MERSENNE_61,2305843009213693951,prss_dispute_seed_naive,dispute,per_party,fold_after,1,11,8408,naive,one,1,8606,66,8672,60704,8672,online_verify_reconstruction_units,54,160.59259259259258,11
7,12,PRIME_MERSENNE_61,2305843009213693951,prss_dispute_seed_naive,dispute,total,fold_after,1,11,8408,naive,one,1,8606,66,8672,60704,60704,online_verify_reconstruction_units,378,160.59259259259258,11
7,12,PRIME_MERSENNE_61,2305843009213693951,prss_dispute_seed_dpss,dispute,per_party,fold_after,1,11,8408,dpss,M,7,8606,616,9222,64554,9222,online_verify_reconstruction_units,54,170.77777777777777,11
7,12,PRIME_MERSENNE_61,2305843009213693951,prss_dispute_seed_dpss,dispute,total,fold_after,1,11,8408,dpss,M,7,8606,616,9222,64554,64554,online_verify_reconstruction_units,378,170.77777777777777,11
7,12,PRIME_MERSENNE_61,2305843009213693951,prss_dispute_seed_naive,dispute,per_party,fold_after,1,11,8408,naive,M,7,8606,462,9068,63476,9068,online_verify_reconstruction_units,54,167.92592592592592,11
7,12,PRIME_MERSENNE_61,2305843009213693951,prss_dispute_seed_naive,dispute,total,fold_after,1,11,8408,naive,M,7,8606,462,9068,63476,63476,online_verify_reconstruction_units,378,167.92592592592592,11
7,12,PRIME_MERSENNE_61,2305843009213693951,prss_dispute_seed_dpss,dispute,per_party,fold_after,1,11,8408,dpss,M_squared,49,8606,1078,9684,67788,9684,online_verify_reconstruction_units,54,179.33333333333334,11
7,12,PRIME_MERSENNE_61,2305843009213693951,prss_dispute_seed_dpss,dispute,total,fold_after,1,11,8408,dpss,M_squared,49,8606,1078,9684,67788,67788,online_verify_reconstruction_units,378,179.33333333333334,11
7,12,PRIME_MERSENNE_61,2305843009213693951,prss_dispute_seed_naive,dispute,per_party,fold_after,1,11,8408,naive,M_squared,49,8606,3234,11840,82880,11840,online_verify_reconstruction_units,54,219.25925925925927,11
7,12,PRIME_MERSENNE_61,2305843009213693951,prss_dispute_seed_naive,dispute,total,fold_after,1,11,8408,naive,M_squared,49,8606,3234,11840,82880,82880,online_verify_reconstruction_units,378,219.25925925925927,11
7,12,PRIME_MERSENNE_61,2305843009213693951,naive,n/a,per_party,fold_before,0,10,16629,none,none,0,99774,0,99774,698418,99774,online_verify_reconstruction_units,54,1847.6666666666667,11
7,12,PRIME_MERSENNE_61,2305843009213693951,naive,n/a,total,fold_before,0,10,16629,none,none,0,99774,0,99774,698418,698418,online_verify_reconstruction_units,378,1847.6666666666667,11
7,12,PRIME_MERSENNE_61,2305843009213693951,dpss_model,n/a,per_party,fold_before,0,10,16629,none,none,0,17168,0,17168,120176,17168,online_verify_reconstruction_units,54,317.9259259259259,11
7,12,PRIME_MERSENNE_61,2305843009213693951,dpss_model,n/a,total,fold_before,0,10,16629,none,none,0,17168,0,17168,120176,120176,online_verify_reconstruction_units,378,317.9259259259259,11
7,12,PRIME_MERSENNE_61,2305843009213693951,full_mask,n/a,per_party,fold_before,0,10,429,none,none,0,2574,0,2574,18018,2574,online_verify_reconstruction_units,54,47.666666666666664,11
7,12,PRIME_MERSENNE_61,2305843009213693951,full_mask,n/a,total,fold_before,0,10,429,none,none,0,2574,0,2574,18018,18018,online_verify_reconstruction_units,378,47.666666666666664,11
7,12,PRIME_MERSENNE_61,2305843009213693951,kernel_mask,n/a,per_party,fold_before,0,10,253,none,none,0,1518,0,1518,10626,1518,online_verify_reconstruction_units,54,28.11111111111111,11
7,12,PRIME_MERSENNE_61,2305843009213693951,kernel_mask,n/a,total,fold_before,0,10,253,none,none,0,1518,0,1518,10626,10626,online_verify_reconstruction_units,378,28.11111111111111,11
7,12,PRIME_MERSENNE_61,2305843009213693951,prss_local,local,per_party,fold_before,0,10,16629,none,none,0,16629,0,16629,116403,16629,online_verify_reconstruction_units,54,307.94444444444446,11
7,12,PRIME_MERSENNE_61,2305843009213693951,prss_local,local,total,fold_before,0,10,16629,none,none,0,16629,0,16629,116403,116403,online_verify_reconstruction_units,378,307.94444444444446,11
7,12,PRIME_MERSENNE_61,2305843009213693951,prss_local_seed_dpss,local,per_party,fold_before,0,10,16629,dpss,one,1,16629,550,17179,120253,17179,online_verify_reconstruction_units,54,318.1296296296296,11
7,12,PRIME_MERSENNE_61,2305843009213693951,prss_local_seed_dpss,local,total,fold_before,0,10,16629,dpss,one,1,16629,550,17179,120253,120253,online_verify_reconstruction_units,378,318.1296296296296,11
7,12,PRIME_MERSENNE_61,2305843009213693951,prss_local_seed_naive,local,per_party,fold_before,0,10,16629,naive,one,1,16629,66,16695,116865,16695,online_verify_reconstruction_units,54,309.1666666666667,11
7,12,PRIME_MERSENNE_61,2305843009213693951,prss_local_seed_naive,local,total,fold_before,0,10,16629,naive,one,1,16629,66,16695,116865,116865,online_verify_reconstruction_units,378,309.1666666666667,11
7,12,PRIME_MERSENNE_61,2305843009213693951,prss_local_seed_dpss,local,per_party,fold_before,0,10,16629,dpss,M,7,16629,616,17245,120715,17245,online_verify_reconstruction_units,54,319.35185185185185,11
7,12,PRIME_MERSENNE_61,2305843009213693951,prss_local_seed_dpss,local,total,fold_before,0,10,16629,dpss,M,7,16629,616,17245,120715,120715,online_verify_reconstruction_units,378,319.35185185185185,11
7,12,PRIME_MERSENNE_61,2305843009213693951,prss_local_seed_naive,local,per_party,fold_before,0,10,16629,naive,M,7,16629,462,17091,119637,17091,online_verify_reconstruction_units,54,316.5,11
7,12,PRIME_MERSENNE_61,2305843009213693951,prss_local_seed_naive,local,total,fold_before,0,10,16629,naive,M,7,16629,462,17091,119637,119637,online_verify_reconstruction_units,378,316.5,11
7,12,PRIME_MERSENNE_61,2305843009213693951,prss_local_seed_dpss,local,per_party,fold_before,0,10,16629,dpss,M_squared,49,16629,1078,17707,123949,17707,online_verify_reconstruction_units,54,327.9074074074074,11
7,12,PRIME_MERSENNE_61,2305843009213693951,prss_local_seed_dpss,local,total,fold_before,0,10,16629,dpss,M_squared,49,16629,1078,17707,123949,123949,online_verify_reconstruction_units,378,327.9074074074074,11
7,12,PRIME_MERSENNE_61,2305843009213693951,prss_local_seed_naive,local,per_party,fold_before,0,10,16629,naive,M_squared,49,16629,3234,19863,139041,19863,online_verify_reconstruction_units,54,367.8333333333333,11
7,12,PRIME_MERSENNE_61,2305843009213693951,prss_local_seed_naive,local,total,fold_before,0,10,16629,naive,M_squared,49,16629,3234,19863,139041,139041,online_verify_reconstruction_units,378,367.8333333333333,11
7,12,PRIME_MERSENNE_61,2305843009213693951,prss_commit,commit,per_party,fold_before,0,10,16629,none,none,0,16695,0,16695,116865,16695,online_verify_reconstruction_units,54,309.1666666666667,11
7,12,PRIME_MERSENNE_61,2305843009213693951,prss_commit,commit,total,fold_before,0,10,16629,none,none,0,16695,0,16695,116865,116865,online_verify_reconstruction_units,378,309.1666666666667,11
7,12,PRIME_MERSENNE_61,2305843009213693951,prss_commit_seed_dpss,commit,per_party,fold_before,0,10,16629,dpss,one,1,16695,550,17245,120715,17245,online_verify_reconstruction_units,54,319.35185185185185,11
7,12,PRIME_MERSENNE_61,2305843009213693951,prss_commit_seed_dpss,commit,total,fold_before,0,10,16629,dpss,one,1,16695,550,17245,120715,120715,online_verify_reconstruction_units,378,319.35185185185185,11
7,12,PRIME_MERSENNE_61,2305843009213693951,prss_commit_seed_naive,commit,per_party,fold_before,0,10,16629,naive,one,1,16695,66,16761,117327,16761,online_verify_reconstruction_units,54,310.3888888888889,11
7,12,PRIME_MERSENNE_61,2305843009213693951,prss_commit_seed_naive,commit,total,fold_before,0,10,16629,naive,one,1,16695,66,16761,117327,117327,online_verify_reconstruction_units,378,310.3888888888889,11
7,12,PRIME_MERSENNE_61,2305843009213693951,prss_commit_seed_dpss,commit,per_party,fold_before,0,10,16629,dpss,M,7,16695,616,17311,121177,17311,online_verify_reconstruction_units,54,320.5740740740741,11
7,12,PRIME_MERSENNE_61,2305843009213693951,prss_commit_seed_dpss,commit,total,fold_before,0,10,16629,dpss,M,7,16695,616,17311,121177,121177,online_verify_reconstruction_units,378,320.5740740740741,11
7,12,PRIME_MERSENNE_61,2305843009213693951,prss_commit_seed_naive,commit,per_party,fold_before,0,10,16629,naive,M,7,16695,462,17157,120099,17157,online_verify_reconstruction_units,54,317.72222222222223,11
7,12,PRIME_MERSENNE_61,2305843009213693951,prss_commit_seed_naive,commit,total,fold_before,0,10,16629,naive,M,7,16695,462,17157,120099,120099,online_verify_reconstruction_units,378,317.72222222222223,11
7,12,PRIME_MERSENNE_61,2305843009213693951,prss_commit_seed_dpss,commit,per_party,fold_before,0,10,16629,dpss,M_squared,49,16695,1078,17773,124411,17773,online_verify_reconstruction_units,54,329.1296296296296,11
7,12,PRIME_MERSENNE_61,2305843009213693951,prss_commit_seed_dpss,commit,total,fold_before,0,10,16629,dpss,M_squared,49,16695,1078,17773,124411,124411,online_verify_reconstruction_units,378,329.1296296296296,11
7,12,PRIME_MERSENNE_61,2305843009213693951,prss_commit_seed_naive,commit,per_party,fold_before,0,10,16629,naive,M_squared,49,16695,3234,19929,139503,19929,online_verify_reconstruction_units,54,369.05555555555554,11
7,12,PRIME_MERSENNE_61,2305843009213693951,prss_commit_seed_naive,commit,total,fold_before,0,10,16629,naive,M_squared,49,16695,3234,19929,139503,139503,online_verify_reconstruction_units,378,369.05555555555554,11
7,12,PRIME_MERSENNE_61,2305843009213693951,prss_dispute,dispute,per_party,fold_before,0,10,16629,none,none,0,16827,0,16827,117789,16827,online_verify_reconstruction_units,54,311.6111111111111,11
7,12,PRIME_MERSENNE_61,2305843009213693951,prss_dispute,dispute,total,fold_before,0,10,16629,none,none,0,16827,0,16827,117789,117789,online_verify_reconstruction_units,378,311.6111111111111,11
7,12,PRIME_MERSENNE_61,2305843009213693951,prss_dispute_seed_dpss,dispute,per_party,fold_before,0,10,16629,dpss,one,1,16827,550,17377,121639,17377,online_verify_reconstruction_units,54,321.7962962962963,11
7,12,PRIME_MERSENNE_61,2305843009213693951,prss_dispute_seed_dpss,dispute,total,fold_before,0,10,16629,dpss,one,1,16827,550,17377,121639,121639,online_verify_reconstruction_units,378,321.7962962962963,11
7,12,PRIME_MERSENNE_61,2305843009213693951,prss_dispute_seed_naive,dispute,per_party,fold_before,0,10,16629,naive,one,1,16827,66,16893,118251,16893,online_verify_reconstruction_units,54,312.8333333333333,11
7,12,PRIME_MERSENNE_61,2305843009213693951,prss_dispute_seed_naive,dispute,total,fold_before,0,10,16629,naive,one,1,16827,66,16893,118251,118251,online_verify_reconstruction_units,378,312.8333333333333,11
7,12,PRIME_MERSENNE_61,2305843009213693951,prss_dispute_seed_dpss,dispute,per_party,fold_before,0,10,16629,dpss,M,7,16827,616,17443,122101,17443,online_verify_reconstruction_units,54,323.01851851851853,11
7,12,PRIME_MERSENNE_61,2305843009213693951,prss_dispute_seed_dpss,dispute,total,fold_before,0,10,16629,dpss,M,7,16827,616,17443,122101,122101,online_verify_reconstruction_units,378,323.01851851851853,11
7,12,PRIME_MERSENNE_61,2305843009213693951,prss_dispute_seed_naive,dispute,per_party,fold_before,0,10,16629,naive,M,7,16827,462,17289,121023,17289,online_verify_reconstruction_units,54,320.1666666666667,11
7,12,PRIME_MERSENNE_61,2305843009213693951,prss_dispute_seed_naive,dispute,total,fold_before,0,10,16629,naive,M,7,16827,462,17289,121023,121023,online_verify_reconstruction_units,378,320.1666666666667,11
7,12,PRIME_MERSENNE_61,2305843009213693951,prss_dispute_seed_dpss,dispute,per_party,fold_before,0,10,16629,dpss,M_squared,49,16827,1078,17905,125335,17905,online_verify_reconstruction_units,54,331.5740740740741,11
7,12,PRIME_MERSENNE_61,2305843009213693951,prss_dispute_seed_dpss,dispute,total,fold_before,0,10,16629,dpss,M_squared,49,16827,1078,17905,125335,125335,online_verify_reconstruction_units,378,331.5740740740741,11
7,12,PRIME_MERSENNE_61,2305843009213693951,prss_dispute_seed_naive,dispute,per_party,fold_before,0,10,16629,naive,M_squared,49,16827,3234,20061,140427,20061,online_verify_reconstruction_units,54,371.5,11
7,12,PRIME_MERSENNE_61,2305843009213693951,prss_dispute_seed_naive,dispute,total,fold_before,0,10,16629,naive,M_squared,49,16827,3234,20061,140427,140427,online_verify_reconstruction_units,378,371.5,11
9,12,PRIME_MERSENNE_61,2305843009213693951,naive,n/a,per_party,fold_after,1,11,8408,none,none,0,67264,0,67264,605376,67264,online_verify_reconstruction_units,54,1245.6296296296296,11
9,12,PRIME_MERSENNE_61,2305843009213693951,naive,n/a,total,fold_after,1,11,8408,none,none,0,67264,0,67264,605376,605376,online_verify_reconstruction_units,486,1245.6296296296296,11
9,12,PRIME_MERSENNE_61,2305843009213693951,dpss_model,n/a,per_party,fold_after,1,11,8408,none,none,0,9299,0,9299,83691,9299,online_verify_reconstruction_units,54,172.2037037037037,11
9,12,PRIME_MERSENNE_61,2305843009213693951,dpss_model,n/a,total,fold_after,1,11,8408,none,none,0,9299,0,9299,83691,83691,online_verify_reconstruction_units,486,172.2037037037037,11
9,12,PRIME_MERSENNE_61,2305843009213693951,full_mask,n/a,per_party,fold_after,1,11,429,none,none,0,3432,0,3432,30888,3432,online_verify_reconstruction_units,54,63.55555555555556,11
9,12,PRIME_MERSENNE_61,2305843009213693951,full_mask,n/a,total,fold_after,1,11,429,none,none,0,3432,0,3432,30888,30888,online_verify_reconstruction_units,486,63.55555555555556,11
9,12,PRIME_MERSENNE_61,2305843009213693951,kernel_mask,n/a,per_party,fold_after,1,11,220,none,none,0,1760,0,1760,15840,1760,online_verify_reconstruction_units,54,32.592592592592595,11
9,12,PRIME_MERSENNE_61,2305843009213693951,kernel_mask,n/a,total,fold_after,1,11,220,none,none,0,1760,0,1760,15840,15840,online_verify_reconstruction_units,486,32.592592592592595,11
9,12,PRIME_MERSENNE_61,2305843009213693951,prss_local,local,per_party,fold_after,1,11,8408,none,none,0,8408,0,8408,75672,8408,online_verify_reconstruction_units,54,155.7037037037037,11
9,12,PRIME_MERSENNE_61,2305843009213693951,prss_local,local,total,fold_after,1,11,8408,none,none,0,8408,0,8408,75672,75672,online_verify_reconstruction_units,486,155.7037037037037,11
9,12,PRIME_MERSENNE_61,2305843009213693951,prss_local_seed_dpss,local,per_party,fold_after,1,11,8408,dpss,one,1,8408,902,9310,83790,9310,online_verify_reconstruction_units,54,172.40740740740742,11
9,12,PRIME_MERSENNE_61,2305843009213693951,prss_local_seed_dpss,local,total,fold_after,1,11,8408,dpss,one,1,8408,902,9310,83790,83790,online_verify_reconstruction_units,486,172.40740740740742,11
9,12,PRIME_MERSENNE_61,2305843009213693951,prss_local_seed_naive,local,per_party,fold_after,1,11,8408,naive,one,1,8408,88,8496,76464,8496,online_verify_reconstruction_units,54,157.33333333333334,11
9,12,PRIME_MERSENNE_61,2305843009213693951,prss_local_seed_naive,local,total,fold_after,1,11,8408,naive,one,1,8408,88,8496,76464,76464,online_verify_reconstruction_units,486,157.33333333333334,11
9,12,PRIME_MERSENNE_61,2305843009213693951,prss_local_seed_dpss,local,per_party,fold_after,1,11,8408,dpss,M,9,8408,990,9398,84582,9398,online_verify_reconstruction_units,54,174.03703703703704,11
9,12,PRIME_MERSENNE_61,2305843009213693951,prss_local_seed_dpss,local,total,fold_after,1,11,8408,dpss,M,9,8408,990,9398,84582,84582,online_verify_reconstruction_units,486,174.03703703703704,11
9,12,PRIME_MERSENNE_61,2305843009213693951,prss_local_seed_naive,local,per_party,fold_after,1,11,8408,naive,M,9,8408,792,9200,82800,9200,online_verify_reconstruction_units,54,170.37037037037038,11
9,12,PRIME_MERSENNE_61,2305843009213693951,prss_local_seed_naive,local,total,fold_after,1,11,8408,naive,M,9,8408,792,9200,82800,82800,online_verify_reconstruction_units,486,170.37037037037038,11
9,12,PRIME_MERSENNE_61,2305843009213693951,prss_local_seed_dpss,local,per_party,fold_after,1,11,8408,dpss,M_squared,81,8408,1782,10190,91710,10190,online_verify_reconstruction_units,54,188.7037037037037,11
9,12,PRIME_MERSENNE_61,2305843009213693951,prss_local_seed_dpss,local,total,fold_after,1,11,8408,dpss,M_squared,81,8408,1782,10190,91710,91710,online_verify_reconstruction_units,486,188.7037037037037,11
9,12,PRIME_MERSENNE_61,2305843009213693951,prss_local_seed_naive,local,per_party,fold_after,1,11,8408,naive,M_squared,81,8408,7128,15536,139824,15536,online_verify_reconstruction_units,54,287.7037037037037,11
9,12,PRIME_MERSENNE_61,2305843009213693951,prss_local_seed_naive,local,total,fold_after,1,11,8408,naive,M_squared,81,8408,7128,15536,139824,139824,online_verify_reconstruction_units,486,287.7037037037037,11
9,12,PRIME_MERSENNE_61,2305843009213693951,prss_commit,commit,per_party,fold_after,1,11,8408,none,none,0,8496,0,8496,76464,8496,online_verify_reconstruction_units,54,157.33333333333334,11
9,12,PRIME_MERSENNE_61,2305843009213693951,prss_commit,commit,total,fold_after,1,11,8408,none,none,0,8496,0,8496,76464,76464,online_verify_reconstruction_units,486,157.33333333333334,11
9,12,PRIME_MERSENNE_61,2305843009213693951,prss_commit_seed_dpss,commit,per_party,fold_after,1,11,8408,dpss,one,1,8496,902,9398,84582,9398,online_verify_reconstruction_units,54,174.03703703703704,11
9,12,PRIME_MERSENNE_61,2305843009213693951,prss_commit_seed_dpss,commit,total,fold_after,1,11,8408,dpss,one,1,8496,902,9398,84582,84582,online_verify_reconstruction_units,486,174.03703703703704,11
9,12,PRIME_MERSENNE_61,2305843009213693951,prss_commit_seed_naive,commit,per_party,fold_after,1,11,8408,naive,one,1,8496,88,8584,77256,8584,online_verify_reconstruction_units,54,158.96296296296296,11
9,12,PRIME_MERSENNE_61,2305843009213693951,prss_commit_seed_naive,commit,total,fold_after,1,11,8408,naive,one,1,8496,88,8584,77256,77256,online_verify_reconstruction_units,486,158.96296296296296,11
9,12,PRIME_MERSENNE_61,2305843009213693951,prss_commit_seed_dpss,commit,per_party,fold_after,1,11,8408,dpss,M,9,8496,990,9486,85374,9486,online_verify_reconstruction_units,54,175.66666666666666,11
9,12,PRIME_MERSENNE_61,2305843009213693951,prss_commit_seed_dpss,commit,total,fold_after,1,11,8408,dpss,M,9,8496,990,9486,85374,85374,online_verify_reconstruction_units,486,175.66666666666666,11
9,12,PRIME_MERSENNE_61,2305843009213693951,prss_commit_seed_naive,commit,per_party,fold_after,1,11,8408,naive,M,9,8496,792,9288,83592,9288,online_verify_reconstruction_units,54,172.0,11
9,12,PRIME_MERSENNE_61,2305843009213693951,prss_commit_seed_naive,commit,total,fold_after,1,11,8408,naive,M,9,8496,792,9288,83592,83592,online_verify_reconstruction_units,486,172.0,11
9,12,PRIME_MERSENNE_61,2305843009213693951,prss_commit_seed_dpss,commit,per_party,fold_after,1,11,8408,dpss,M_squared,81,8496,1782,10278,92502,10278,online_verify_reconstruction_units,54,190.33333333333334,11
9,12,PRIME_MERSENNE_61,2305843009213693951,prss_commit_seed_dpss,commit,total,fold_after,1,11,8408,dpss,M_squared,81,8496,1782,10278,92502,92502,online_verify_reconstruction_units,486,190.33333333333334,11
9,12,PRIME_MERSENNE_61,2305843009213693951,prss_commit_seed_naive,commit,per_party,fold_after,1,11,8408,naive,M_squared,81,8496,7128,15624,140616,15624,online_verify_reconstruction_units,54,289.3333333333333,11
9,12,PRIME_MERSENNE_61,2305843009213693951,prss_commit_seed_naive,commit,total,fold_after,1,11,8408,naive,M_squared,81,8496,7128,15624,140616,140616,online_verify_reconstruction_units,486,289.3333333333333,11
9,12,PRIME_MERSENNE_61,2305843009213693951,prss_dispute,dispute,per_party,fold_after,1,11,8408,none,none,0,8760,0,8760,78840,8760,online_verify_reconstruction_units,54,162.22222222222223,11
9,12,PRIME_MERSENNE_61,2305843009213693951,prss_dispute,dispute,total,fold_after,1,11,8408,none,none,0,8760,0,8760,78840,78840,online_verify_reconstruction_units,486,162.22222222222223,11
9,12,PRIME_MERSENNE_61,2305843009213693951,prss_dispute_seed_dpss,dispute,per_party,fold_after,1,11,8408,dpss,one,1,8760,902,9662,86958,9662,online_verify_reconstruction_units,54,178.92592592592592,11
9,12,PRIME_MERSENNE_61,2305843009213693951,prss_dispute_seed_dpss,dispute,total,fold_after,1,11,8408,dpss,one,1,8760,902,9662,86958,86958,online_verify_reconstruction_units,486,178.92592592592592,11
9,12,PRIME_MERSENNE_61,2305843009213693951,prss_dispute_seed_naive,dispute,per_party,fold_after,1,11,8408,naive,one,1,8760,88,8848,79632,8848,online_verify_reconstruction_units,54,163.85185185185185,11
9,12,PRIME_MERSENNE_61,2305843009213693951,prss_dispute_seed_naive,dispute,total,fold_after,1,11,8408,naive,one,1,8760,88,8848,79632,79632,online_verify_reconstruction_units,486,163.85185185185185,11
9,12,PRIME_MERSENNE_61,2305843009213693951,prss_dispute_seed_dpss,dispute,per_party,fold_after,1,11,8408,dpss,M,9,8760,990,9750,87750,9750,online_verify_reconstruction_units,54,180.55555555555554,11
9,12,PRIME_MERSENNE_61,2305843009213693951,prss_dispute_seed_dpss,dispute,total,fold_after,1,11,8408,dpss,M,9,8760,990,9750,87750,87750,online_verify_reconstruction_units,486,180.55555555555554,11
9,12,PRIME_MERSENNE_61,2305843009213693951,prss_dispute_seed_naive,dispute,per_party,fold_after,1,11,8408,naive,M,9,8760,792,9552,85968,9552,online_verify_reconstruction_units,54,176.88888888888889,11
9,12,PRIME_MERSENNE_61,2305843009213693951,prss_dispute_seed_naive,dispute,total,fold_after,1,11,8408,naive,M,9,8760,792,9552,85968,85968,online_verify_reconstruction_units,486,176.88888888888889,11
9,12,PRIME_MERSENNE_61,2305843009213693951,prss_dispute_seed_dpss,dispute,per_party,fold_after,1,11,8408,dpss,M_squared,81,8760,1782,10542,94878,10542,online_verify_reconstruction_units,54,195.22222222222223,11
9,12,PRIME_MERSENNE_61,2305843009213693951,prss_dispute_seed_dpss,dispute,total,fold_after,1,11,8408,dpss,M_squared,81,8760,1782,10542,94878,94878,online_verify_reconstruction_units,486,195.22222222222223,11
9,12,PRIME_MERSENNE_61,2305843009213693951,prss_dispute_seed_naive,dispute,per_party,fold_after,1,11,8408,naive,M_squared,81,8760,7128,15888,142992,15888,online_verify_reconstruction_units,54,294.22222222222223,11
9,12,PRIME_MERSENNE_61,2305843009213693951,prss_dispute_seed_naive,dispute,total,fold_after,1,11,8408,naive,M_squared,81,8760,7128,15888,142992,142992,online_verify_reconstruction_units,486,294.22222222222223,11
9,12,PRIME_MERSENNE_61,2305843009213693951,naive,n/a,per_party,fold_before,0,10,16629,none,none,0,133032,0,133032,1197288,133032,online_verify_reconstruction_units,54,2463.5555555555557,11
9,12,PRIME_MERSENNE_61,2305843009213693951,naive,n/a,total,fold_before,0,10,16629,none,none,0,133032,0,133032,1197288,1197288,online_verify_reconstruction_units,486,2463.5555555555557,11
9,12,PRIME_MERSENNE_61,2305843009213693951,dpss_model,n/a,per_party,fold_before,0,10,16629,none,none,0,17520,0,17520,157680,17520,online_verify_reconstruction_units,54,324.44444444444446,11
9,12,PRIME_MERSENNE_61,2305843009213693951,dpss_model,n/a,total,fold_before,0,10,16629,none,none,0,17520,0,17520,157680,157680,online_verify_reconstruction_units,486,324.44444444444446,11
9,12,PRIME_MERSENNE_61,2305843009213693951,full_mask,n/a,per_party,fold_before,0,10,429,none,none,0,3432,0,3432,30888,3432,online_verify_reconstruction_units,54,63.55555555555556,11
9,12,PRIME_MERSENNE_61,2305843009213693951,full_mask,n/a,total,fold_before,0,10,429,none,none,0,3432,0,3432,30888,30888,online_verify_reconstruction_units,486,63.55555555555556,11
9,12,PRIME_MERSENNE_61,2305843009213693951,kernel_mask,n/a,per_party,fold_before,0,10,253,none,none,0,2024,0,2024,18216,2024,online_verify_reconstruction_units,54,37.48148148148148,11
9,12,PRIME_MERSENNE_61,2305843009213693951,kernel_mask,n/a,total,fold_before,0,10,253,none,none,0,2024,0,2024,18216,18216,online_verify_reconstruction_units,486,37.48148148148148,11
9,12,PRIME_MERSENNE_61,2305843009213693951,prss_local,local,per_party,fold_before,0,10,16629,none,none,0,16629,0,16629,149661,16629,online_verify_reconstruction_units,54,307.94444444444446,11
9,12,PRIME_MERSENNE_61,2305843009213693951,prss_local,local,total,fold_before,0,10,16629,none,none,0,16629,0,16629,149661,149661,online_verify_reconstruction_units,486,307.94444444444446,11
9,12,PRIME_MERSENNE_61,2305843009213693951,prss_local_seed_dpss,local,per_party,fold_before,0,10,16629,dpss,one,1,16629,902,17531,157779,17531,online_verify_reconstruction_units,54,324.64814814814815,11
9,12,PRIME_MERSENNE_61,2305843009213693951,prss_local_seed_dpss,local,total,fold_before,0,10,16629,dpss,one,1,16629,902,17531,157779,157779,online_verify_reconstruction_units,486,324.64814814814815,11
9,12,PRIME_MERSENNE_61,2305843009213693951,prss_local_seed_naive,local,per_party,fold_before,0,10,16629,naive,one,1,16629,88,16717,150453,16717,online_verify_reconstruction_units,54,309.5740740740741,11
9,12,PRIME_MERSENNE_61,2305843009213693951,prss_local_seed_naive,local,total,fold_before,0,10,16629,naive,one,1,16629,88,16717,150453,150453,online_verify_reconstruction_units,486,309.5740740740741,11
9,12,PRIME_MERSENNE_61,2305843009213693951,prss_local_seed_dpss,local,per_party,fold_before,0,10,16629,dpss,M,9,16629,990,17619,158571,17619,online_verify_reconstruction_units,54,326.27777777777777,11
9,12,PRIME_MERSENNE_61,2305843009213693951,prss_local_seed_dpss,local,total,fold_before,0,10,16629,dpss,M,9,16629,990,17619,158571,158571,online_verify_reconstruction_units,486,326.27777777777777,11
9,12,PRIME_MERSENNE_61,2305843009213693951,prss_local_seed_naive,local,per_party,fold_before,0,10,16629,naive,M,9,16629,792,17421,156789,17421,online_verify_reconstruction_units,54,322.6111111111111,11
9,12,PRIME_MERSENNE_61,2305843009213693951,prss_local_seed_naive,local,total,fold_before,0,10,16629,naive,M,9,16629,792,17421,156789,156789,online_verify_reconstruction_units,486,322.6111111111111,11
9,12,PRIME_MERSENNE_61,2305843009213693951,prss_local_seed_dpss,local,per_party,fold_before,0,10,16629,dpss,M_squared,81,16629,1782,18411,165699,18411,online_verify_reconstruction_units,54,340.94444444444446,11
9,12,PRIME_MERSENNE_61,2305843009213693951,prss_local_seed_dpss,local,total,fold_before,0,10,16629,dpss,M_squared,81,16629,1782,18411,165699,165699,online_verify_reconstruction_units,486,340.94444444444446,11
9,12,PRIME_MERSENNE_61,2305843009213693951,prss_local_seed_naive,local,per_party,fold_before,0,10,16629,naive,M_squared,81,16629,7128,23757,213813,23757,online_verify_reconstruction_units,54,439.94444444444446,11
9,12,PRIME_MERSENNE_61,2305843009213693951,prss_local_seed_naive,local,total,fold_before,0,10,16629,naive,M_squared,81,16629,7128,23757,213813,213813,online_verify_reconstruction_units,486,439.94444444444446,11
9,12,PRIME_MERSENNE_61,2305843009213693951,prss_commit,commit,per_party,fold_before,0,10,16629,none,none,0,16717,0,16717,150453,16717,online_verify_reconstruction_units,54,309.5740740740741,11
9,12,PRIME_MERSENNE_61,2305843009213693951,prss_commit,commit,total,fold_before,0,10,16629,none,none,0,16717,0,16717,150453,150453,online_verify_reconstruction_units,486,309.5740740740741,11
9,12,PRIME_MERSENNE_61,2305843009213693951,prss_commit_seed_dpss,commit,per_party,fold_before,0,10,16629,dpss,one,1,16717,902,17619,158571,17619,online_verify_reconstruction_units,54,326.27777777777777,11
9,12,PRIME_MERSENNE_61,2305843009213693951,prss_commit_seed_dpss,commit,total,fold_before,0,10,16629,dpss,one,1,16717,902,17619,158571,158571,online_verify_reconstruction_units,486,326.27777777777777,11
9,12,PRIME_MERSENNE_61,2305843009213693951,prss_commit_seed_naive,commit,per_party,fold_before,0,10,16629,naive,one,1,16717,88,16805,151245,16805,online_verify_reconstruction_units,54,311.2037037037037,11
9,12,PRIME_MERSENNE_61,2305843009213693951,prss_commit_seed_naive,commit,total,fold_before,0,10,16629,naive,one,1,16717,88,16805,151245,151245,online_verify_reconstruction_units,486,311.2037037037037,11
9,12,PRIME_MERSENNE_61,2305843009213693951,prss_commit_seed_dpss,commit,per_party,fold_before,0,10,16629,dpss,M,9,16717,990,17707,159363,17707,online_verify_reconstruction_units,54,327.9074074074074,11
9,12,PRIME_MERSENNE_61,2305843009213693951,prss_commit_seed_dpss,commit,total,fold_before,0,10,16629,dpss,M,9,16717,990,17707,159363,159363,online_verify_reconstruction_units,486,327.9074074074074,11
9,12,PRIME_MERSENNE_61,2305843009213693951,prss_commit_seed_naive,commit,per_party,fold_before,0,10,16629,naive,M,9,16717,792,17509,157581,17509,online_verify_reconstruction_units,54,324.24074074074076,11
9,12,PRIME_MERSENNE_61,2305843009213693951,prss_commit_seed_naive,commit,total,fold_before,0,10,16629,naive,M,9,16717,792,17509,157581,157581,online_verify_reconstruction_units,486,324.24074074074076,11
9,12,PRIME_MERSENNE_61,2305843009213693951,prss_commit_seed_dpss,commit,per_party,fold_before,0,10,16629,dpss,M_squared,81,16717,1782,18499,166491,18499,online_verify_reconstruction_units,54,342.5740740740741,11
9,12,PRIME_MERSENNE_61,2305843009213693951,prss_commit_seed_dpss,commit,total,fold_before,0,10,16629,dpss,M_squared,81,16717,1782,18499,166491,166491,online_verify_reconstruction_units,486,342.5740740740741,11
9,12,PRIME_MERSENNE_61,2305843009213693951,prss_commit_seed_naive,commit,per_party,fold_before,0,10,16629,naive,M_squared,81,16717,7128,23845,214605,23845,online_verify_reconstruction_units,54,441.5740740740741,11
9,12,PRIME_MERSENNE_61,2305843009213693951,prss_commit_seed_naive,commit,total,fold_before,0,10,16629,naive,M_squared,81,16717,7128,23845,214605,214605,online_verify_reconstruction_units,486,441.5740740740741,11
9,12,PRIME_MERSENNE_61,2305843009213693951,prss_dispute,dispute,per_party,fold_before,0,10,16629,none,none,0,16981,0,16981,152829,16981,online_verify_reconstruction_units,54,314.462962962963,11
9,12,PRIME_MERSENNE_61,2305843009213693951,prss_dispute,dispute,total,fold_before,0,10,16629,none,none,0,16981,0,16981,152829,152829,online_verify_reconstruction_units,486,314.462962962963,11
9,12,PRIME_MERSENNE_61,2305843009213693951,prss_dispute_seed_dpss,dispute,per_party,fold_before,0,10,16629,dpss,one,1,16981,902,17883,160947,17883,online_verify_reconstruction_units,54,331.1666666666667,11
9,12,PRIME_MERSENNE_61,2305843009213693951,prss_dispute_seed_dpss,dispute,total,fold_before,0,10,16629,dpss,one,1,16981,902,17883,160947,160947,online_verify_reconstruction_units,486,331.1666666666667,11
9,12,PRIME_MERSENNE_61,2305843009213693951,prss_dispute_seed_naive,dispute,per_party,fold_before,0,10,16629,naive,one,1,16981,88,17069,153621,17069,online_verify_reconstruction_units,54,316.0925925925926,11
9,12,PRIME_MERSENNE_61,2305843009213693951,prss_dispute_seed_naive,dispute,total,fold_before,0,10,16629,naive,one,1,16981,88,17069,153621,153621,online_verify_reconstruction_units,486,316.0925925925926,11
9,12,PRIME_MERSENNE_61,2305843009213693951,prss_dispute_seed_dpss,dispute,per_party,fold_before,0,10,16629,dpss,M,9,16981,990,17971,161739,17971,online_verify_reconstruction_units,54,332.7962962962963,11
9,12,PRIME_MERSENNE_61,2305843009213693951,prss_dispute_seed_dpss,dispute,total,fold_before,0,10,16629,dpss,M,9,16981,990,17971,161739,161739,online_verify_reconstruction_units,486,332.7962962962963,11
9,12,PRIME_MERSENNE_61,2305843009213693951,prss_dispute_seed_naive,dispute,per_party,fold_before,0,10,16629,naive,M,9,16981,792,17773,159957,17773,online_verify_reconstruction_units,54,329.1296296296296,11
9,12,PRIME_MERSENNE_61,2305843009213693951,prss_dispute_seed_naive,dispute,total,fold_before,0,10,16629,naive,M,9,16981,792,17773,159957,159957,online_verify_reconstruction_units,486,329.1296296296296,11
9,12,PRIME_MERSENNE_61,2305843009213693951,prss_dispute_seed_dpss,dispute,per_party,fold_before,0,10,16629,dpss,M_squared,81,16981,1782,18763,168867,18763,online_verify_reconstruction_units,54,347.462962962963,11
9,12,PRIME_MERSENNE_61,2305843009213693951,prss_dispute_seed_dpss,dispute,total,fold_before,0,10,16629,dpss,M_squared,81,16981,1782,18763,168867,168867,online_verify_reconstruction_units,486,347.462962962963,11
9,12,PRIME_MERSENNE_61,2305843009213693951,prss_dispute_seed_naive,dispute,per_party,fold_before,0,10,16629,naive,M_squared,81,16981,7128,24109,216981,24109,online_verify_reconstruction_units,54,446.462962962963,11
9,12,PRIME_MERSENNE_61,2305843009213693951,prss_dispute_seed_naive,dispute,total,fold_before,0,10,16629,naive,M_squared,81,16981,7128,24109,216981,216981,online_verify_reconstruction_units,486,446.462962962963,11
15,12,PRIME_MERSENNE_61,2305843009213693951,naive,n/a,per_party,fold_after,1,11,8408,none,none,0,117712,0,117712,1765680,117712,online_verify_reconstruction_units,54,2179.8518518518517,11
15,12,PRIME_MERSENNE_61,2305843009213693951,naive,n/a,total,fold_after,1,11,8408,none,none,0,117712,0,117712,1765680,1765680,online_verify_reconstruction_units,810,2179.8518518518517,11
15,12,PRIME_MERSENNE_61,2305843009213693951,dpss_model,n/a,per_party,fold_after,1,11,8408,none,none,0,10883,0,10883,163245,10883,online_verify_reconstruction_units,54,201.53703703703704,11
15,12,PRIME_MERSENNE_61,2305843009213693951,dpss_model,n/a,total,fold_after,1,11,8408,none,none,0,10883,0,10883,163245,163245,online_verify_reconstruction_units,810,201.53703703703704,11
15,12,PRIME_MERSENNE_61,2305843009213693951,full_mask,n/a,per_party,fold_after,1,11,429,none,none,0,6006,0,6006,90090,6006,online_verify_reconstruction_units,54,111.22222222222223,11
15,12,PRIME_MERSENNE_61,2305843009213693951,full_mask,n/a,total,fold_after,1,11,429,none,none,0,6006,0,6006,90090,90090,online_verify_reconstruction_units,810,111.22222222222223,11
15,12,PRIME_MERSENNE_61,2305843009213693951,kernel_mask,n/a,per_party,fold_after,1,11,220,none,none,0,3080,0,3080,46200,3080,online_verify_reconstruction_units,54,57.03703703703704,11
15,12,PRIME_MERSENNE_61,2305843009213693951,kernel_mask,n/a,total,fold_after,1,11,220,none,none,0,3080,0,3080,46200,46200,online_verify_reconstruction_units,810,57.03703703703704,11
15,12,PRIME_MERSENNE_61,2305843009213693951,prss_local,local,per_party,fold_after,1,11,8408,none,none,0,8408,0,8408,126120,8408,online_verify_reconstruction_units,54,155.7037037037037,11
15,12,PRIME_MERSENNE_61,2305843009213693951,prss_local,local,total,fold_after,1,11,8408,none,none,0,8408,0,8408,126120,126120,online_verify_reconstruction_units,810,155.7037037037037,11
15,12,PRIME_MERSENNE_61,2305843009213693951,prss_local_seed_dpss,local,per_party,fold_after,1,11,8408,dpss,one,1,8408,2486,10894,163410,10894,online_verify_reconstruction_units,54,201.74074074074073,11
15,12,PRIME_MERSENNE_61,2305843009213693951,prss_local_seed_dpss,local,total,fold_after,1,11,8408,dpss,one,1,8408,2486,10894,163410,163410,online_verify_reconstruction_units,810,201.74074074074073,11
15,12,PRIME_MERSENNE_61,2305843009213693951,prss_local_seed_naive,local,per_party,fold_after,1,11,8408,naive,one,1,8408,154,8562,128430,8562,online_verify_reconstruction_units,54,158.55555555555554,11
15,12,PRIME_MERSENNE_61,2305843009213693951,prss_local_seed_naive,local,total,fold_after,1,11,8408,naive,one,1,8408,154,8562,128430,128430,online_verify_reconstruction_units,810,158.55555555555554,11
15,12,PRIME_MERSENNE_61,2305843009213693951,prss_local_seed_dpss,local,per_party,fold_after,1,11,8408,dpss,M,15,8408,2640,11048,165720,11048,online_verify_reconstruction_units,54,204.59259259259258,11
15,12,PRIME_MERSENNE_61,2305843009213693951,prss_local_seed_dpss,local,total,fold_after,1,11,8408,dpss,M,15,8408,2640,11048,165720,165720,online_verify_reconstruction_units,810,204.59259259259258,11
15,12,PRIME_MERSENNE_61,2305843009213693951,prss_local_seed_naive,local,per_party,fold_after,1,11,8408,naive,M,15,8408,2310,10718,160770,10718,online_verify_reconstruction_units,54,198.4814814814815,11
15,12,PRIME_MERSENNE_61,2305843009213693951,prss_local_seed_naive,local,total,fold_after,1,11,8408,naive,M,15,8408,2310,10718,160770,160770,online_verify_reconstruction_units,810,198.4814814814815,11
15,12,PRIME_MERSENNE_61,2305843009213693951,prss_local_seed_dpss,local,per_party,fold_after,1,11,8408,dpss,M_squared,225,8408,4950,13358,200370,13358,online_verify_reconstruction_units,54,247.37037037037038,11
15,12,PRIME_MERSENNE_61,2305843009213693951,prss_local_seed_dpss,local,total,fold_after,1,11,8408,dpss,M_squared,225,8408,4950,13358,200370,200370,online_verify_reconstruction_units,810,247.37037037037038,11
15,12,PRIME_MERSENNE_61,2305843009213693951,prss_local_seed_naive,local,per_party,fold_after,1,11,8408,naive,M_squared,225,8408,34650,43058,645870,43058,online_verify_reconstruction_units,54,797.3703703703703,11
15,12,PRIME_MERSENNE_61,2305843009213693951,prss_local_seed_naive,local,total,fold_after,1,11,8408,naive,M_squared,225,8408,34650,43058,645870,645870,online_verify_reconstruction_units,810,797.3703703703703,11
15,12,PRIME_MERSENNE_61,2305843009213693951,prss_commit,commit,per_party,fold_after,1,11,8408,none,none,0,8562,0,8562,128430,8562,online_verify_reconstruction_units,54,158.55555555555554,11
15,12,PRIME_MERSENNE_61,2305843009213693951,prss_commit,commit,total,fold_after,1,11,8408,none,none,0,8562,0,8562,128430,128430,online_verify_reconstruction_units,810,158.55555555555554,11
15,12,PRIME_MERSENNE_61,2305843009213693951,prss_commit_seed_dpss,commit,per_party,fold_after,1,11,8408,dpss,one,1,8562,2486,11048,165720,11048,online_verify_reconstruction_units,54,204.59259259259258,11
15,12,PRIME_MERSENNE_61,2305843009213693951,prss_commit_seed_dpss,commit,total,fold_after,1,11,8408,dpss,one,1,8562,2486,11048,165720,165720,online_verify_reconstruction_units,810,204.59259259259258,11
15,12,PRIME_MERSENNE_61,2305843009213693951,prss_commit_seed_naive,commit,per_party,fold_after,1,11,8408,naive,one,1,8562,154,8716,130740,8716,online_verify_reconstruction_units,54,161.40740740740742,11
15,12,PRIME_MERSENNE_61,2305843009213693951,prss_commit_seed_naive,commit,total,fold_after,1,11,8408,naive,one,1,8562,154,8716,130740,130740,online_verify_reconstruction_units,810,161.40740740740742,11
15,12,PRIME_MERSENNE_61,2305843009213693951,prss_commit_seed_dpss,commit,per_party,fold_after,1,11,8408,dpss,M,15,8562,2640,11202,168030,11202,online_verify_reconstruction_units,54,207.44444444444446,11
15,12,PRIME_MERSENNE_61,2305843009213693951,prss_commit_seed_dpss,commit,total,fold_after,1,11,8408,dpss,M,15,8562,2640,11202,168030,168030,online_verify_reconstruction_units,810,207.44444444444446,11
15,12,PRIME_MERSENNE_61,2305843009213693951,prss_commit_seed_naive,commit,per_party,fold_after,1,11,8408,naive,M,15,8562,2310,10872,163080,10872,online_verify_reconstruction_units,54,201.33333333333334,11
15,12,PRIME_MERSENNE_61,2305843009213693951,prss_commit_seed_naive,commit,total,fold_after,1,11,8408,naive,M,15,8562,2310,10872,163080,163080,online_verify_reconstruction_units,810,201.33333333333334,11
15,12,PRIME_MERSENNE_61,2305843009213693951,prss_commit_seed_dpss,commit,per_party,fold_after,1,11,8408,dpss,M_squared,225,8562,4950,13512,202680,13512,online_verify_reconstruction_units,54,250.22222222222223,11
15,12,PRIME_MERSENNE_61,2305843009213693951,prss_commit_seed_dpss,commit,total,fold_after,1,11,8408,dpss,M_squared,225,8562,4950,13512,202680,202680,online_verify_reconstruction_units,810,250.22222222222223,11
15,12,PRIME_MERSENNE_61,2305843009213693951,prss_commit_seed_naive,commit,per_party,fold_after,1,11,8408,naive,M_squared,225,8562,34650,43212,648180,43212,online_verify_reconstruction_units,54,800.2222222222222,11
15,12,PRIME_MERSENNE_61,2305843009213693951,prss_commit_seed_naive,commit,total,fold_after,1,11,8408,naive,M_squared,225,8562,34650,43212,648180,648180,online_verify_reconstruction_units,810,800.2222222222222,11
15,12,PRIME_MERSENNE_61,2305843009213693951,prss_dispute,dispute,per_party,fold_after,1,11,8408,none,none,0,9024,0,9024,135360,9024,online_verify_reconstruction_units,54,167.11111111111111,11
15,12,PRIME_MERSENNE_61,2305843009213693951,prss_dispute,dispute,total,fold_after,1,11,8408,none,none,0,9024,0,9024,135360,135360,online_verify_reconstruction_units,810,167.11111111111111,11
15,12,PRIME_MERSENNE_61,2305843009213693951,prss_dispute_seed_dpss,dispute,per_party,fold_after,1,11,8408,dpss,one,1,9024,2486,11510,172650,11510,online_verify_reconstruction_units,54,213.14814814814815,11
15,12,PRIME_MERSENNE_61,2305843009213693951,prss_dispute_seed_dpss,dispute,total,fold_after,1,11,8408,dpss,one,1,9024,2486,11510,172650,172650,online_verify_reconstruction_units,810,213.14814814814815,11
15,12,PRIME_MERSENNE_61,2305843009213693951,prss_dispute_seed_naive,dispute,per_party,fold_after,1,11,8408,naive,one,1,9024,154,9178,137670,9178,online_verify_reconstruction_units,54,169.96296296296296,11
15,12,PRIME_MERSENNE_61,2305843009213693951,prss_dispute_seed_naive,dispute,total,fold_after,1,11,8408,naive,one,1,9024,154,9178,137670,137670,online_verify_reconstruction_units,810,169.96296296296296,11
15,12,PRIME_MERSENNE_61,2305843009213693951,prss_dispute_seed_dpss,dispute,per_party,fold_after,1,11,8408,dpss,M,15,9024,2640,11664,174960,11664,online_verify_reconstruction_units,54,216.0,11
15,12,PRIME_MERSENNE_61,2305843009213693951,prss_dispute_seed_dpss,dispute,total,fold_after,1,11,8408,dpss,M,15,9024,2640,11664,174960,174960,online_verify_reconstruction_units,810,216.0,11
15,12,PRIME_MERSENNE_61,2305843009213693951,prss_dispute_seed_naive,dispute,per_party,fold_after,1,11,8408,naive,M,15,9024,2310,11334,170010,11334,online_verify_reconstruction_units,54,209.88888888888889,11
15,12,PRIME_MERSENNE_61,2305843009213693951,prss_dispute_seed_naive,dispute,total,fold_after,1,11,8408,naive,M,15,9024,2310,11334,170010,170010,online_verify_reconstruction_units,810,209.88888888888889,11
15,12,PRIME_MERSENNE_61,2305843009213693951,prss_dispute_seed_dpss,dispute,per_party,fold_after,1,11,8408,dpss,M_squared,225,9024,4950,13974,209610,13974,online_verify_reconstruction_units,54,258.77777777777777,11
15,12,PRIME_MERSENNE_61,2305843009213693951,prss_dispute_seed_dpss,dispute,total,fold_after,1,11,8408,dpss,M_squared,225,9024,4950,13974,209610,209610,online_verify_reconstruction_units,810,258.77777777777777,11
15,12,PRIME_MERSENNE_61,2305843009213693951,prss_dispute_seed_naive,dispute,per_party,fold_after,1,11,8408,naive,M_squared,225,9024,34650,43674,655110,43674,online_verify_reconstruction_units,54,808.7777777777778,11
15,12,PRIME_MERSENNE_61,2305843009213693951,prss_dispute_seed_naive,dispute,total,fold_after,1,11,8408,naive,M_squared,225,9024,34650,43674,655110,655110,online_verify_reconstruction_units,810,808.7777777777778,11
15,12,PRIME_MERSENNE_61,2305843009213693951,naive,n/a,per_party,fold_before,0,10,16629,none,none,0,232806,0,232806,3492090,232806,online_verify_reconstruction_units,54,4311.222222222223,11
15,12,PRIME_MERSENNE_61,2305843009213693951,naive,n/a,total,fold_before,0,10,16629,none,none,0,232806,0,232806,3492090,3492090,online_verify_reconstruction_units,810,4311.222222222223,11
15,12,PRIME_MERSENNE_61,2305843009213693951,dpss_model,n/a,per_party,fold_before,0,10,16629,none,none,0,19104,0,19104,286560,19104,online_verify_reconstruction_units,54,353.77777777777777,11
15,12,PRIME_MERSENNE_61,2305843009213693951,dpss_model,n/a,total,fold_before,0,10,16629,none,none,0,19104,0,19104,286560,286560,online_verify_reconstruction_units,810,353.77777777777777,11
15,12,PRIME_MERSENNE_61,2305843009213693951,full_mask,n/a,per_party,fold_before,0,10,429,none,none,0,6006,0,6006,90090,6006,online_verify_reconstruction_units,54,111.22222222222223,11
15,12,PRIME_MERSENNE_61,2305843009213693951,full_mask,n/a,total,fold_before,0,10,429,none,none,0,6006,0,6006,90090,90090,online_verify_reconstruction_units,810,111.22222222222223,11
15,12,PRIME_MERSENNE_61,2305843009213693951,kernel_mask,n/a,per_party,fold_before,0,10,253,none,none,0,3542,0,3542,53130,3542,online_verify_reconstruction_units,54,65.5925925925926,11
15,12,PRIME_MERSENNE_61,2305843009213693951,kernel_mask,n/a,total,fold_before,0,10,253,none,none,0,3542,0,3542,53130,53130,online_verify_reconstruction_units,810,65.5925925925926,11
15,12,PRIME_MERSENNE_61,2305843009213693951,prss_local,local,per_party,fold_before,0,10,16629,none,none,0,16629,0,16629,249435,16629,online_verify_reconstruction_units,54,307.94444444444446,11
15,12,PRIME_MERSENNE_61,2305843009213693951,prss_local,local,total,fold_before,0,10,16629,none,none,0,16629,0,16629,249435,249435,online_verify_reconstruction_units,810,307.94444444444446,11
15,12,PRIME_MERSENNE_61,2305843009213693951,prss_local_seed_dpss,local,per_party,fold_before,0,10,16629,dpss,one,1,16629,2486,19115,286725,19115,online_verify_reconstruction_units,54,353.98148148148147,11
15,12,PRIME_MERSENNE_61,2305843009213693951,prss_local_seed_dpss,local,total,fold_before,0,10,16629,dpss,one,1,16629,2486,19115,286725,286725,online_verify_reconstruction_units,810,353.98148148148147,11
15,12,PRIME_MERSENNE_61,2305843009213693951,prss_local_seed_naive,local,per_party,fold_before,0,10,16629,naive,one,1,16629,154,16783,251745,16783,online_verify_reconstruction_units,54,310.7962962962963,11
15,12,PRIME_MERSENNE_61,2305843009213693951,prss_local_seed_naive,local,total,fold_before,0,10,16629,naive,one,1,16629,154,16783,251745,251745,online_verify_reconstruction_units,810,310.7962962962963,11
15,12,PRIME_MERSENNE_61,2305843009213693951,prss_local_seed_dpss,local,per_party,fold_before,0,10,16629,dpss,M,15,16629,2640,19269,289035,19269,online_verify_reconstruction_units,54,356.8333333333333,11
15,12,PRIME_MERSENNE_61,2305843009213693951,prss_local_seed_dpss,local,total,fold_before,0,10,16629,dpss,M,15,16629,2640,19269,289035,289035,online_verify_reconstruction_units,810,356.8333333333333,11
15,12,PRIME_MERSENNE_61,2305843009213693951,prss_local_seed_naive,local,per_party,fold_before,0,10,16629,naive,M,15,16629,2310,18939,284085,18939,online_verify_reconstruction_units,54,350.72222222222223,11
15,12,PRIME_MERSENNE_61,2305843009213693951,prss_local_seed_naive,local,total,fold_before,0,10,16629,naive,M,15,16629,2310,18939,284085,284085,online_verify_reconstruction_units,810,350.72222222222223,11
15,12,PRIME_MERSENNE_61,2305843009213693951,prss_local_seed_dpss,local,per_party,fold_before,0,10,16629,dpss,M_squared,225,16629,4950,21579,323685,21579,online_verify_reconstruction_units,54,399.6111111111111,11
15,12,PRIME_MERSENNE_61,2305843009213693951,prss_local_seed_dpss,local,total,fold_before,0,10,16629,dpss,M_squared,225,16629,4950,21579,323685,323685,online_verify_reconstruction_units,810,399.6111111111111,11
15,12,PRIME_MERSENNE_61,2305843009213693951,prss_local_seed_naive,local,per_party,fold_before,0,10,16629,naive,M_squared,225,16629,34650,51279,769185,51279,online_verify_reconstruction_units,54,949.6111111111111,11
15,12,PRIME_MERSENNE_61,2305843009213693951,prss_local_seed_naive,local,total,fold_before,0,10,16629,naive,M_squared,225,16629,34650,51279,769185,769185,online_verify_reconstruction_units,810,949.6111111111111,11
15,12,PRIME_MERSENNE_61,2305843009213693951,prss_commit,commit,per_party,fold_before,0,10,16629,none,none,0,16783,0,16783,251745,16783,online_verify_reconstruction_units,54,310.7962962962963,11
15,12,PRIME_MERSENNE_61,2305843009213693951,prss_commit,commit,total,fold_before,0,10,16629,none,none,0,16783,0,16783,251745,251745,online_verify_reconstruction_units,810,310.7962962962963,11
15,12,PRIME_MERSENNE_61,2305843009213693951,prss_commit_seed_dpss,commit,per_party,fold_before,0,10,16629,dpss,one,1,16783,2486,19269,289035,19269,online_verify_reconstruction_units,54,356.8333333333333,11
15,12,PRIME_MERSENNE_61,2305843009213693951,prss_commit_seed_dpss,commit,total,fold_before,0,10,16629,dpss,one,1,16783,2486,19269,289035,289035,online_verify_reconstruction_units,810,356.8333333333333,11
15,12,PRIME_MERSENNE_61,2305843009213693951,prss_commit_seed_naive,commit,per_party,fold_before,0,10,16629,naive,one,1,16783,154,16937,254055,16937,online_verify_reconstruction_units,54,313.64814814814815,11
15,12,PRIME_MERSENNE_61,2305843009213693951,prss_commit_seed_naive,commit,total,fold_before,0,10,16629,naive,one,1,16783,154,16937,254055,254055,online_verify_reconstruction_units,810,313.64814814814815,11
15,12,PRIME_MERSENNE_61,2305843009213693951,prss_commit_seed_dpss,commit,per_party,fold_before,0,10,16629,dpss,M,15,16783,2640,19423,291345,19423,online_verify_reconstruction_units,54,359.68518518518516,11
15,12,PRIME_MERSENNE_61,2305843009213693951,prss_commit_seed_dpss,commit,total,fold_before,0,10,16629,dpss,M,15,16783,2640,19423,291345,291345,online_verify_reconstruction_units,810,359.68518518518516,11
15,12,PRIME_MERSENNE_61,2305843009213693951,prss_commit_seed_naive,commit,per_party,fold_before,0,10,16629,naive,M,15,16783,2310,19093,286395,19093,online_verify_reconstruction_units,54,353.5740740740741,11
15,12,PRIME_MERSENNE_61,2305843009213693951,prss_commit_seed_naive,commit,total,fold_before,0,10,16629,naive,M,15,16783,2310,19093,286395,286395,online_verify_reconstruction_units,810,353.5740740740741,11
15,12,PRIME_MERSENNE_61,2305843009213693951,prss_commit_seed_dpss,commit,per_party,fold_before,0,10,16629,dpss,M_squared,225,16783,4950,21733,325995,21733,online_verify_reconstruction_units,54,402.462962962963,11
15,12,PRIME_MERSENNE_61,2305843009213693951,prss_commit_seed_dpss,commit,total,fold_before,0,10,16629,dpss,M_squared,225,16783,4950,21733,325995,325995,online_verify_reconstruction_units,810,402.462962962963,11
15,12,PRIME_MERSENNE_61,2305843009213693951,prss_commit_seed_naive,commit,per_party,fold_before,0,10,16629,naive,M_squared,225,16783,34650,51433,771495,51433,online_verify_reconstruction_units,54,952.4629629629629,11
15,12,PRIME_MERSENNE_61,2305843009213693951,prss_commit_seed_naive,commit,total,fold_before,0,10,16629,naive,M_squared,225,16783,34650,51433,771495,771495,online_verify_reconstruction_units,810,952.4629629629629,11
15,12,PRIME_MERSENNE_61,2305843009213693951,prss_dispute,dispute,per_party,fold_before,0,10,16629,none,none,0,17245,0,17245,258675,17245,online_verify_reconstruction_units,54,319.35185185185185,11
15,12,PRIME_MERSENNE_61,2305843009213693951,prss_dispute,dispute,total,fold_before,0,10,16629,none,none,0,17245,0,17245,258675,258675,online_verify_reconstruction_units,810,319.35185185185185,11
15,12,PRIME_MERSENNE_61,2305843009213693951,prss_dispute_seed_dpss,dispute,per_party,fold_before,0,10,16629,dpss,one,1,17245,2486,19731,295965,19731,online_verify_reconstruction_units,54,365.3888888888889,11
15,12,PRIME_MERSENNE_61,2305843009213693951,prss_dispute_seed_dpss,dispute,total,fold_before,0,10,16629,dpss,one,1,17245,2486,19731,295965,295965,online_verify_reconstruction_units,810,365.3888888888889,11
15,12,PRIME_MERSENNE_61,2305843009213693951,prss_dispute_seed_naive,dispute,per_party,fold_before,0,10,16629,naive,one,1,17245,154,17399,260985,17399,online_verify_reconstruction_units,54,322.2037037037037,11
15,12,PRIME_MERSENNE_61,2305843009213693951,prss_dispute_seed_naive,dispute,total,fold_before,0,10,16629,naive,one,1,17245,154,17399,260985,260985,online_verify_reconstruction_units,810,322.2037037037037,11
15,12,PRIME_MERSENNE_61,2305843009213693951,prss_dispute_seed_dpss,dispute,per_party,fold_before,0,10,16629,dpss,M,15,17245,2640,19885,298275,19885,online_verify_reconstruction_units,54,368.24074074074076,11
15,12,PRIME_MERSENNE_61,2305843009213693951,prss_dispute_seed_dpss,dispute,total,fold_before,0,10,16629,dpss,M,15,17245,2640,19885,298275,298275,online_verify_reconstruction_units,810,368.24074074074076,11
15,12,PRIME_MERSENNE_61,2305843009213693951,prss_dispute_seed_naive,dispute,per_party,fold_before,0,10,16629,naive,M,15,17245,2310,19555,293325,19555,online_verify_reconstruction_units,54,362.1296296296296,11
15,12,PRIME_MERSENNE_61,2305843009213693951,prss_dispute_seed_naive,dispute,total,fold_before,0,10,16629,naive,M,15,17245,2310,19555,293325,293325,online_verify_reconstruction_units,810,362.1296296296296,11
15,12,PRIME_MERSENNE_61,2305843009213693951,prss_dispute_seed_dpss,dispute,per_party,fold_before,0,10,16629,dpss,M_squared,225,17245,4950,22195,332925,22195,online_verify_reconstruction_units,54,411.01851851851853,11
15,12,PRIME_MERSENNE_61,2305843009213693951,prss_dispute_seed_dpss,dispute,total,fold_before,0,10,16629,dpss,M_squared,225,17245,4950,22195,332925,332925,online_verify_reconstruction_units,810,411.01851851851853,11
15,12,PRIME_MERSENNE_61,2305843009213693951,prss_dispute_seed_naive,dispute,per_party,fold_before,0,10,16629,naive,M_squared,225,17245,34650,51895,778425,51895,online_verify_reconstruction_units,54,961.0185185185185,11
15,12,PRIME_MERSENNE_61,2305843009213693951,prss_dispute_seed_naive,dispute,total,fold_before,0,10,16629,naive,M_squared,225,17245,34650,51895,778425,778425,online_verify_reconstruction_units,810,961.0185185185185,11
31,12,PRIME_MERSENNE_61,2305843009213693951,naive,n/a,per_party,fold_after,1,11,8408,none,none,0,252240,0,252240,7819440,252240,online_verify_reconstruction_units,54,4671.111111111111,11
31,12,PRIME_MERSENNE_61,2305843009213693951,naive,n/a,total,fold_after,1,11,8408,none,none,0,252240,0,252240,7819440,7819440,online_verify_reconstruction_units,1674,4671.111111111111,11
31,12,PRIME_MERSENNE_61,2305843009213693951,dpss_model,n/a,per_party,fold_after,1,11,8408,none,none,0,18979,0,18979,588349,18979,online_verify_reconstruction_units,54,351.462962962963,11
31,12,PRIME_MERSENNE_61,2305843009213693951,dpss_model,n/a,total,fold_after,1,11,8408,none,none,0,18979,0,18979,588349,588349,online_verify_reconstruction_units,1674,351.462962962963,11
31,12,PRIME_MERSENNE_61,2305843009213693951,full_mask,n/a,per_party,fold_after,1,11,429,none,none,0,12870,0,12870,398970,12870,online_verify_reconstruction_units,54,238.33333333333334,11
31,12,PRIME_MERSENNE_61,2305843009213693951,full_mask,n/a,total,fold_after,1,11,429,none,none,0,12870,0,12870,398970,398970,online_verify_reconstruction_units,1674,238.33333333333334,11
31,12,PRIME_MERSENNE_61,2305843009213693951,kernel_mask,n/a,per_party,fold_after,1,11,220,none,none,0,6600,0,6600,204600,6600,online_verify_reconstruction_units,54,122.22222222222223,11
31,12,PRIME_MERSENNE_61,2305843009213693951,kernel_mask,n/a,total,fold_after,1,11,220,none,none,0,6600,0,6600,204600,204600,online_verify_reconstruction_units,1674,122.22222222222223,11
31,12,PRIME_MERSENNE_61,2305843009213693951,prss_local,local,per_party,fold_after,1,11,8408,none,none,0,8408,0,8408,260648,8408,online_verify_reconstruction_units,54,155.7037037037037,11
31,12,PRIME_MERSENNE_61,2305843009213693951,prss_local,local,total,fold_after,1,11,8408,none,none,0,8408,0,8408,260648,260648,online_verify_reconstruction_units,1674,155.7037037037037,11
31,12,PRIME_MERSENNE_61,2305843009213693951,prss_local_seed_dpss,local,per_party,fold_after,1,11,8408,dpss,one,1,8408,10582,18990,588690,18990,online_verify_reconstruction_units,54,351.6666666666667,11
31,12,PRIME_MERSENNE_61,2305843009213693951,prss_local_seed_dpss,local,total,fold_after,1,11,8408,dpss,one,1,8408,10582,18990,588690,588690,online_verify_reconstruction_units,1674,351.6666666666667,11
31,12,PRIME_MERSENNE_61,2305843009213693951,prss_local_seed_naive,local,per_party,fold_after,1,11,8408,naive,one,1,8408,330,8738,270878,8738,online_verify_reconstruction_units,54,161.8148148148148,11
31,12,PRIME_MERSENNE_61,2305843009213693951,prss_local_seed_naive,local,total,fold_after,1,11,8408,naive,one,1,8408,330,8738,270878,270878,online_verify_reconstruction_units,1674,161.8148148148148,11
31,12,PRIME_MERSENNE_61,2305843009213693951,prss_local_seed_dpss,local,per_party,fold_after,1,11,8408,dpss,M,31,8408,10912,19320,598920,19320,online_verify_reconstruction_units,54,357.77777777777777,11
31,12,PRIME_MERSENNE_61,2305843009213693951,prss_local_seed_dpss,local,total,fold_after,1,11,8408,dpss,M,31,8408,10912,19320,598920,598920,online_verify_reconstruction_units,1674,357.77777777777777,11
31,12,PRIME_MERSENNE_61,2305843009213693951,prss_local_seed_naive,local,per_party,fold_after,1,11,8408,naive,M,31,8408,10230,18638,577778,18638,online_verify_reconstruction_units,54,345.14814814814815,11
31,12,PRIME_MERSENNE_61,2305843009213693951,prss_local_seed_naive,local,total,fold_after,1,11,8408,naive,M,31,8408,10230,18638,577778,577778,online_verify_reconstruction_units,1674,345.14814814814815,11
31,12,PRIME_MERSENNE_61,2305843009213693951,prss_local_seed_dpss,local,per_party,fold_after,1,11,8408,dpss,M_squared,961,8408,21142,29550,916050,29550,online_verify_reconstruction_units,54,547.2222222222222,11
31,12,PRIME_MERSENNE_61,2305843009213693951,prss_local_seed_dpss,local,total,fold_after,1,11,8408,dpss,M_squared,961,8408,21142,29550,916050,916050,online_verify_reconstruction_units,1674,547.2222222222222,11
31,12,PRIME_MERSENNE_61,2305843009213693951,prss_local_seed_naive,local,per_party,fold_after,1,11,8408,naive,M_squared,961,8408,317130,325538,10091678,325538,online_verify_reconstruction_units,54,6028.481481481482,11
31,12,PRIME_MERSENNE_61,2305843009213693951,prss_local_seed_naive,local,total,fold_after,1,11,8408,naive,M_squared,961,8408,317130,325538,10091678,10091678,online_verify_reconstruction_units,1674,6028.481481481482,11
31,12,PRIME_MERSENNE_61,2305843009213693951,prss_commit,commit,per_party,fold_after,1,11,8408,none,none,0,8738,0,8738,270878,8738,online_verify_reconstruction_units,54,161.8148148148148,11
31,12,PRIME_MERSENNE_61,2305843009213693951,prss_commit,commit,total,fold_after,1,11,8408,none,none,0,8738,0,8738,270878,270878,online_verify_reconstruction_units,1674,161.8148148148148,11
31,12,PRIME_MERSENNE_61,2305843009213693951,prss_commit_seed_dpss,commit,per_party,fold_after,1,11,8408,dpss,one,1,8738,10582,19320,598920,19320,online_verify_reconstruction_units,54,357.77777777777777,11
31,12,PRIME_MERSENNE_61,2305843009213693951,prss_commit_seed_dpss,commit,total,fold_after,1,11,8408,dpss,one,1,8738,10582,19320,598920,598920,online_verify_reconstruction_units,1674,357.77777777777777,11
31,12,PRIME_MERSENNE_61,2305843009213693951,prss_commit_seed_naive,commit,per_party,fold_after,1,11,8408,naive,one,1,8738,330,9068,281108,9068,online_verify_reconstruction_units,54,167.92592592592592,11
31,12,PRIME_MERSENNE_61,2305843009213693951,prss_commit_seed_naive,commit,total,fold_after,1,11,8408,naive,one,1,8738,330,9068,281108,281108,online_verify_reconstruction_units,1674,167.92592592592592,11
31,12,PRIME_MERSENNE_61,2305843009213693951,prss_commit_seed_dpss,commit,per_party,fold_after,1,11,8408,dpss,M,31,8738,10912,19650,609150,19650,online_verify_reconstruction_units,54,363.8888888888889,11
31,12,PRIME_MERSENNE_61,2305843009213693951,prss_commit_seed_dpss,commit,total,fold_after,1,11,8408,dpss,M,31,8738,10912,19650,609150,609150,online_verify_reconstruction_units,1674,363.8888888888889,11
31,12,PRIME_MERSENNE_61,2305843009213693951,prss_commit_seed_naive,commit,per_party,fold_after,1,11,8408,naive,M,31,8738,10230,18968,588008,18968,online_verify_reconstruction_units,54,351.25925925925924,11
31,12,PRIME_MERSENNE_61,2305843009213693951,prss_commit_seed_naive,commit,total,fold_after,1,11,8408,naive,M,31,8738,10230,18968,588008,588008,online_verify_reconstruction_units,1674,351.25925925925924,11
31,12,PRIME_MERSENNE_61,2305843009213693951,prss_commit_seed_dpss,commit,per_party,fold_after,1,11,8408,dpss,M_squared,961,8738,21142,29880,926280,29880,online_verify_reconstruction_units,54,553.3333333333334,11
31,12,PRIME_MERSENNE_61,2305843009213693951,prss_commit_seed_dpss,commit,total,fold_after,1,11,8408,dpss,M_squared,961,8738,21142,29880,926280,926280,online_verify_reconstruction_units,1674,553.3333333333334,11
31,12,PRIME_MERSENNE_61,2305843009213693951,prss_commit_seed_naive,commit,per_party,fold_after,1,11,8408,naive,M_squared,961,8738,317130,325868,10101908,325868,online_verify_reconstruction_units,54,6034.592592592592,11
31,12,PRIME_MERSENNE_61,2305843009213693951,prss_commit_seed_naive,commit,total,fold_after,1,11,8408,naive,M_squared,961,8738,317130,325868,10101908,10101908,online_verify_reconstruction_units,1674,6034.592592592592,11
31,12,PRIME_MERSENNE_61,2305843009213693951,prss_dispute,dispute,per_party,fold_after,1,11,8408,none,none,0,10058,0,10058,311798,10058,online_verify_reconstruction_units,54,186.25925925925927,11
31,12,PRIME_MERSENNE_61,2305843009213693951,prss_dispute,dispute,total,fold_after,1,11,8408,none,none,0,10058,0,10058,311798,311798,online_verify_reconstruction_units,1674,186.25925925925927,11
31,12,PRIME_MERSENNE_61,2305843009213693951,prss_dispute_seed_dpss,dispute,per_party,fold_after,1,11,8408,dpss,one,1,10058,10582,20640,639840,20640,online_verify_reconstruction_units,54,382.22222222222223,11
31,12,PRIME_MERSENNE_61,2305843009213693951,prss_dispute_seed_dpss,dispute,total,fold_after,1,11,8408,dpss,one,1,10058,10582,20640,639840,639840,online_verify_reconstruction_units,1674,382.22222222222223,11
31,12,PRIME_MERSENNE_61,2305843009213693951,prss_dispute_seed_naive,dispute,per_party,fold_after,1,11,8408,naive,one,1,10058,330,10388,322028,10388,online_verify_reconstruction_units,54,192.37037037037038,11
31,12,PRIME_MERSENNE_61,2305843009213693951,prss_dispute_seed_naive,dispute,total,fold_after,1,11,8408,naive,one,1,10058,330,10388,322028,322028,online_verify_reconstruction_units,1674,192.37037037037038,11
31,12,PRIME_MERSENNE_61,2305843009213693951,prss_dispute_seed_dpss,dispute,per_party,fold_after,1,11,8408,dpss,M,31,10058,10912,20970,650070,20970,online_verify_reconstruction_units,54,388.3333333333333,11
31,12,PRIME_MERSENNE_61,2305843009213693951,prss_dispute_seed_dpss,dispute,total,fold_after,1,11,8408,dpss,M,31,10058,10912,20970,650070,650070,online_verify_reconstruction_units,1674,388.3333333333333,11
31,12,PRIME_MERSENNE_61,2305843009213693951,prss_dispute_seed_naive,dispute,per_party,fold_after,1,11,8408,naive,M,31,10058,10230,20288,628928,20288,online_verify_reconstruction_units,54,375.7037037037037,11
31,12,PRIME_MERSENNE_61,2305843009213693951,prss_dispute_seed_naive,dispute,total,fold_after,1,11,8408,naive,M,31,10058,10230,20288,628928,628928,online_verify_reconstruction_units,1674,375.7037037037037,11
31,12,PRIME_MERSENNE_61,2305843009213693951,prss_dispute_seed_dpss,dispute,per_party,fold_after,1,11,8408,dpss,M_squared,961,10058,21142,31200,967200,31200,online_verify_reconstruction_units,54,577.7777777777778,11
31,12,PRIME_MERSENNE_61,2305843009213693951,prss_dispute_seed_dpss,dispute,total,fold_after,1,11,8408,dpss,M_squared,961,10058,21142,31200,967200,967200,online_verify_reconstruction_units,1674,577.7777777777778,11
31,12,PRIME_MERSENNE_61,2305843009213693951,prss_dispute_seed_naive,dispute,per_party,fold_after,1,11,8408,naive,M_squared,961,10058,317130,327188,10142828,327188,online_verify_reconstruction_units,54,6059.037037037037,11
31,12,PRIME_MERSENNE_61,2305843009213693951,prss_dispute_seed_naive,dispute,total,fold_after,1,11,8408,naive,M_squared,961,10058,317130,327188,10142828,10142828,online_verify_reconstruction_units,1674,6059.037037037037,11
31,12,PRIME_MERSENNE_61,2305843009213693951,naive,n/a,per_party,fold_before,0,10,16629,none,none,0,498870,0,498870,15464970,498870,online_verify_reconstruction_units,54,9238.333333333334,11
31,12,PRIME_MERSENNE_61,2305843009213693951,naive,n/a,total,fold_before,0,10,16629,none,none,0,498870,0,498870,15464970,15464970,online_verify_reconstruction_units,1674,9238.333333333334,11
31,12,PRIME_MERSENNE_61,2305843009213693951,dpss_model,n/a,per_party,fold_before,0,10,16629,none,none,0,27200,0,27200,843200,27200,online_verify_reconstruction_units,54,503.7037037037037,11
31,12,PRIME_MERSENNE_61,2305843009213693951,dpss_model,n/a,total,fold_before,0,10,16629,none,none,0,27200,0,27200,843200,843200,online_verify_reconstruction_units,1674,503.7037037037037,11
31,12,PRIME_MERSENNE_61,2305843009213693951,full_mask,n/a,per_party,fold_before,0,10,429,none,none,0,12870,0,12870,398970,12870,online_verify_reconstruction_units,54,238.33333333333334,11
31,12,PRIME_MERSENNE_61,2305843009213693951,full_mask,n/a,total,fold_before,0,10,429,none,none,0,12870,0,12870,398970,398970,online_verify_reconstruction_units,1674,238.33333333333334,11
31,12,PRIME_MERSENNE_61,2305843009213693951,kernel_mask,n/a,per_party,fold_before,0,10,253,none,none,0,7590,0,7590,235290,7590,online_verify_reconstruction_units,54,140.55555555555554,11
31,12,PRIME_MERSENNE_61,2305843009213693951,kernel_mask,n/a,total,fold_before,0,10,253,none,none,0,7590,0,7590,235290,235290,online_verify_reconstruction_units,1674,140.55555555555554,11
31,12,PRIME_MERSENNE_61,2305843009213693951,prss_local,local,per_party,fold_before,0,10,16629,none,none,0,16629,0,16629,515499,16629,online_verify_reconstruction_units,54,307.94444444444446,11
31,12,PRIME_MERSENNE_61,2305843009213693951,prss_local,local,total,fold_before,0,10,16629,none,none,0,16629,0,16629,515499,515499,online_verify_reconstruction_units,1674,307.94444444444446,11
31,12,PRIME_MERSENNE_61,2305843009213693951,prss_local_seed_dpss,local,per_party,fold_before,0,10,16629,dpss,one,1,16629,10582,27211,843541,27211,online_verify_reconstruction_units,54,503.9074074074074,11
31,12,PRIME_MERSENNE_61,2305843009213693951,prss_local_seed_dpss,local,total,fold_before,0,10,16629,dpss,one,1,16629,10582,27211,843541,843541,online_verify_reconstruction_units,1674,503.9074074074074,11
31,12,PRIME_MERSENNE_61,2305843009213693951,prss_local_seed_naive,local,per_party,fold_before,0,10,16629,naive,one,1,16629,330,16959,525729,16959,online_verify_reconstruction_units,54,314.05555555555554,11
31,12,PRIME_MERSENNE_61,2305843009213693951,prss_local_seed_naive,local,total,fold_before,0,10,16629,naive,one,1,16629,330,16959,525729,525729,online_verify_reconstruction_units,1674,314.05555555555554,11
31,12,PRIME_MERSENNE_61,2305843009213693951,prss_local_seed_dpss,local,per_party,fold_before,0,10,16629,dpss,M,31,16629,10912,27541,853771,27541,online_verify_reconstruction_units,54,510.01851851851853,11
31,12,PRIME_MERSENNE_61,2305843009213693951,prss_local_seed_dpss,local,total,fold_before,0,10,16629,dpss,M,31,16629,10912,27541,853771,853771,online_verify_reconstruction_units,1674,510.01851851851853,11
31,12,PRIME_MERSENNE_61,2305843009213693951,prss_local_seed_naive,local,per_party,fold_before,0,10,16629,naive,M,31,16629,10230,26859,832629,26859,online_verify_reconstruction_units,54,497.3888888888889,11
31,12,PRIME_MERSENNE_61,2305843009213693951,prss_local_seed_naive,local,total,fold_before,0,10,16629,naive,M,31,16629,10230,26859,832629,832629,online_verify_reconstruction_units,1674,497.3888888888889,11
31,12,PRIME_MERSENNE_61,2305843009213693951,prss_local_seed_dpss,local,per_party,fold_before,0,10,16629,dpss,M_squared,961,16629,21142,37771,1170901,37771,online_verify_reconstruction_units,54,699.4629629629629,11
31,12,PRIME_MERSENNE_61,2305843009213693951,prss_local_seed_dpss,local,total,fold_before,0,10,16629,dpss,M_squared,961,16629,21142,37771,1170901,1170901,online_verify_reconstruction_units,1674,699.4629629629629,11
31,12,PRIME_MERSENNE_61,2305843009213693951,prss_local_seed_naive,local,per_party,fold_before,0,10,16629,naive,M_squared,961,16629,317130,333759,10346529,333759,online_verify_reconstruction_units,54,6180.722222222223,11
31,12,PRIME_MERSENNE_61,2305843009213693951,prss_local_seed_naive,local,total,fold_before,0,10,16629,naive,M_squared,961,16629,317130,333759,10346529,10346529,online_verify_reconstruction_units,1674,6180.722222222223,11
31,12,PRIME_MERSENNE_61,2305843009213693951,prss_commit,commit,per_party,fold_before,0,10,16629,none,none,0,16959,0,16959,525729,16959,online_verify_reconstruction_units,54,314.05555555555554,11
31,12,PRIME_MERSENNE_61,2305843009213693951,prss_commit,commit,total,fold_before,0,10,16629,none,none,0,16959,0,16959,525729,525729,online_verify_reconstruction_units,1674,314.05555555555554,11
31,12,PRIME_MERSENNE_61,2305843009213693951,prss_commit_seed_dpss,commit,per_party,fold_before,0,10,16629,dpss,one,1,16959,10582,27541,853771,27541,online_verify_reconstruction_units,54,510.01851851851853,11
31,12,PRIME_MERSENNE_61,2305843009213693951,prss_commit_seed_dpss,commit,total,fold_before,0,10,16629,dpss,one,1,16959,10582,27541,853771,853771,online_verify_reconstruction_units,1674,510.01851851851853,11
31,12,PRIME_MERSENNE_61,2305843009213693951,prss_commit_seed_naive,commit,per_party,fold_before,0,10,16629,naive,one,1,16959,330,17289,535959,17289,online_verify_reconstruction_units,54,320.1666666666667,11
31,12,PRIME_MERSENNE_61,2305843009213693951,prss_commit_seed_naive,commit,total,fold_before,0,10,16629,naive,one,1,16959,330,17289,535959,535959,online_verify_reconstruction_units,1674,320.1666666666667,11
31,12,PRIME_MERSENNE_61,2305843009213693951,prss_commit_seed_dpss,commit,per_party,fold_before,0,10,16629,dpss,M,31,16959,10912,27871,864001,27871,online_verify_reconstruction_units,54,516.1296296296297,11
31,12,PRIME_MERSENNE_61,2305843009213693951,prss_commit_seed_dpss,commit,total,fold_before,0,10,16629,dpss,M,31,16959,10912,27871,864001,864001,online_verify_reconstruction_units,1674,516.1296296296297,11
31,12,PRIME_MERSENNE_61,2305843009213693951,prss_commit_seed_naive,commit,per_party,fold_before,0,10,16629,naive,M,31,16959,10230,27189,842859,27189,online_verify_reconstruction_units,54,503.5,11
31,12,PRIME_MERSENNE_61,2305843009213693951,prss_commit_seed_naive,commit,total,fold_before,0,10,16629,naive,M,31,16959,10230,27189,842859,842859,online_verify_reconstruction_units,1674,503.5,11
31,12,PRIME_MERSENNE_61,2305843009213693951,prss_commit_seed_dpss,commit,per_party,fold_before,0,10,16629,dpss,M_squared,961,16959,21142,38101,1181131,38101,online_verify_reconstruction_units,54,705.574074074074,11
31,12,PRIME_MERSENNE_61,2305843009213693951,prss_commit_seed_dpss,commit,total,fold_before,0,10,16629,dpss,M_squared,961,16959,21142,38101,1181131,1181131,online_verify_reconstruction_units,1674,705.574074074074,11
31,12,PRIME_MERSENNE_61,2305843009213693951,prss_commit_seed_naive,commit,per_party,fold_before,0,10,16629,naive,M_squared,961,16959,317130,334089,10356759,334089,online_verify_reconstruction_units,54,6186.833333333333,11
31,12,PRIME_MERSENNE_61,2305843009213693951,prss_commit_seed_naive,commit,total,fold_before,0,10,16629,naive,M_squared,961,16959,317130,334089,10356759,10356759,online_verify_reconstruction_units,1674,6186.833333333333,11
31,12,PRIME_MERSENNE_61,2305843009213693951,prss_dispute,dispute,per_party,fold_before,0,10,16629,none,none,0,18279,0,18279,566649,18279,online_verify_reconstruction_units,54,338.5,11
31,12,PRIME_MERSENNE_61,2305843009213693951,prss_dispute,dispute,total,fold_before,0,10,16629,none,none,0,18279,0,18279,566649,566649,online_verify_reconstruction_units,1674,338.5,11
31,12,PRIME_MERSENNE_61,2305843009213693951,prss_dispute_seed_dpss,dispute,per_party,fold_before,0,10,16629,dpss,one,1,18279,10582,28861,894691,28861,online_verify_reconstruction_units,54,534.4629629629629,11
31,12,PRIME_MERSENNE_61,2305843009213693951,prss_dispute_seed_dpss,dispute,total,fold_before,0,10,16629,dpss,one,1,18279,10582,28861,894691,894691,online_verify_reconstruction_units,1674,534.4629629629629,11
31,12,PRIME_MERSENNE_61,2305843009213693951,prss_dispute_seed_naive,dispute,per_party,fold_before,0,10,16629,naive,one,1,18279,330,18609,576879,18609,online_verify_reconstruction_units,54,344.6111111111111,11
31,12,PRIME_MERSENNE_61,2305843009213693951,prss_dispute_seed_naive,dispute,total,fold_before,0,10,16629,naive,one,1,18279,330,18609,576879,576879,online_verify_reconstruction_units,1674,344.6111111111111,11
31,12,PRIME_MERSENNE_61,2305843009213693951,prss_dispute_seed_dpss,dispute,per_party,fold_before,0,10,16629,dpss,M,31,18279,10912,29191,904921,29191,online_verify_reconstruction_units,54,540.574074074074,11
31,12,PRIME_MERSENNE_61,2305843009213693951,prss_dispute_seed_dpss,dispute,total,fold_before,0,10,16629,dpss,M,31,18279,10912,29191,904921,904921,online_verify_reconstruction_units,1674,540.574074074074,11
31,12,PRIME_MERSENNE_61,2305843009213693951,prss_dispute_seed_naive,dispute,per_party,fold_before,0,10,16629,naive,M,31,18279,10230,28509,883779,28509,online_verify_reconstruction_units,54,527.9444444444445,11
31,12,PRIME_MERSENNE_61,2305843009213693951,prss_dispute_seed_naive,dispute,total,fold_before,0,10,16629,naive,M,31,18279,10230,28509,883779,883779,online_verify_reconstruction_units,1674,527.9444444444445,11
31,12,PRIME_MERSENNE_61,2305843009213693951,prss_dispute_seed_dpss,dispute,per_party,fold_before,0,10,16629,dpss,M_squared,961,18279,21142,39421,1222051,39421,online_verify_reconstruction_units,54,730.0185185185185,11
31,12,PRIME_MERSENNE_61,2305843009213693951,prss_dispute_seed_dpss,dispute,total,fold_before,0,10,16629,dpss,M_squared,961,18279,21142,39421,1222051,1222051,online_verify_reconstruction_units,1674,730.0185185185185,11
31,12,PRIME_MERSENNE_61,2305843009213693951,prss_dispute_seed_naive,dispute,per_party,fold_before,0,10,16629,naive,M_squared,961,18279,317130,335409,10397679,335409,online_verify_reconstruction_units,54,6211.277777777777,11
31,12,PRIME_MERSENNE_61,2305843009213693951,prss_dispute_seed_naive,dispute,total,fold_before,0,10,16629,naive,M_squared,961,18279,317130,335409,10397679,10397679,online_verify_reconstruction_units,1674,6211.277777777777,11
63,12,PRIME_MERSENNE_61,2305843009213693951,naive,n/a,per_party,fold_after,1,11,8408,none,none,0,521296,0,521296,32841648,521296,online_verify_reconstruction_units,54,9653.62962962963,11
63,12,PRIME_MERSENNE_61,2305843009213693951,naive,n/a,total,fold_after,1,11,8408,none,none,0,521296,0,521296,32841648,32841648,online_verify_reconstruction_units,3402,9653.62962962963,11
63,12,PRIME_MERSENNE_61,2305843009213693951,dpss_model,n/a,per_party,fold_after,1,11,8408,none,none,0,52067,0,52067,3280221,52067,online_verify_reconstruction_units,54,964.2037037037037,11
63,12,PRIME_MERSENNE_61,2305843009213693951,dpss_model,n/a,total,fold_after,1,11,8408,none,none,0,52067,0,52067,3280221,3280221,online_verify_reconstruction_units,3402,964.2037037037037,11
63,12,PRIME_MERSENNE_61,2305843009213693951,full_mask,n/a,per_party,fold_after,1,11,429,none,none,0,26598,0,26598,1675674,26598,online_verify_reconstruction_units,54,492.55555555555554,11
63,12,PRIME_MERSENNE_61,2305843009213693951,full_mask,n/a,total,fold_after,1,11,429,none,none,0,26598,0,26598,1675674,1675674,online_verify_reconstruction_units,3402,492.55555555555554,11
63,12,PRIME_MERSENNE_61,2305843009213693951,kernel_mask,n/a,per_party,fold_after,1,11,220,none,none,0,13640,0,13640,859320,13640,online_verify_reconstruction_units,54,252.59259259259258,11
63,12,PRIME_MERSENNE_61,2305843009213693951,kernel_mask,n/a,total,fold_after,1,11,220,none,none,0,13640,0,13640,859320,859320,online_verify_reconstruction_units,3402,252.59259259259258,11
63,12,PRIME_MERSENNE_61,2305843009213693951,prss_local,local,per_party,fold_after,1,11,8408,none,none,0,8408,0,8408,529704,8408,online_verify_reconstruction_units,54,155.7037037037037,11
63,12,PRIME_MERSENNE_61,2305843009213693951,prss_local,local,total,fold_after,1,11,8408,none,none,0,8408,0,8408,529704,529704,online_verify_reconstruction_units,3402,155.7037037037037,11
63,12,PRIME_MERSENNE_61,2305843009213693951,prss_local_seed_dpss,local,per_party,fold_after,1,11,8408,dpss,one,1,8408,43670,52078,3280914,52078,online_verify_reconstruction_units,54,964.4074074074074,11
63,12,PRIME_MERSENNE_61,2305843009213693951,prss_local_seed_dpss,local,total,fold_after,1,11,8408,dpss,one,1,8408,43670,52078,3280914,3280914,online_verify_reconstruction_units,3402,964.4074074074074,11
63,12,PRIME_MERSENNE_61,2305843009213693951,prss_local_seed_naive,local,per_party,fold_after,1,11,8408,naive,one,1,8408,682,9090,572670,9090,online_verify_reconstruction_units,54,168.33333333333334,11
63,12,PRIME_MERSENNE_61,2305843009213693951,prss_local_seed_naive,local,total,fold_after,1,11,8408,naive,one,1,8408,682,9090,572670,572670,online_verify_reconstruction_units,3402,168.33333333333334,11
63,12,PRIME_MERSENNE_61,2305843009213693951,prss_local_seed_dpss,local,per_party,fold_after,1,11,8408,dpss,M,63,8408,44352,52760,3323880,52760,online_verify_reconstruction_units,54,977.0370370370371,11
63,12,PRIME_MERSENNE_61,2305843009213693951,prss_local_seed_dpss,local,total,fold_after,1,11,8408,dpss,M,63,8408,44352,52760,3323880,3323880,online_verify_reconstruction_units,3402,977.0370370370371,11
63,12,PRIME_MERSENNE_61,2305843009213693951,prss_local_seed_naive,local,per_party,fold_after,1,11,8408,naive,M,63,8408,42966,51374,3236562,51374,online_verify_reconstruction_units,54,951.3703703703703,11
63,12,PRIME_MERSENNE_61,2305843009213693951,prss_local_seed_naive,local,total,fold_after,1,11,8408,naive,M,63,8408,42966,51374,3236562,3236562,online_verify_reconstruction_units,3402,951.3703703703703,11
63,12,PRIME_MERSENNE_61,2305843009213693951,prss_local_seed_dpss,local,per_party,fold_after,1,11,8408,dpss,M_squared,3969,8408,87318,95726,6030738,95726,online_verify_reconstruction_units,54,1772.7037037037037,11
63,12,PRIME_MERSENNE_61,2305843009213693951,prss_local_seed_dpss,local,total,fold_after,1,11,8408,dpss,M_squared,3969,8408,87318,95726,6030738,6030738,online_verify_reconstruction_units,3402,1772.7037037037037,11
63,12,PRIME_MERSENNE_61,2305843009213693951,prss_local_seed_naive,local,per_party,fold_after,1,11,8408,naive,M_squared,3969,8408,2706858,2715266,171061758,2715266,online_verify_reconstruction_units,54,50282.7037037037,11
63,12,PRIME_MERSENNE_61,2305843009213693951,prss_local_seed_naive,local,total,fold_after,1,11,8408,naive,M_squared,3969,8408,2706858,2715266,171061758,171061758,online_verify_reconstruction_units,3402,50282.7037037037,11
63,12,PRIME_MERSENNE_61,2305843009213693951,prss_commit,commit,per_party,fold_after,1,11,8408,none,none,0,9090,0,9090,572670,9090,online_verify_reconstruction_units,54,168.33333333333334,11
63,12,PRIME_MERSENNE_61,2305843009213693951,prss_commit,commit,total,fold_after,1,11,8408,none,none,0,9090,0,9090,572670,572670,online_verify_reconstruction_units,3402,168.33333333333334,11
63,12,PRIME_MERSENNE_61,2305843009213693951,prss_commit_seed_dpss,commit,per_party,fold_after,1,11,8408,dpss,one,1,9090,43670,52760,3323880,52760,online_verify_reconstruction_units,54,977.0370370370371,11
63,12,PRIME_MERSENNE_61,2305843009213693951,prss_commit_seed_dpss,commit,total,fold_after,1,11,8408,dpss,one,1,9090,43670,52760,3323880,3323880,online_verify_reconstruction_units,3402,977.0370370370371,11
63,12,PRIME_MERSENNE_61,2305843009213693951,prss_commit_seed_naive,commit,per_party,fold_after,1,11,8408,naive,one,1,9090,682,9772,615636,9772,online_verify_reconstruction_units,54,180.96296296296296,11
63,12,PRIME_MERSENNE_61,2305843009213693951,prss_commit_seed_naive,commit,total,fold_after,1,11,8408,naive,one,1,9090,682,9772,615636,615636,online_verify_reconstruction_units,3402,180.96296296296296,11
63,12,PRIME_MERSENNE_61,2305843009213693951,prss_commit_seed_dpss,commit,per_party,fold_after,1,11,8408,dpss,M,63,9090,44352,53442,3366846,53442,online_verify_reconstruction_units,54,989.6666666666666,11
63,12,PRIME_MERSENNE_61,2305843009213693951,prss_commit_seed_dpss,commit,total,fold_after,1,11,8408,dpss,M,63,9090,44352,53442,3366846,3366846,online_verify_reconstruction_units,3402,989.6666666666666,11
63,12,PRIME_MERSENNE_61,2305843009213693951,prss_commit_seed_naive,commit,per_party,fold_after,1,11,8408,naive,M,63,9090,42966,52056,3279528,52056,online_verify_reconstruction_units,54,964.0,11
63,12,PRIME_MERSENNE_61,2305843009213693951,prss_commit_seed_naive,commit,total,fold_after,1,11,8408,naive,M,63,9090,42966,52056,3279528,3279528,online_verify_reconstruction_units,3402,964.0,11
63,12,PRIME_MERSENNE_61,2305843009213693951,prss_commit_seed_dpss,commit,per_party,fold_after,1,11,8408,dpss,M_squared,3969,9090,87318,96408,6073704,96408,online_verify_reconstruction_units,54,1785.3333333333333,11
63,12,PRIME_MERSENNE_61,2305843009213693951,prss_commit_seed_dpss,commit,total,fold_after,1,11,8408,dpss,M_squared,3969,9090,87318,96408,6073704,6073704,online_verify_reconstruction_units,3402,1785.3333333333333,11
63,12,PRIME_MERSENNE_61,2305843009213693951,prss_commit_seed_naive,commit,per_party,fold_after,1,11,8408,naive,M_squared,3969,9090,2706858,2715948,171104724,2715948,online_verify_reconstruction_units,54,50295.333333333336,11
63,12,PRIME_MERSENNE_61,2305843009213693951,prss_commit_seed_naive,commit,total,fold_after,1,11,8408,naive,M_squared,3969,9090,2706858,2715948,171104724,171104724,online_verify_reconstruction_units,3402,50295.333333333336,11
63,12,PRIME_MERSENNE_61,2305843009213693951,prss_dispute,dispute,per_party,fold_after,1,11,8408,none,none,0,12500,0,12500,787500,12500,online_verify_reconstruction_units,54,231.4814814814815,11
63,12,PRIME_MERSENNE_61,2305843009213693951,prss_dispute,dispute,total,fold_after,1,11,8408,none,none,0,12500,0,12500,787500,787500,online_verify_reconstruction_units,3402,231.4814814814815,11
63,12,PRIME_MERSENNE_61,2305843009213693951,prss_dispute_seed_dpss,dispute,per_party,fold_after,1,11,8408,dpss,one,1,12500,43670,56170,3538710,56170,online_verify_reconstruction_units,54,1040.1851851851852,11
63,12,PRIME_MERSENNE_61,2305843009213693951,prss_dispute_seed_dpss,dispute,total,fold_after,1,11,8408,dpss,one,1,12500,43670,56170,3538710,3538710,online_verify_reconstruction_units,3402,1040.1851851851852,11
63,12,PRIME_MERSENNE_61,2305843009213693951,prss_dispute_seed_naive,dispute,per_party,fold_after,1,11,8408,naive,one,1,12500,682,13182,830466,13182,online_verify_reconstruction_units,54,244.11111111111111,11
63,12,PRIME_MERSENNE_61,2305843009213693951,prss_dispute_seed_naive,dispute,total,fold_after,1,11,8408,naive,one,1,12500,682,13182,830466,830466,online_verify_reconstruction_units,3402,244.11111111111111,11
63,12,PRIME_MERSENNE_61,2305843009213693951,prss_dispute_seed_dpss,dispute,per_party,fold_after,1,11,8408,dpss,M,63,12500,44352,56852,3581676,56852,online_verify_reconstruction_units,54,1052.8148148148148,11
63,12,PRIME_MERSENNE_61,2305843009213693951,prss_dispute_seed_dpss,dispute,total,fold_after,1,11,8408,dpss,M,63,12500,44352,56852,3581676,3581676,online_verify_reconstruction_units,3402,1052.8148148148148,11
63,12,PRIME_MERSENNE_61,2305843009213693951,prss_dispute_seed_naive,dispute,per_party,fold_after,1,11,8408,naive,M,63,12500,42966,55466,3494358,55466,online_verify_reconstruction_units,54,1027.148148148148,11
63,12,PRIME_MERSENNE_61,2305843009213693951,prss_dispute_seed_naive,dispute,total,fold_after,1,11,8408,naive,M,63,12500,42966,55466,3494358,3494358,online_verify_reconstruction_units,3402,1027.148148148148,11
63,12,PRIME_MERSENNE_61,2305843009213693951,prss_dispute_seed_dpss,dispute,per_party,fold_after,1,11,8408,dpss,M_squared,3969,12500,87318,99818,6288534,99818,online_verify_reconstruction_units,54,1848.4814814814815,11
63,12,PRIME_MERSENNE_61,2305843009213693951,prss_dispute_seed_dpss,dispute,total,fold_after,1,11,8408,dpss,M_squared,3969,12500,87318,99818,6288534,6288534,online_verify_reconstruction_units,3402,1848.4814814814815,11
63,12,PRIME_MERSENNE_61,2305843009213693951,prss_dispute_seed_naive,dispute,per_party,fold_after,1,11,8408,naive,M_squared,3969,12500,2706858,2719358,171319554,2719358,online_verify_reconstruction_units,54,50358.48148148148,11
63,12,PRIME_MERSENNE_61,2305843009213693951,prss_dispute_seed_naive,dispute,total,fold_after,1,11,8408,naive,M_squared,3969,12500,2706858,2719358,171319554,171319554,online_verify_reconstruction_units,3402,50358.48148148148,11
63,12,PRIME_MERSENNE_61,2305843009213693951,naive,n/a,per_party,fold_before,0,10,16629,none,none,0,1030998,0,1030998,64952874,1030998,online_verify_reconstruction_units,54,19092.555555555555,11
63,12,PRIME_MERSENNE_61,2305843009213693951,naive,n/a,total,fold_before,0,10,16629,none,none,0,1030998,0,1030998,64952874,64952874,online_verify_reconstruction_units,3402,19092.555555555555,11
63,12,PRIME_MERSENNE_61,2305843009213693951,dpss_model,n/a,per_party,fold_before,0,10,16629,none,none,0,60288,0,60288,3798144,60288,online_verify_reconstruction_units,54,1116.4444444444443,11
63,12,PRIME_MERSENNE_61,2305843009213693951,dpss_model,n/a,total,fold_before,0,10,16629,none,none,0,60288,0,60288,3798144,3798144,online_verify_reconstruction_units,3402,1116.4444444444443,11
63,12,PRIME_MERSENNE_61,2305843009213693951,full_mask,n/a,per_party,fold_before,0,10,429,none,none,0,26598,0,26598,1675674,26598,online_verify_reconstruction_units,54,492.55555555555554,11
63,12,PRIME_MERSENNE_61,2305843009213693951,full_mask,n/a,total,fold_before,0,10,429,none,none,0,26598,0,26598,1675674,1675674,online_verify_reconstruction_units,3402,492.55555555555554,11
63,12,PRIME_MERSENNE_61,2305843009213693951,kernel_mask,n/a,per_party,fold_before,0,10,253,none,none,0,15686,0,15686,988218,15686,online_verify_reconstruction_units,54,290.48148148148147,11
63,12,PRIME_MERSENNE_61,2305843009213693951,kernel_mask,n/a,total,fold_before,0,10,253,none,none,0,15686,0,15686,988218,988218,online_verify_reconstruction_units,3402,290.48148148148147,11
63,12,PRIME_MERSENNE_61,2305843009213693951,prss_local,local,per_party,fold_before,0,10,16629,none,none,0,16629,0,16629,1047627,16629,online_verify_reconstruction_units,54,307.94444444444446,11
63,12,PRIME_MERSENNE_61,2305843009213693951,prss_local,local,total,fold_before,0,10,16629,none,none,0,16629,0,16629,1047627,1047627,online_verify_reconstruction_units,3402,307.94444444444446,11
63,12,PRIME_MERSENNE_61,2305843009213693951,prss_local_seed_dpss,local,per_party,fold_before,0,10,16629,dpss,one,1,16629,43670,60299,3798837,60299,online_verify_reconstruction_units,54,1116.648148148148,11
63,12,PRIME_MERSENNE_61,2305843009213693951,prss_local_seed_dpss,local,total,fold_before,0,10,16629,dpss,one,1,16629,43670,60299,3798837,3798837,online_verify_reconstruction_units,3402,1116.648148148148,11
63,12,PRIME_MERSENNE_61,2305843009213693951,prss_local_seed_naive,local,per_party,fold_before,0,10,16629,naive,one,1,16629,682,17311,1090593,17311,online_verify_reconstruction_units,54,320.5740740740741,11
63,12,PRIME_MERSENNE_61,2305843009213693951,prss_local_seed_naive,local,total,fold_before,0,10,16629,naive,one,1,16629,682,17311,1090593,1090593,online_verify_reconstruction_units,3402,320.5740740740741,11
63,12,PRIME_MERSENNE_61,2305843009213693951,prss_local_seed_dpss,local,per_party,fold_before,0,10,16629,dpss,M,63,16629,44352,60981,3841803,60981,online_verify_reconstruction_units,54,1129.2777777777778,11
63,12,PRIME_MERSENNE_61,2305843009213693951,prss_local_seed_dpss,local,total,fold_before,0,10,16629,dpss,M,63,16629,44352,60981,3841803,3841803,online_verify_reconstruction_units,3402,1129.2777777777778,11
63,12,PRIME_MERSENNE_61,2305843009213693951,prss_local_seed_naive,local,per_party,fold_before,0,10,16629,naive,M,63,16629,42966,59595,3754485,59595,online_verify_reconstruction_units,54,1103.611111111111,11
63,12,PRIME_MERSENNE_61,2305843009213693951,prss_local_seed_naive,local,total,fold_before,0,10,16629,naive,M,63,16629,42966,59595,3754485,3754485,online_verify_reconstruction_units,3402,1103.611111111111,11
63,12,PRIME_MERSENNE_61,2305843009213693951,prss_local_seed_dpss,local,per_party,fold_before,0,10,16629,dpss,M_squared,3969,16629,87318,103947,6548661,103947,online_verify_reconstruction_units,54,1924.9444444444443,11
63,12,PRIME_MERSENNE_61,2305843009213693951,prss_local_seed_dpss,local,total,fold_before,0,10,16629,dpss,M_squared,3969,16629,87318,103947,6548661,6548661,online_verify_reconstruction_units,3402,1924.9444444444443,11
63,12,PRIME_MERSENNE_61,2305843009213693951,prss_local_seed_naive,local,per_party,fold_before,0,10,16629,naive,M_squared,3969,16629,2706858,2723487,171579681,2723487,online_verify_reconstruction_units,54,50434.944444444445,11
63,12,PRIME_MERSENNE_61,2305843009213693951,prss_local_seed_naive,local,total,fold_before,0,10,16629,naive,M_squared,3969,16629,2706858,2723487,171579681,171579681,online_verify_reconstruction_units,3402,50434.944444444445,11
63,12,PRIME_MERSENNE_61,2305843009213693951,prss_commit,commit,per_party,fold_before,0,10,16629,none,none,0,17311,0,17311,1090593,17311,online_verify_reconstruction_units,54,320.5740740740741,11
63,12,PRIME_MERSENNE_61,2305843009213693951,prss_commit,commit,total,fold_before,0,10,16629,none,none,0,17311,0,17311,1090593,1090593,online_verify_reconstruction_units,3402,320.5740740740741,11
63,12,PRIME_MERSENNE_61,2305843009213693951,prss_commit_seed_dpss,commit,per_party,fold_before,0,10,16629,dpss,one,1,17311,43670,60981,3841803,60981,online_verify_reconstruction_units,54,1129.2777777777778,11
63,12,PRIME_MERSENNE_61,2305843009213693951,prss_commit_seed_dpss,commit,total,fold_before,0,10,16629,dpss,one,1,17311,43670,60981,3841803,3841803,online_verify_reconstruction_units,3402,1129.2777777777778,11
63,12,PRIME_MERSENNE_61,2305843009213693951,prss_commit_seed_naive,commit,per_party,fold_before,0,10,16629,naive,one,1,17311,682,17993,1133559,17993,online_verify_reconstruction_units,54,333.2037037037037,11
63,12,PRIME_MERSENNE_61,2305843009213693951,prss_commit_seed_naive,commit,total,fold_before,0,10,16629,naive,one,1,17311,682,17993,1133559,1133559,online_verify_reconstruction_units,3402,333.2037037037037,11
63,12,PRIME_MERSENNE_61,2305843009213693951,prss_commit_seed_dpss,commit,per_party,fold_before,0,10,16629,dpss,M,63,17311,44352,61663,3884769,61663,online_verify_reconstruction_units,54,1141.9074074074074,11
63,12,PRIME_MERSENNE_61,2305843009213693951,prss_commit_seed_dpss,commit,total,fold_before,0,10,16629,dpss,M,63,17311,44352,61663,3884769,3884769,online_verify_reconstruction_units,3402,1141.9074074074074,11
63,12,PRIME_MERSENNE_61,2305843009213693951,prss_commit_seed_naive,commit,per_party,fold_before,0,10,16629,naive,M,63,17311,42966,60277,3797451,60277,online_verify_reconstruction_units,54,1116.2407407407406,11
63,12,PRIME_MERSENNE_61,2305843009213693951,prss_commit_seed_naive,commit,total,fold_before,0,10,16629,naive,M,63,17311,42966,60277,3797451,3797451,online_verify_reconstruction_units,3402,1116.2407407407406,11
63,12,PRIME_MERSENNE_61,2305843009213693951,prss_commit_seed_dpss,commit,per_party,fold_before,0,10,16629,dpss,M_squared,3969,17311,87318,104629,6591627,104629,online_verify_reconstruction_units,54,1937.5740740740741,11
63,12,PRIME_MERSENNE_61,2305843009213693951,prss_commit_seed_dpss,commit,total,fold_before,0,10,16629,dpss,M_squared,3969,17311,87318,104629,6591627,6591627,online_verify_reconstruction_units,3402,1937.5740740740741,11
63,12,PRIME_MERSENNE_61,2305843009213693951,prss_commit_seed_naive,commit,per_party,fold_before,0,10,16629,naive,M_squared,3969,17311,2706858,2724169,171622647,2724169,online_verify_reconstruction_units,54,50447.57407407407,11
63,12,PRIME_MERSENNE_61,2305843009213693951,prss_commit_seed_naive,commit,total,fold_before,0,10,16629,naive,M_squared,3969,17311,2706858,2724169,171622647,171622647,online_verify_reconstruction_units,3402,50447.57407407407,11
63,12,PRIME_MERSENNE_61,2305843009213693951,prss_dispute,dispute,per_party,fold_before,0,10,16629,none,none,0,20721,0,20721,1305423,20721,online_verify_reconstruction_units,54,383.72222222222223,11
63,12,PRIME_MERSENNE_61,2305843009213693951,prss_dispute,dispute,total,fold_before,0,10,16629,none,none,0,20721,0,20721,1305423,1305423,online_verify_reconstruction_units,3402,383.72222222222223,11
63,12,PRIME_MERSENNE_61,2305843009213693951,prss_dispute_seed_dpss,dispute,per_party,fold_before,0,10,16629,dpss,one,1,20721,43670,64391,4056633,64391,online_verify_reconstruction_units,54,1192.4259259259259,11
63,12,PRIME_MERSENNE_61,2305843009213693951,prss_dispute_seed_dpss,dispute,total,fold_before,0,10,16629,dpss,one,1,20721,43670,64391,4056633,4056633,online_verify_reconstruction_units,3402,1192.4259259259259,11
63,12,PRIME_MERSENNE_61,2305843009213693951,prss_dispute_seed_naive,dispute,per_party,fold_before,0,10,16629,naive,one,1,20721,682,21403,1348389,21403,online_verify_reconstruction_units,54,396.35185185185185,11
63,12,PRIME_MERSENNE_61,2305843009213693951,prss_dispute_seed_naive,dispute,total,fold_before,0,10,16629,naive,one,1,20721,682,21403,1348389,1348389,online_verify_reconstruction_units,3402,396.35185185185185,11
63,12,PRIME_MERSENNE_61,2305843009213693951,prss_dispute_seed_dpss,dispute,per_party,fold_before,0,10,16629,dpss,M,63,20721,44352,65073,4099599,65073,online_verify_reconstruction_units,54,1205.0555555555557,11
63,12,PRIME_MERSENNE_61,2305843009213693951,prss_dispute_seed_dpss,dispute,total,fold_before,0,10,16629,dpss,M,63,20721,44352,65073,4099599,4099599,online_verify_reconstruction_units,3402,1205.0555555555557,11
63,12,PRIME_MERSENNE_61,2305843009213693951,prss_dispute_seed_naive,dispute,per_party,fold_before,0,10,16629,naive,M,63,20721,42966,63687,4012281,63687,online_verify_reconstruction_units,54,1179.388888888889,11
63,12,PRIME_MERSENNE_61,2305843009213693951,prss_dispute_seed_naive,dispute,total,fold_before,0,10,16629,naive,M,63,20721,42966,63687,4012281,4012281,online_verify_reconstruction_units,3402,1179.388888888889,11
63,12,PRIME_MERSENNE_61,2305843009213693951,prss_dispute_seed_dpss,dispute,per_party,fold_before,0,10,16629,dpss,M_squared,3969,20721,87318,108039,6806457,108039,online_verify_reconstruction_units,54,2000.7222222222222,11
63,12,PRIME_MERSENNE_61,2305843009213693951,prss_dispute_seed_dpss,dispute,total,fold_before,0,10,16629,dpss,M_squared,3969,20721,87318,108039,6806457,6806457,online_verify_reconstruction_units,3402,2000.7222222222222,11
63,12,PRIME_MERSENNE_61,2305843009213693951,prss_dispute_seed_naive,dispute,per_party,fold_before,0,10,16629,naive,M_squared,3969,20721,2706858,2727579,171837477,2727579,online_verify_reconstruction_units,54,50510.72222222222,11
63,12,PRIME_MERSENNE_61,2305843009213693951,prss_dispute_seed_naive,dispute,total,fold_before,0,10,16629,naive,M_squared,3969,20721,2706858,2727579,171837477,171837477,online_verify_reconstruction_units,3402,50510.72222222222,11
3,14,PRIME_MERSENNE_61,2305843009213693951,naive,n/a,per_party,fold_after,1,13,33063,none,none,0,66126,0,66126,198378,66126,online_verify_reconstruction_units,62,1066.5483870967741,13
3,14,PRIME_MERSENNE_61,2305843009213693951,naive,n/a,total,fold_after,1,13,33063,none,none,0,66126,0,66126,198378,198378,online_verify_reconstruction_units,186,1066.5483870967741,13
3,14,PRIME_MERSENNE_61,2305843009213693951,dpss_model,n/a,per_party,fold_after,1,13,33063,none,none,0,33180,0,33180,99540,33180,online_verify_reconstruction_units,62,535.1612903225806,13
3,14,PRIME_MERSENNE_61,2305843009213693951,dpss_model,n/a,total,fold_after,1,13,33063,none,none,0,33180,0,33180,99540,99540,online_verify_reconstruction_units,186,535.1612903225806,13
3,14,PRIME_MERSENNE_61,2305843009213693951,full_mask,n/a,per_party,fold_after,1,13,585,none,none,0,1170,0,1170,3510,1170,online_verify_reconstruction_units,62,18.870967741935484,13
3,14,PRIME_MERSENNE_61,2305843009213693951,full_mask,n/a,total,fold_after,1,13,585,none,none,0,1170,0,1170,3510,3510,online_verify_reconstruction_units,186,18.870967741935484,13
3,14,PRIME_MERSENNE_61,2305843009213693951,kernel_mask,n/a,per_party,fold_after,1,13,299,none,none,0,598,0,598,1794,598,online_verify_reconstruction_units,62,9.64516129032258,13
3,14,PRIME_MERSENNE_61,2305843009213693951,kernel_mask,n/a,total,fold_after,1,13,299,none,none,0,598,0,598,1794,1794,online_verify_reconstruction_units,186,9.64516129032258,13
3,14,PRIME_MERSENNE_61,2305843009213693951,prss_local,local,per_party,fold_after,1,13,33063,none,none,0,33063,0,33063,99189,33063,online_verify_reconstruction_units,62,533.2741935483871,13
3,14,PRIME_MERSENNE_61,2305843009213693951,prss_local,local,total,fold_after,1,13,33063,none,none,0,33063,0,33063,99189,99189,online_verify_reconstruction_units,186,533.2741935483871,13
3,14,PRIME_MERSENNE_61,2305843009213693951,prss_local_seed_dpss,local,per_party,fold_after,1,13,33063,dpss,one,1,33063,130,33193,99579,33193,online_verify_reconstruction_units,62,535.3709677419355,13
3,14,PRIME_MERSENNE_61,2305843009213693951,prss_local_seed_dpss,local,total,fold_after,1,13,33063,dpss,one,1,33063,130,33193,99579,99579,online_verify_reconstruction_units,186,535.3709677419355,13
3,14,PRIME_MERSENNE_61,2305843009213693951,prss_local_seed_naive,local,per_party,fold_after,1,13,33063,naive,one,1,33063,26,33089,99267,33089,online_verify_reconstruction_units,62,533.6935483870968,13
3,14,PRIME_MERSENNE_61,2305843009213693951,prss_local_seed_naive,local,total,fold_after,1,13,33063,naive,one,1,33063,26,33089,99267,99267,online_verify_reconstruction_units,186,533.6935483870968,13
3,14,PRIME_MERSENNE_61,2305843009213693951,prss_local_seed_dpss,local,per_party,fold_after,1,13,33063,dpss,M,3,33063,156,33219,99657,33219,online_verify_reconstruction_units,62,535.7903225806451,13
3,14,PRIME_MERSENNE_61,2305843009213693951,prss_local_seed_dpss,local,total,fold_after,1,13,33063,dpss,M,3,33063,156,33219,99657,99657,online_verify_reconstruction_units,186,535.7903225806451,13
3,14,PRIME_MERSENNE_61,2305843009213693951,prss_local_seed_naive,local,per_party,fold_after,1,13,33063,naive,M,3,33063,78,33141,99423,33141,online_verify_reconstruction_units,62,534.5322580645161,13
3,14,PRIME_MERSENNE_61,2305843009213693951,prss_local_seed_naive,local,total,fold_after,1,13,33063,naive,M,3,33063,78,33141,99423,99423,online_verify_reconstruction_units,186,534.5322580645161,13
3,14,PRIME_MERSENNE_61,2305843009213693951,prss_local_seed_dpss,local,per_party,fold_after,1,13,33063,dpss,M_squared,9,33063,234,33297,99891,33297,online_verify_reconstruction_units,62,537.0483870967741,13
3,14,PRIME_MERSENNE_61,2305843009213693951,prss_local_seed_dpss,local,total,fold_after,1,13,33063,dpss,M_squared,9,33063,234,33297,99891,99891,online_verify_reconstruction_units,186,537.0483870967741,13
3,14,PRIME_MERSENNE_61,2305843009213693951,prss_local_seed_naive,local,per_party,fold_after,1,13,33063,naive,M_squared,9,33063,234,33297,99891,33297,online_verify_reconstruction_units,62,537.0483870967741,13
3,14,PRIME_MERSENNE_61,2305843009213693951,prss_local_seed_naive,local,total,fold_after,1,13,33063,naive,M_squared,9,33063,234,33297,99891,99891,online_verify_reconstruction_units,186,537.0483870967741,13
3,14,PRIME_MERSENNE_61,2305843009213693951,prss_commit,commit,per_party,fold_after,1,13,33063,none,none,0,33089,0,33089,99267,33089,online_verify_reconstruction_units,62,533.6935483870968,13
3,14,PRIME_MERSENNE_61,2305843009213693951,prss_commit,commit,total,fold_after,1,13,33063,none,none,0,33089,0,33089,99267,99267,online_verify_reconstruction_units,186,533.6935483870968,13
3,14,PRIME_MERSENNE_61,2305843009213693951,prss_commit_seed_dpss,commit,per_party,fold_after,1,13,33063,dpss,one,1,33089,130,33219,99657,33219,online_verify_reconstruction_units,62,535.7903225806451,13
3,14,PRIME_MERSENNE_61,2305843009213693951,prss_commit_seed_dpss,commit,total,fold_after,1,13,33063,dpss,one,1,33089,130,33219,99657,99657,online_verify_reconstruction_units,186,535.7903225806451,13
3,14,PRIME_MERSENNE_61,2305843009213693951,prss_commit_seed_naive,commit,per_party,fold_after,1,13,33063,naive,one,1,33089,26,33115,99345,33115,online_verify_reconstruction_units,62,534.1129032258065,13
3,14,PRIME_MERSENNE_61,2305843009213693951,prss_commit_seed_naive,commit,total,fold_after,1,13,33063,naive,one,1,33089,26,33115,99345,99345,online_verify_reconstruction_units,186,534.1129032258065,13
3,14,PRIME_MERSENNE_61,2305843009213693951,prss_commit_seed_dpss,commit,per_party,fold_after,1,13,33063,dpss,M,3,33089,156,33245,99735,33245,online_verify_reconstruction_units,62,536.2096774193549,13
3,14,PRIME_MERSENNE_61,2305843009213693951,prss_commit_seed_dpss,commit,total,fold_after,1,13,33063,dpss,M,3,33089,156,33245,99735,99735,online_verify_reconstruction_units,186,536.2096774193549,13
3,14,PRIME_MERSENNE_61,2305843009213693951,prss_commit_seed_naive,commit,per_party,fold_after,1,13,33063,naive,M,3,33089,78,33167,99501,33167,online_verify_reconstruction_units,62,534.9516129032259,13
3,14,PRIME_MERSENNE_61,2305843009213693951,prss_commit_seed_naive,commit,total,fold_after,1,13,33063,naive,M,3,33089,78,33167,99501,99501,online_verify_reconstruction_units,186,534.9516129032259,13
3,14,PRIME_MERSENNE_61,2305843009213693951,prss_commit_seed_dpss,commit,per_party,fold_after,1,13,33063,dpss,M_squared,9,33089,234,33323,99969,33323,online_verify_reconstruction_units,62,537.4677419354839,13
3,14,PRIME_MERSENNE_61,2305843009213693951,prss_commit_seed_dpss,commit,total,fold_after,1,13,33063,dpss,M_squared,9,33089,234,33323,99969,99969,online_verify_reconstruction_units,186,537.4677419354839,13
3,14,PRIME_MERSENNE_61,2305843009213693951,prss_commit_seed_naive,commit,per_party,fold_after,1,13,33063,naive,M_squared,9,33089,234,33323,99969,33323,online_verify_reconstruction_units,62,537.4677419354839,13
3,14,PRIME_MERSENNE_61,2305843009213693951,prss_commit_seed_naive,commit,total,fold_after,1,13,33063,naive,M_squared,9,33089,234,33323,99969,99969,online_verify_reconstruction_units,186,537.4677419354839,13
3,14,PRIME_MERSENNE_61,2305843009213693951,prss_dispute,dispute,per_party,fold_after,1,13,33063,none,none,0,33115,0,33115,99345,33115,online_verify_reconstruction_units,62,534.1129032258065,13
3,14,PRIME_MERSENNE_61,2305843009213693951,prss_dispute,dispute,total,fold_after,1,13,33063,none,none,0,33115,0,33115,99345,99345,online_verify_reconstruction_units,186,534.1129032258065,13
3,14,PRIME_MERSENNE_61,2305843009213693951,prss_dispute_seed_dpss,dispute,per_party,fold_after,1,13,33063,dpss,one,1,33115,130,33245,99735,33245,online_verify_reconstruction_units,62,536.2096774193549,13
3,14,PRIME_MERSENNE_61,2305843009213693951,prss_dispute_seed_dpss,dispute,total,fold_after,1,13,33063,dpss,one,1,33115,130,33245,99735,99735,online_verify_reconstruction_units,186,536.2096774193549,13
3,14,PRIME_MERSENNE_61,2305843009213693951,prss_dispute_seed_naive,dispute,per_party,fold_after,1,13,33063,naive,one,1,33115,26,33141,99423,33141,online_verify_reconstruction_units,62,534.5322580645161,13
3,14,PRIME_MERSENNE_61,2305843009213693951,prss_dispute_seed_naive,dispute,total,fold_after,1,13,33063,naive,one,1,33115,26,33141,99423,99423,online_verify_reconstruction_units,186,534.5322580645161,13
3,14,PRIME_MERSENNE_61,2305843009213693951,prss_dispute_seed_dpss,dispute,per_party,fold_after,1,13,33063,dpss,M,3,33115,156,33271,99813,33271,online_verify_reconstruction_units,62,536.6290322580645,13
3,14,PRIME_MERSENNE_61,2305843009213693951,prss_dispute_seed_dpss,dispute,total,fold_after,1,13,33063,dpss,M,3,33115,156,33271,99813,99813,online_verify_reconstruction_units,186,536.6290322580645,13
3,14,PRIME_MERSENNE_61,2305843009213693951,prss_dispute_seed_naive,dispute,per_party,fold_after,1,13,33063,naive,M,3,33115,78,33193,99579,33193,online_verify_reconstruction_units,62,535.3709677419355,13
3,14,PRIME_MERSENNE_61,2305843009213693951,prss_dispute_seed_naive,dispute,total,fold_after,1,13,33063,naive,M,3,33115,78,33193,99579,99579,online_verify_reconstruction_units,186,535.3709677419355,13
3,14,PRIME_MERSENNE_61,2305843009213693951,prss_dispute_seed_dpss,dispute,per_party,fold_after,1,13,33063,dpss,M_squared,9,33115,234,33349,100047,33349,online_verify_reconstruction_units,62,537.8870967741935,13
3,14,PRIME_MERSENNE_61,2305843009213693951,prss_dispute_seed_dpss,dispute,total,fold_after,1,13,33063,dpss,M_squared,9,33115,234,33349,100047,100047,online_verify_reconstruction_units,186,537.8870967741935,13
3,14,PRIME_MERSENNE_61,2305843009213693951,prss_dispute_seed_naive,dispute,per_party,fold_after,1,13,33063,naive,M_squared,9,33115,234,33349,100047,33349,online_verify_reconstruction_units,62,537.8870967741935,13
3,14,PRIME_MERSENNE_61,2305843009213693951,prss_dispute_seed_naive,dispute,total,fold_after,1,13,33063,naive,M_squared,9,33115,234,33349,100047,100047,online_verify_reconstruction_units,186,537.8870967741935,13
3,14,PRIME_MERSENNE_61,2305843009213693951,naive,n/a,per_party,fold_before,0,12,65866,none,none,0,131732,0,131732,395196,131732,online_verify_reconstruction_units,62,2124.7096774193546,13
3,14,PRIME_MERSENNE_61,2305843009213693951,naive,n/a,total,fold_before,0,12,65866,none,none,0,131732,0,131732,395196,395196,online_verify_reconstruction_units,186,2124.7096774193546,13
3,14,PRIME_MERSENNE_61,2305843009213693951,dpss_model,n/a,per_party,fold_before,0,12,65866,none,none,0,65983,0,65983,197949,65983,online_verify_reconstruction_units,62,1064.241935483871,13
3,14,PRIME_MERSENNE_61,2305843009213693951,dpss_model,n/a,total,fold_before,0,12,65866,none,none,0,65983,0,65983,197949,197949,online_verify_reconstruction_units,186,1064.241935483871,13
3,14,PRIME_MERSENNE_61,2305843009213693951,full_mask,n/a,per_party,fold_before,0,12,585,none,none,0,1170,0,1170,3510,1170,online_verify_reconstruction_units,62,18.870967741935484,13
3,14,PRIME_MERSENNE_61,2305843009213693951,full_mask,n/a,total,fold_before,0,12,585,none,none,0,1170,0,1170,3510,3510,online_verify_reconstruction_units,186,18.870967741935484,13
3,14,PRIME_MERSENNE_61,2305843009213693951,kernel_mask,n/a,per_party,fold_before,0,12,338,none,none,0,676,0,676,2028,676,online_verify_reconstruction_units,62,10.903225806451612,13
3,14,PRIME_MERSENNE_61,2305843009213693951,kernel_mask,n/a,total,fold_before,0,12,338,none,none,0,676,0,676,2028,2028,online_verify_reconstruction_units,186,10.903225806451612,13
3,14,PRIME_MERSENNE_61,2305843009213693951,prss_local,local,per_party,fold_before,0,12,65866,none,none,0,65866,0,65866,197598,65866,online_verify_reconstruction_units,62,1062.3548387096773,13
3,14,PRIME_MERSENNE_61,2305843009213693951,prss_local,local,total,fold_before,0,12,65866,none,none,0,65866,0,65866,197598,197598,online_verify_reconstruction_units,186,1062.3548387096773,13
3,14,PRIME_MERSENNE_61,2305843009213693951,prss_local_seed_dpss,local,per_party,fold_before,0,12,65866,dpss,one,1,65866,130,65996,197988,65996,online_verify_reconstruction_units,62,1064.4516129032259,13
3,14,PRIME_MERSENNE_61,2305843009213693951,prss_local_seed_dpss,local,total,fold_before,0,12,65866,dpss,one,1,65866,130,65996,197988,197988,online_verify_reconstruction_units,186,1064.4516129032259,13
3,14,PRIME_MERSENNE_61,2305843009213693951,prss_local_seed_naive,local,per_party,fold_before,0,12,65866,naive,one,1,65866,26,65892,197676,65892,online_verify_reconstruction_units,62,1062.774193548387,13
3,14,PRIME_MERSENNE_61,2305843009213693951,prss_local_seed_naive,local,total,fold_before,0,12,65866,naive,one,1,65866,26,65892,197676,197676,online_verify_reconstruction_units,186,1062.774193548387,13
3,14,PRIME_MERSENNE_61,2305843009213693951,prss_local_seed_dpss,local,per_party,fold_before,0,12,65866,dpss,M,3,65866,156,66022,198066,66022,online_verify_reconstruction_units,62,1064.8709677419354,13
3,14,PRIME_MERSENNE_61,2305843009213693951,prss_local_seed_dpss,local,total,fold_before,0,12,65866,dpss,M,3,65866,156,66022,198066,198066,online_verify_reconstruction_units,186,1064.8709677419354,13
3,14,PRIME_MERSENNE_61,2305843009213693951,prss_local_seed_naive,local,per_party,fold_before,0,12,65866,naive,M,3,65866,78,65944,197832,65944,online_verify_reconstruction_units,62,1063.6129032258063,13
3,14,PRIME_MERSENNE_61,2305843009213693951,prss_local_seed_naive,local,total,fold_before,0,12,65866,naive,M,3,65866,78,65944,197832,197832,online_verify_reconstruction_units,186,1063.6129032258063,13
3,14,PRIME_MERSENNE_61,2305843009213693951,prss_local_seed_dpss,local,per_party,fold_before,0,12,65866,dpss,M_squared,9,65866,234,66100,198300,66100,online_verify_reconstruction_units,62,1066.1290322580646,13
3,14,PRIME_MERSENNE_61,2305843009213693951,prss_local_seed_dpss,local,total,fold_before,0,12,65866,dpss,M_squared,9,65866,234,66100,198300,198300,online_verify_reconstruction_units,186,1066.1290322580646,13
3,14,PRIME_MERSENNE_61,2305843009213693951,prss_local_seed_naive,local,per_party,fold_before,0,12,65866,naive,M_squared,9,65866,234,66100,198300,66100,online_verify_reconstruction_units,62,1066.1290322580646,13
3,14,PRIME_MERSENNE_61,2305843009213693951,prss_local_seed_naive,local,total,fold_before,0,12,65866,naive,M_squared,9,65866,234,66100,198300,198300,online_verify_reconstruction_units,186,1066.1290322580646,13
3,14,PRIME_MERSENNE_61,2305843009213693951,prss_commit,commit,per_party,fold_before,0,12,65866,none,none,0,65892,0,65892,197676,65892,online_verify_reconstruction_units,62,1062.774193548387,13
3,14,PRIME_MERSENNE_61,2305843009213693951,prss_commit,commit,total,fold_before,0,12,65866,none,none,0,65892,0,65892,197676,197676,online_verify_reconstruction_units,186,1062.774193548387,13
3,14,PRIME_MERSENNE_61,2305843009213693951,prss_commit_seed_dpss,commit,per_party,fold_before,0,12,65866,dpss,one,1,65892,130,66022,198066,66022,online_verify_reconstruction_units,62,1064.8709677419354,13
3,14,PRIME_MERSENNE_61,2305843009213693951,prss_commit_seed_dpss,commit,total,fold_before,0,12,65866,dpss,one,1,65892,130,66022,198066,198066,online_verify_reconstruction_units,186,1064.8709677419354,13
3,14,PRIME_MERSENNE_61,2305843009213693951,prss_commit_seed_naive,commit,per_party,fold_before,0,12,65866,naive,one,1,65892,26,65918,197754,65918,online_verify_reconstruction_units,62,1063.1935483870968,13
3,14,PRIME_MERSENNE_61,2305843009213693951,prss_commit_seed_naive,commit,total,fold_before,0,12,65866,naive,one,1,65892,26,65918,197754,197754,online_verify_reconstruction_units,186,1063.1935483870968,13
3,14,PRIME_MERSENNE_61,2305843009213693951,prss_commit_seed_dpss,commit,per_party,fold_before,0,12,65866,dpss,M,3,65892,156,66048,198144,66048,online_verify_reconstruction_units,62,1065.2903225806451,13
3,14,PRIME_MERSENNE_61,2305843009213693951,prss_commit_seed_dpss,commit,total,fold_before,0,12,65866,dpss,M,3,65892,156,66048,198144,198144,online_verify_reconstruction_units,186,1065.2903225806451,13
3,14,PRIME_MERSENNE_61,2305843009213693951,prss_commit_seed_naive,commit,per_party,fold_before,0,12,65866,naive,M,3,65892,78,65970,197910,65970,online_verify_reconstruction_units,62,1064.032258064516,13
3,14,PRIME_MERSENNE_61,2305843009213693951,prss_commit_seed_naive,commit,total,fold_before,0,12,65866,naive,M,3,65892,78,65970,197910,197910,online_verify_reconstruction_units,186,1064.032258064516,13
3,14,PRIME_MERSENNE_61,2305843009213693951,prss_commit_seed_dpss,commit,per_party,fold_before,0,12,65866,dpss,M_squared,9,65892,234,66126,198378,66126,online_verify_reconstruction_units,62,1066.5483870967741,13
3,14,PRIME_MERSENNE_61,2305843009213693951,prss_commit_seed_dpss,commit,total,fold_before,0,12,65866,dpss,M_squared,9,65892,234,66126,198378,198378,online_verify_reconstruction_units,186,1066.5483870967741,13
3,14,PRIME_MERSENNE_61,2305843009213693951,prss_commit_seed_naive,commit,per_party,fold_before,0,12,65866,naive,M_squared,9,65892,234,66126,198378,66126,online_verify_reconstruction_units,62,1066.5483870967741,13
3,14,PRIME_MERSENNE_61,2305843009213693951,prss_commit_seed_naive,commit,total,fold_before,0,12,65866,naive,M_squared,9,65892,234,66126,198378,198378,online_verify_reconstruction_units,186,1066.5483870967741,13
3,14,PRIME_MERSENNE_61,2305843009213693951,prss_dispute,dispute,per_party,fold_before,0,12,65866,none,none,0,65918,0,65918,197754,65918,online_verify_reconstruction_units,62,1063.1935483870968,13
3,14,PRIME_MERSENNE_61,2305843009213693951,prss_dispute,dispute,total,fold_before,0,12,65866,none,none,0,65918,0,65918,197754,197754,online_verify_reconstruction_units,186,1063.1935483870968,13
3,14,PRIME_MERSENNE_61,2305843009213693951,prss_dispute_seed_dpss,dispute,per_party,fold_before,0,12,65866,dpss,one,1,65918,130,66048,198144,66048,online_verify_reconstruction_units,62,1065.2903225806451,13
3,14,PRIME_MERSENNE_61,2305843009213693951,prss_dispute_seed_dpss,dispute,total,fold_before,0,12,65866,dpss,one,1,65918,130,66048,198144,198144,online_verify_reconstruction_units,186,1065.2903225806451,13
3,14,PRIME_MERSENNE_61,2305843009213693951,prss_dispute_seed_naive,dispute,per_party,fold_before,0,12,65866,naive,one,1,65918,26,65944,197832,65944,online_verify_reconstruction_units,62,1063.6129032258063,13
3,14,PRIME_MERSENNE_61,2305843009213693951,prss_dispute_seed_naive,dispute,total,fold_before,0,12,65866,naive,one,1,65918,26,65944,197832,197832,online_verify_reconstruction_units,186,1063.6129032258063,13
3,14,PRIME_MERSENNE_61,2305843009213693951,prss_dispute_seed_dpss,dispute,per_party,fold_before,0,12,65866,dpss,M,3,65918,156,66074,198222,66074,online_verify_reconstruction_units,62,1065.7096774193549,13
3,14,PRIME_MERSENNE_61,2305843009213693951,prss_dispute_seed_dpss,dispute,total,fold_before,0,12,65866,dpss,M,3,65918,156,66074,198222,198222,online_verify_reconstruction_units,186,1065.7096774193549,13
3,14,PRIME_MERSENNE_61,2305843009213693951,prss_dispute_seed_naive,dispute,per_party,fold_before,0,12,65866,naive,M,3,65918,78,65996,197988,65996,online_verify_reconstruction_units,62,1064.4516129032259,13
3,14,PRIME_MERSENNE_61,2305843009213693951,prss_dispute_seed_naive,dispute,total,fold_before,0,12,65866,naive,M,3,65918,78,65996,197988,197988,online_verify_reconstruction_units,186,1064.4516129032259,13
3,14,PRIME_MERSENNE_61,2305843009213693951,prss_dispute_seed_dpss,dispute,per_party,fold_before,0,12,65866,dpss,M_squared,9,65918,234,66152,198456,66152,online_verify_reconstruction_units,62,1066.967741935484,13
3,14,PRIME_MERSENNE_61,2305843009213693951,prss_dispute_seed_dpss,dispute,total,fold_before,0,12,65866,dpss,M_squared,9,65918,234,66152,198456,198456,online_verify_reconstruction_units,186,1066.967741935484,13
3,14,PRIME_MERSENNE_61,2305843009213693951,prss_dispute_seed_naive,dispute,per_party,fold_before,0,12,65866,naive,M_squared,9,65918,234,66152,198456,66152,online_verify_reconstruction_units,62,1066.967741935484,13
3,14,PRIME_MERSENNE_61,2305843009213693951,prss_dispute_seed_naive,dispute,total,fold_before,0,12,65866,naive,M_squared,9,65918,234,66152,198456,198456,online_verify_reconstruction_units,186,1066.967741935484,13
5,14,PRIME_MERSENNE_61,2305843009213693951,naive,n/a,per_party,fold_after,1,13,33063,none,none,0,132252,0,132252,661260,132252,online_verify_reconstruction_units,62,2133.0967741935483,13
5,14,PRIME_MERSENNE_61,2305843009213693951,naive,n/a,total,fold_after,1,13,33063,none,none,0,132252,0,132252,661260,661260,online_verify_reconstruction_units,310,2133.0967741935483,13
5,14,PRIME_MERSENNE_61,2305843009213693951,dpss_model,n/a,per_party,fold_after,1,13,33063,none,none,0,33388,0,33388,166940,33388,online_verify_reconstruction_units,62,538.516129032258,13
5,14,PRIME_MERSENNE_61,2305843009213693951,dpss_model,n/a,total,fold_after,1,13,33063,none,none,0,33388,0,33388,166940,166940,online_verify_reconstruction_units,310,538.516129032258,13
5,14,PRIME_MERSENNE_61,2305843009213693951,full_mask,n/a,per_party,fold_after,1,13,585,none,none,0,2340,0,2340,11700,2340,online_verify_reconstruction_units,62,37.74193548387097,13
5,14,PRIME_MERSENNE_61,2305843009213693951,full_mask,n/a,total,fold_after,1,13,585,none,none,0,2340,0,2340,11700,11700,online_verify_reconstruction_units,310,37.74193548387097,13
5,14,PRIME_MERSENNE_61,2305843009213693951,kernel_mask,n/a,per_party,fold_after,1,13,299,none,none,0,1196,0,1196,5980,1196,online_verify_reconstruction_units,62,19.29032258064516,13
5,14,PRIME_MERSENNE_61,2305843009213693951,kernel_mask,n/a,total,fold_after,1,13,299,none,none,0,1196,0,1196,5980,5980,online_verify_reconstruction_units,310,19.29032258064516,13
5,14,PRIME_MERSENNE_61,2305843009213693951,prss_local,local,per_party,fold_after,1,13,33063,none,none,0,33063,0,33063,165315,33063,online_verify_reconstruction_units,62,533.2741935483871,13
5,14,PRIME_MERSENNE_61,2305843009213693951,prss_local,local,total,fold_after,1,13,33063,none,none,0,33063,0,33063,165315,165315,online_verify_reconstruction_units,310,533.2741935483871,13
5,14,PRIME_MERSENNE_61,2305843009213693951,prss_local_seed_dpss,local,per_party,fold_after,1,13,33063,dpss,one,1,33063,338,33401,167005,33401,online_verify_reconstruction_units,62,538.7258064516129,13
5,14,PRIME_MERSENNE_61,2305843009213693951,prss_local_seed_dpss,local,total,fold_after,1,13,33063,dpss,one,1,33063,338,33401,167005,167005,online_verify_reconstruction_units,310,538.7258064516129,13
5,14,PRIME_MERSENNE_61,2305843009213693951,prss_local_seed_naive,local,per_party,fold_after,1,13,33063,naive,one,1,33063,52,33115,165575,33115,online_verify_reconstruction_units,62,534.1129032258065,13
5,14,PRIME_MERSENNE_61,2305843009213693951,prss_local_seed_naive,local,total,fold_after,1,13,33063,naive,one,1,33063,52,33115,165575,165575,online_verify_reconstruction_units,310,534.1129032258065,13
5,14,PRIME_MERSENNE_61,2305843009213693951,prss_local_seed_dpss,local,per_party,fold_after,1,13,33063,dpss,M,5,33063,390,33453,167265,33453,online_verify_reconstruction_units,62,539.5645161290323,13
5,14,PRIME_MERSENNE_61,2305843009213693951,prss_local_seed_dpss,local,total,fold_after,1,13,33063,dpss,M,5,33063,390,33453,167265,167265,online_verify_reconstruction_units,310,539.5645161290323,13
5,14,PRIME_MERSENNE_61,2305843009213693951,prss_local_seed_naive,local,per_party,fold_after,1,13,33063,naive,M,5,33063,260,33323,166615,33323,online_verify_reconstruction_units,62,537.4677419354839,13
5,14,PRIME_MERSENNE_61,2305843009213693951,prss_local_seed_naive,local,total,fold_after,1,13,33063,naive,M,5,33063,260,33323,166615,166615,online_verify_reconstruction_units,310,537.4677419354839,13
5,14,PRIME_MERSENNE_61,2305843009213693951,prss_local_seed_dpss,local,per_party,fold_after,1,13,33063,dpss,M_squared,25,33063,650,33713,168565,33713,online_verify_reconstruction_units,62,543.758064516129,13
5,14,PRIME_MERSENNE_61,2305843009213693951,prss_local_seed_dpss,local,total,fold_after,1,13,33063,dpss,M_squared,25,33063,650,33713,168565,168565,online_verify_reconstruction_units,310,543.758064516129,13
5,14,PRIME_MERSENNE_61,2305843009213693951,prss_local_seed_naive,local,per_party,fold_after,1,13,33063,naive,M_squared,25,33063,1300,34363,171815,34363,online_verify_reconstruction_units,62,554.241935483871,13
5,14,PRIME_MERSENNE_61,2305843009213693951,prss_local_seed_naive,local,total,fold_after,1,13,33063,naive,M_squared,25,33063,1300,34363,171815,171815,online_verify_reconstruction_units,310,554.241935483871,13
5,14,PRIME_MERSENNE_61,2305843009213693951,prss_commit,commit,per_party,fold_after,1,13,33063,none,none,0,33115,0,33115,165575,33115,online_verify_reconstruction_units,62,534.1129032258065,13
5,14,PRIME_MERSENNE_61,2305843009213693951,prss_commit,commit,total,fold_after,1,13,33063,none,none,0,33115,0,33115,165575,165575,online_verify_reconstruction_units,310,534.1129032258065,13
5,14,PRIME_MERSENNE_61,2305843009213693951,prss_commit_seed_dpss,commit,per_party,fold_after,1,13,33063,dpss,one,1,33115,338,33453,167265,33453,online_verify_reconstruction_units,62,539.5645161290323,13
5,14,PRIME_MERSENNE_61,2305843009213693951,prss_commit_seed_dpss,commit,total,fold_after,1,13,33063,dpss,one,1,33115,338,33453,167265,167265,online_verify_reconstruction_units,310,539.5645161290323,13
5,14,PRIME_MERSENNE_61,2305843009213693951,prss_commit_seed_naive,commit,per_party,fold_after,1,13,33063,naive,one,1,33115,52,33167,165835,33167,online_verify_reconstruction_units,62,534.9516129032259,13
5,14,PRIME_MERSENNE_61,2305843009213693951,prss_commit_seed_naive,commit,total,fold_after,1,13,33063,naive,one,1,33115,52,33167,165835,165835,online_verify_reconstruction_units,310,534.9516129032259,13
5,14,PRIME_MERSENNE_61,2305843009213693951,prss_commit_seed_dpss,commit,per_party,fold_after,1,13,33063,dpss,M,5,33115,390,33505,167525,33505,online_verify_reconstruction_units,62,540.4032258064516,13
5,14,PRIME_MERSENNE_61,2305843009213693951,prss_commit_seed_dpss,commit,total,fold_after,1,13,33063,dpss,M,5,33115,390,33505,167525,167525,online_verify_reconstruction_units,310,540.4032258064516,13
5,14,PRIME_MERSENNE_61,2305843009213693951,prss_commit_seed_naive,commit,per_party,fold_after,1,13,33063,naive,M,5,33115,260,33375,166875,33375,online_verify_reconstruction_units,62,538.3064516129032,13
5,14,PRIME_MERSENNE_61,2305843009213693951,prss_commit_seed_naive,commit,total,fold_after,1,13,33063,naive,M,5,33115,260,33375,166875,166875,online_verify_reconstruction_units,310,538.3064516129032,13
5,14,PRIME_MERSENNE_61,2305843009213693951,prss_commit_seed_dpss,commit,per_party,fold_after,1,13,33063,dpss,M_squared,25,33115,650,33765,168825,33765,online_verify_reconstruction_units,62,544.5967741935484,13
5,14,PRIME_MERSENNE_61,2305843009213693951,prss_commit_seed_dpss,commit,total,fold_after,1,13,33063,dpss,M_squared,25,33115,650,33765,168825,168825,online_verify_reconstruction_units,310,544.5967741935484,13
5,14,PRIME_MERSENNE_61,2305843009213693951,prss_commit_seed_naive,commit,per_party,fold_after,1,13,33063,naive,M_squared,25,33115,1300,34415,172075,34415,online_verify_reconstruction_units,62,555.0806451612904,13
5,14,PRIME_MERSENNE_61,2305843009213693951,prss_commit_seed_naive,commit,total,fold_after,1,13,33063,naive,M_squared,25,33115,1300,34415,172075,172075,online_verify_reconstruction_units,310,555.0806451612904,13
5,14,PRIME_MERSENNE_61,2305843009213693951,prss_dispute,dispute,per_party,fold_after,1,13,33063,none,none,0,33219,0,33219,166095,33219,online_verify_reconstruction_units,62,535.7903225806451,13
5,14,PRIME_MERSENNE_61,2305843009213693951,prss_dispute,dispute,total,fold_after,1,13,33063,none,none,0,33219,0,33219,166095,166095,online_verify_reconstruction_units,310,535.7903225806451,13
5,14,PRIME_MERSENNE_61,2305843009213693951,prss_dispute_seed_dpss,dispute,per_party,fold_after,1,13,33063,dpss,one,1,33219,338,33557,167785,33557,online_verify_reconstruction_units,62,541.241935483871,13
5,14,PRIME_MERSENNE_61,2305843009213693951,prss_dispute_seed_dpss,dispute,total,fold_after,1,13,33063,dpss,one,1,33219,338,33557,167785,167785,online_verify_reconstruction_units,310,541.241935483871,13
5,14,PRIME_MERSENNE_61,2305843009213693951,prss_dispute_seed_naive,dispute,per_party,fold_after,1,13,33063,naive,one,1,33219,52,33271,166355,33271,online_verify_reconstruction_units,62,536.6290322580645,13
5,14,PRIME_MERSENNE_61,2305843009213693951,prss_dispute_seed_naive,dispute,total,fold_after,1,13,33063,naive,one,1,33219,52,33271,166355,166355,online_verify_reconstruction_units,310,536.6290322580645,13
5,14,PRIME_MERSENNE_61,2305843009213693951,prss_dispute_seed_dpss,dispute,per_party,fold_after,1,13,33063,dpss,M,5,33219,390,33609,168045,33609,online_verify_reconstruction_units,62,542.0806451612904,13
5,14,PRIME_MERSENNE_61,2305843009213693951,prss_dispute_seed_dpss,dispute,total,fold_after,1,13,33063,dpss,M,5,33219,390,33609,168045,168045,online_verify_reconstruction_units,310,542.0806451612904,13
5,14,PRIME_MERSENNE_61,2305843009213693951,prss_dispute_seed_naive,dispute,per_party,fold_after,1,13,33063,naive,M,5,33219,260,33479,167395,33479,online_verify_reconstruction_units,62,539.983870967742,13
5,14,PRIME_MERSENNE_61,2305843009213693951,prss_dispute_seed_naive,dispute,total,fold_after,1,13,33063,naive,M,5,33219,260,33479,167395,167395,online_verify_reconstruction_units,310,539.983870967742,13
5,14,PRIME_MERSENNE_61,2305843009213693951,prss_dispute_seed_dpss,dispute,per_party,fold_after,1,13,33063,dpss,M_squared,25,33219,650,33869,169345,33869,online_verify_reconstruction_units,62,546.2741935483871,13
5,14,PRIME_MERSENNE_61,2305843009213693951,prss_dispute_seed_dpss,dispute,total,fold_after,1,13,33063,dpss,M_squared,25,33219,650,33869,169345,169345,online_verify_reconstruction_units,310,546.2741935483871,13
5,14,PRIME_MERSENNE_61,2305843009213693951,prss_dispute_seed_naive,dispute,per_party,fold_after,1,13,33063,naive,M_squared,25,33219,1300,34519,172595,34519,online_verify_reconstruction_units,62,556.758064516129,13
5,14,PRIME_MERSENNE_61,2305843009213693951,prss_dispute_seed_naive,dispute,total,fold_after,1,13,33063,naive,M_squared,25,33219,1300,34519,172595,172595,online_verify_reconstruction_units,310,556.758064516129,13
5,14,PRIME_MERSENNE_61,2305843009213693951,naive,n/a,per_party,fold_before,0,12,65866,none,none,0,263464,0,263464,1317320,263464,online_verify_reconstruction_units,62,4249.419354838709,13
5,14,PRIME_MERSENNE_61,2305843009213693951,naive,n/a,total,fold_before,0,12,65866,none,none,0,263464,0,263464,1317320,1317320,online_verify_reconstruction_units,310,4249.419354838709,13
5,14,PRIME_MERSENNE_61,2305843009213693951,dpss_model,n/a,per_party,fold_before,0,12,65866,none,none,0,66191,0,66191,330955,66191,online_verify_reconstruction_units,62,1067.5967741935483,13
5,14,PRIME_MERSENNE_61,2305843009213693951,dpss_model,n/a,total,fold_before,0,12,65866,none,none,0,66191,0,66191,330955,330955,online_verify_reconstruction_units,310,1067.5967741935483,13
5,14,PRIME_MERSENNE_61,2305843009213693951,full_mask,n/a,per_party,fold_before,0,12,585,none,none,0,2340,0,2340,11700,2340,online_verify_reconstruction_units,62,37.74193548387097,13
5,14,PRIME_MERSENNE_61,2305843009213693951,full_mask,n/a,total,fold_before,0,12,585,none,none,0,2340,0,2340,11700,11700,online_verify_reconstruction_units,310,37.74193548387097,13
5,14,PRIME_MERSENNE_61,2305843009213693951,kernel_mask,n/a,per_party,fold_before,0,12,338,none,none,0,1352,0,1352,6760,1352,online_verify_reconstruction_units,62,21.806451612903224,13
5,14,PRIME_MERSENNE_61,2305843009213693951,kernel_mask,n/a,total,fold_before,0,12,338,none,none,0,1352,0,1352,6760,6760,online_verify_reconstruction_units,310,21.806451612903224,13
5,14,PRIME_MERSENNE_61,2305843009213693951,prss_local,local,per_party,fold_before,0,12,65866,none,none,0,65866,0,65866,329330,65866,online_verify_reconstruction_units,62,1062.3548387096773,13
5,14,PRIME_MERSENNE_61,2305843009213693951,prss_local,local,total,fold_before,0,12,65866,none,none,0,65866,0,65866,329330,329330,online_verify_reconstruction_units,310,1062.3548387096773,13
5,14,PRIME_MERSENNE_61,2305843009213693951,prss_local_seed_dpss,local,per_party,fold_before,0,12,65866,dpss,one,1,65866,338,66204,331020,66204,online_verify_reconstruction_units,62,1067.8064516129032,13
5,14,PRIME_MERSENNE_61,2305843009213693951,prss_local_seed_dpss,local,total,fold_before,0,12,65866,dpss,one,1,65866,338,66204,331020,331020,online_verify_reconstruction_units,310,1067.8064516129032,13
5,14,PRIME_MERSENNE_61,2305843009213693951,prss_local_seed_naive,local,per_party,fold_before,0,12,65866,naive,one,1,65866,52,65918,329590,65918,online_verify_reconstruction_units,62,1063.1935483870968,13
5,14,PRIME_MERSENNE_61,2305843009213693951,prss_local_seed_naive,local,total,fold_before,0,12,65866,naive,one,1,65866,52,65918,329590,329590,online_verify_reconstruction_units,310,1063.1935483870968,13
5,14,PRIME_MERSENNE_61,2305843009213693951,prss_local_seed_dpss,local,per_party,fold_before,0,12,65866,dpss,M,5,65866,390,66256,331280,66256,online_verify_reconstruction_units,62,1068.6451612903227,13
5,14,PRIME_MERSENNE_61,2305843009213693951,prss_local_seed_dpss,local,total,fold_before,0,12,65866,dpss,M,5,65866,390,66256,331280,331280,online_verify_reconstruction_units,310,1068.6451612903227,13
5,14,PRIME_MERSENNE_61,2305843009213693951,prss_local_seed_naive,local,per_party,fold_before,0,12,65866,naive,M,5,65866,260,66126,330630,66126,online_verify_reconstruction_units,62,1066.5483870967741,13
5,14,PRIME_MERSENNE_61,2305843009213693951,prss_local_seed_naive,local,total,fold_before,0,12,65866,naive,M,5,65866,260,66126,330630,330630,online_verify_reconstruction_units,310,1066.5483870967741,13
5,14,PRIME_MERSENNE_61,2305843009213693951,prss_local_seed_dpss,local,per_party,fold_before,0,12,65866,dpss,M_squared,25,65866,650,66516,332580,66516,online_verify_reconstruction_units,62,1072.8387096774193,13
5,14,PRIME_MERSENNE_61,2305843009213693951,prss_local_seed_dpss,local,total,fold_before,0,12,65866,dpss,M_squared,25,65866,650,66516,332580,332580,online_verify_reconstruction_units,310,1072.8387096774193,13
5,14,PRIME_MERSENNE_61,2305843009213693951,prss_local_seed_naive,local,per_party,fold_before,0,12,65866,naive,M_squared,25,65866,1300,67166,335830,67166,online_verify_reconstruction_units,62,1083.3225806451612,13
5,14,PRIME_MERSENNE_61,2305843009213693951,prss_local_seed_naive,local,total,fold_before,0,12,65866,naive,M_squared,25,65866,1300,67166,335830,335830,online_verify_reconstruction_units,310,1083.3225806451612,13
5,14,PRIME_MERSENNE_61,2305843009213693951,prss_commit,commit,per_party,fold_before,0,12,65866,none,none,0,65918,0,65918,329590,65918,online_verify_reconstruction_units,62,1063.1935483870968,13
5,14,PRIME_MERSENNE_61,2305843009213693951,prss_commit,commit,total,fold_before,0,12,65866,none,none,0,65918,0,65918,329590,329590,online_verify_reconstruction_units,310,1063.1935483870968,13
5,14,PRIME_MERSENNE_61,2305843009213693951,prss_commit_seed_dpss,commit,per_party,fold_before,0,12,65866,dpss,one,1,65918,338,66256,331280,66256,online_verify_reconstruction_units,62,1068.6451612903227,13
5,14,PRIME_MERSENNE_61,2305843009213693951,prss_commit_seed_dpss,commit,total,fold_before,0,12,65866,dpss,one,1,65918,338,66256,331280,331280,online_verify_reconstruction_units,310,1068.6451612903227,13
5,14,PRIME_MERSENNE_61,2305843009213693951,prss_commit_seed_naive,commit,per_party,fold_before,0,12,65866,naive,one,1,65918,52,65970,329850,65970,online_verify_reconstruction_units,62,1064.032258064516,13
5,14,PRIME_MERSENNE_61,2305843009213693951,prss_commit_seed_naive,commit,total,fold_before,0,12,65866,naive,one,1,65918,52,65970,329850,329850,online_verify_reconstruction_units,310,1064.032258064516,13
5,14,PRIME_MERSENNE_61,2305843009213693951,prss_commit_seed_dpss,commit,per_party,fold_before,0,12,65866,dpss,M,5,65918,390,66308,331540,66308,online_verify_reconstruction_units,62,1069.483870967742,13
5,14,PRIME_MERSENNE_61,2305843009213693951,prss_commit_seed_dpss,commit,total,fold_before,0,12,65866,dpss,M,5,65918,390,66308,331540,331540,online_verify_reconstruction_units,310,1069.483870967742,13
5,14,PRIME_MERSENNE_61,2305843009213693951,prss_commit_seed_naive,commit,per_party,fold_before,0,12,65866,naive,M,5,65918,260,66178,330890,66178,online_verify_reconstruction_units,62,1067.3870967741937,13
5,14,PRIME_MERSENNE_61,2305843009213693951,prss_commit_seed_naive,commit,total,fold_before,0,12,65866,naive,M,5,65918,260,66178,330890,330890,online_verify_reconstruction_units,310,1067.3870967741937,13
5,14,PRIME_MERSENNE_61,2305843009213693951,prss_commit_seed_dpss,commit,per_party,fold_before,0,12,65866,dpss,M_squared,25,65918,650,66568,332840,66568,online_verify_reconstruction_units,62,1073.6774193548388,13
5,14,PRIME_MERSENNE_61,2305843009213693951,prss_commit_seed_dpss,commit,total,fold_before,0,12,65866,dpss,M_squared,25,65918,650,66568,332840,332840,online_verify_reconstruction_units,310,1073.6774193548388,13
5,14,PRIME_MERSENNE_61,2305843009213693951,prss_commit_seed_naive,commit,per_party,fold_before,0,12,65866,naive,M_squared,25,65918,1300,67218,336090,67218,online_verify_reconstruction_units,62,1084.1612903225807,13
5,14,PRIME_MERSENNE_61,2305843009213693951,prss_commit_seed_naive,commit,total,fold_before,0,12,65866,naive,M_squared,25,65918,1300,67218,336090,336090,online_verify_reconstruction_units,310,1084.1612903225807,13
5,14,PRIME_MERSENNE_61,2305843009213693951,prss_dispute,dispute,per_party,fold_before,0,12,65866,none,none,0,66022,0,66022,330110,66022,online_verify_reconstruction_units,62,1064.8709677419354,13
5,14,PRIME_MERSENNE_61,2305843009213693951,prss_dispute,dispute,total,fold_before,0,12,65866,none,none,0,66022,0,66022,330110,330110,online_verify_reconstruction_units,310,1064.8709677419354,13
5,14,PRIME_MERSENNE_61,2305843009213693951,prss_dispute_seed_dpss,dispute,per_party,fold_before,0,12,65866,dpss,one,1,66022,338,66360,331800,66360,online_verify_reconstruction_units,62,1070.3225806451612,13
5,14,PRIME_MERSENNE_61,2305843009213693951,prss_dispute_seed_dpss,dispute,total,fold_before,0,12,65866,dpss,one,1,66022,338,66360,331800,331800,online_verify_reconstruction_units,310,1070.3225806451612,13
5,14,PRIME_MERSENNE_61,2305843009213693951,prss_dispute_seed_naive,dispute,per_party,fold_before,0,12,65866,naive,one,1,66022,52,66074,330370,66074,online_verify_reconstruction_units,62,1065.7096774193549,13
5,14,PRIME_MERSENNE_61,2305843009213693951,prss_dispute_seed_naive,dispute,total,fold_before,0,12,65866,naive,one,1,66022,52,66074,330370,330370,online_verify_reconstruction_units,310,1065.7096774193549,13
5,14,PRIME_MERSENNE_61,2305843009213693951,prss_dispute_seed_dpss,dispute,per_party,fold_before,0,12,65866,dpss,M,5,66022,390,66412,332060,66412,online_verify_reconstruction_units,62,1071.1612903225807,13
5,14,PRIME_MERSENNE_61,2305843009213693951,prss_dispute_seed_dpss,dispute,total,fold_before,0,12,65866,dpss,M,5,66022,390,66412,332060,332060,online_verify_reconstruction_units,310,1071.1612903225807,13
5,14,PRIME_MERSENNE_61,2305843009213693951,prss_dispute_seed_naive,dispute,per_party,fold_before,0,12,65866,naive,M,5,66022,260,66282,331410,66282,online_verify_reconstruction_units,62,1069.0645161290322,13
5,14,PRIME_MERSENNE_61,2305843009213693951,prss_dispute_seed_naive,dispute,total,fold_before,0,12,65866,naive,M,5,66022,260,66282,331410,331410,online_verify_reconstruction_units,310,1069.0645161290322,13
5,14,PRIME_MERSENNE_61,2305843009213693951,prss_dispute_seed_dpss,dispute,per_party,fold_before,0,12,65866,dpss,M_squared,25,66022,650,66672,333360,66672,online_verify_reconstruction_units,62,1075.3548387096773,13
5,14,PRIME_MERSENNE_61,2305843009213693951,prss_dispute_seed_dpss,dispute,total,fold_before,0,12,65866,dpss,M_squared,25,66022,650,66672,333360,333360,online_verify_reconstruction_units,310,1075.3548387096773,13
5,14,PRIME_MERSENNE_61,2305843009213693951,prss_dispute_seed_naive,dispute,per_party,fold_before,0,12,65866,naive,M_squared,25,66022,1300,67322,336610,67322,online_verify_reconstruction_units,62,1085.8387096774193,13
5,14,PRIME_MERSENNE_61,2305843009213693951,prss_dispute_seed_naive,dispute,total,fold_before,0,12,65866,naive,M_squared,25,66022,1300,67322,336610,336610,online_verify_reconstruction_units,310,1085.8387096774193,13
7,14,PRIME_MERSENNE_61,2305843009213693951,naive,n/a,per_party,fold_after,1,13,33063,none,none,0,198378,0,198378,1388646,198378,online_verify_reconstruction_units,62,3199.6451612903224,13
7,14,PRIME_MERSENNE_61,2305843009213693951,naive,n/a,total,fold_after,1,13,33063,none,none,0,198378,0,198378,1388646,1388646,online_verify_reconstruction_units,434,3199.6451612903224,13
7,14,PRIME_MERSENNE_61,2305843009213693951,dpss_model,n/a,per_party,fold_after,1,13,33063,none,none,0,33700,0,33700,235900,33700,online_verify_reconstruction_units,62,543.5483870967741,13
7,14,PRIME_MERSENNE_61,2305843009213693951,dpss_model,n/a,total,fold_after,1,13,33063,none,none,0,33700,0,33700,235900,235900,online_verify_reconstruction_units,434,543.5483870967741,13
7,14,PRIME_MERSENNE_61,2305843009213693951,full_mask,n/a,per_party,fold_after,1,13,585,none,none,0,3510,0,3510,24570,3510,online_verify_reconstruction_units,62,56.61290322580645,13
7,14,PRIME_MERSENNE_61,2305843009213693951,full_mask,n/a,total,fold_after,1,13,585,none,none,0,3510,0,3510,24570,24570,online_verify_reconstruction_units,434,56.61290322580645,13
7,14,PRIME_MERSENNE_61,2305843009213693951,kernel_mask,n/a,per_party,fold_after,1,13,299,none,none,0,1794,0,1794,12558,1794,online_verify_reconstruction_units,62,28.93548387096774,13
7,14,PRIME_MERSENNE_61,2305843009213693951,kernel_mask,n/a,total,fold_after,1,13,299,none,none,0,1794,0,1794,12558,12558,online_verify_reconstruction_units,434,28.93548387096774,13
7,14,PRIME_MERSENNE_61,2305843009213693951,prss_local,local,per_party,fold_after,1,13,33063,none,none,0,33063,0,33063,231441,33063,online_verify_reconstruction_units,62,533.2741935483871,13
7,14,PRIME_MERSENNE_61,2305843009213693951,prss_local,local,total,fold_after,1,13,33063,none,none,0,33063,0,33063,231441,231441,online_verify_reconstruction_units,434,533.2741935483871,13
7,14,PRIME_MERSENNE_61,2305843009213693951,prss_local_seed_dpss,local,per_party,fold_after,1,13,33063,dpss,one,1,33063,650,33713,235991,33713,online_verify_reconstruction_units,62,543.758064516129,13
7,14,PRIME_MERSENNE_61,2305843009213693951,prss_local_seed_dpss,local,total,fold_after,1,13,33063,dpss,one,1,33063,650,33713,235991,235991,online_verify_reconstruction_units,434,543.758064516129,13
7,14,PRIME_MERSENNE_61,2305843009213693951,prss_local_seed_naive,local,per_party,fold_after,1,13,33063,naive,one,1,33063,78,33141,231987,33141,online_verify_reconstruction_units,62,534.5322580645161,13
7,14,PRIME_MERSENNE_61,2305843009213693951,prss_local_seed_naive,local,total,fold_after,1,13,33063,naive,one,1,33063,78,33141,231987,231987,online_verify_reconstruction_units,434,534.5322580645161,13
7,14,PRIME_MERSENNE_61,2305843009213693951,prss_local_seed_dpss,local,per_party,fold_after,1,13,33063,dpss,M,7,33063,728,33791,236537,33791,online_verify_reconstruction_units,62,545.016129032258,13
7,14,PRIME_MERSENNE_61,2305843009213693951,prss_local_seed_dpss,local,total,fold_after,1,13,33063,dpss,M,7,33063,728,33791,236537,236537,online_verify_reconstruction_units,434,545.016129032258,13
7,14,PRIME_MERSENNE_61,2305843009213693951,prss_local_seed_naive,local,per_party,fold_after,1,13,33063,naive,M,7,33063,546,33609,235263,33609,online_verify_reconstruction_units,62,542.0806451612904,13
7,14,PRIME_MERSENNE_61,2305843009213693951,prss_local_seed_naive,local,total,fold_after,1,13,33063,naive,M,7,33063,546,33609,235263,235263,online_verify_reconstruction_units,434,542.0806451612904,13
7,14,PRIME_MERSENNE_61,2305843009213693951,prss_local_seed_dpss,local,per_party,fold_after,1,13,33063,dpss,M_squared,49,33063,1274,34337,240359,34337,online_verify_reconstruction_units,62,553.8225806451613,13
7,14,PRIME_MERSENNE_61,2305843009213693951,prss_local_seed_dpss,local,total,fold_after,1,13,33063,dpss,M_squared,49,33063,1274,34337,240359,240359,online_verify_reconstruction_units,434,553.8225806451613,13
7,14,PRIME_MERSENNE_61,2305843009213693951,prss_local_seed_naive,local,per_party,fold_after,1,13,33063,naive,M_squared,49,33063,3822,36885,258195,36885,online_verify_reconstruction_units,62,594.9193548387096,13
7,14,PRIME_MERSENNE_61,2305843009213693951,prss_local_seed_naive,local,total,fold_after,1,13,33063,naive,M_squared,49,33063,3822,36885,258195,258195,online_verify_reconstruction_units,434,594.9193548387096,13
7,14,PRIME_MERSENNE_61,2305843009213693951,prss_commit,commit,per_party,fold_after,1,13,33063,none,none,0,33141,0,33141,231987,33141,online_verify_reconstruction_units,62,534.5322580645161,13
7,14,PRIME_MERSENNE_61,2305843009213693951,prss_commit,commit,total,fold_after,1,13,33063,none,none,0,33141,0,33141,231987,231987,online_verify_reconstruction_units,434,534.5322580645161,13
7,14,PRIME_MERSENNE_61,2305843009213693951,prss_commit_seed_dpss,commit,per_party,fold_after,1,13,33063,dpss,one,1,33141,650,33791,236537,33791,online_verify_reconstruction_units,62,545.016129032258,13
7,14,PRIME_MERSENNE_61,2305843009213693951,prss_commit_seed_dpss,commit,total,fold_after,1,13,33063,dpss,one,1,33141,650,33791,236537,236537,online_verify_reconstruction_units,434,545.016129032258,13
7,14,PRIME_MERSENNE_61,2305843009213693951,prss_commit_seed_naive,commit,per_party,fold_after,1,13,33063,naive,one,1,33141,78,33219,232533,33219,online_verify_reconstruction_units,62,535.7903225806451,13
7,14,PRIME_MERSENNE_61,2305843009213693951,prss_commit_seed_naive,commit,total,fold_after,1,13,33063,naive,one,1,33141,78,33219,232533,232533,online_verify_reconstruction_units,434,535.7903225806451,13
7,14,PRIME_MERSENNE_61,2305843009213693951,prss_commit_seed_dpss,commit,per_party,fold_after,1,13,33063,dpss,M,7,33141,728,33869,237083,33869,online_verify_reconstruction_units,62,546.2741935483871,13
7,14,PRIME_MERSENNE_61,2305843009213693951,prss_commit_seed_dpss,commit,total,fold_after,1,13,33063,dpss,M,7,33141,728,33869,237083,237083,online_verify_reconstruction_units,434,546.2741935483871,13
7,14,PRIME_MERSENNE_61,2305843009213693951,prss_commit_seed_naive,commit,per_party,fold_after,1,13,33063,naive,M,7,33141,546,33687,235809,33687,online_verify_reconstruction_units,62,543.3387096774194,13
7,14,PRIME_MERSENNE_61,2305843009213693951,prss_commit_seed_naive,commit,total,fold_after,1,13,33063,naive,M,7,33141,546,33687,235809,235809,online_verify_reconstruction_units,434,543.3387096774194,13
7,14,PRIME_MERSENNE_61,2305843009213693951,prss_commit_seed_dpss,commit,per_party,fold_after,1,13,33063,dpss,M_squared,49,33141,1274,34415,240905,34415,online_verify_reconstruction_units,62,555.0806451612904,13
7,14,PRIME_MERSENNE_61,2305843009213693951,prss_commit_seed_dpss,commit,total,fold_after,1,13,33063,dpss,M_squared,49,33141,1274,34415,240905,240905,online_verify_reconstruction_units,434,555.0806451612904,13
7,14,PRIME_MERSENNE_61,2305843009213693951,prss_commit_seed_naive,commit,per_party,fold_after,1,13,33063,naive,M_squared,49,33141,3822,36963,258741,36963,online_verify_reconstruction_units,62,596.1774193548387,13
7,14,PRIME_MERSENNE_61,2305843009213693951,prss_commit_seed_naive,commit,total,fold_after,1,13,33063,naive,M_squared,49,33141,3822,36963,258741,258741,online_verify_reconstruction_units,434,596.1774193548387,13
7,14,PRIME_MERSENNE_61,2305843009213693951,prss_dispute,dispute,per_party,fold_after,1,13,33063,none,none,0,33297,0,33297,233079,33297,online_verify_reconstruction_units,62,537.0483870967741,13
7,14,PRIME_MERSENNE_61,2305843009213693951,prss_dispute,dispute,total,fold_after,1,13,33063,none,none,0,33297,0,33297,233079,233079,online_verify_reconstruction_units,434,537.0483870967741,13
7,14,PRIME_MERSENNE_61,2305843009213693951,prss_dispute_seed_dpss,dispute,per_party,fold_after,1,13,33063,dpss,one,1,33297,650,33947,237629,33947,online_verify_reconstruction_units,62,547.5322580645161,13
7,14,PRIME_MERSENNE_61,2305843009213693951,prss_dispute_seed_dpss,dispute,total,fold_after,1,13,33063,dpss,one,1,33297,650,33947,237629,237629,online_verify_reconstruction_units,434,547.5322580645161,13
7,14,PRIME_MERSENNE_61,2305843009213693951,prss_dispute_seed_naive,dispute,per_party,fold_after,1,13,33063,naive,one,1,33297,78,33375,233625,33375,online_verify_reconstruction_units,62,538.3064516129032,13
7,14,PRIME_MERSENNE_61,2305843009213693951,prss_dispute_seed_naive,dispute,total,fold_after,1,13,33063,naive,one,1,33297,78,33375,233625,233625,online_verify_reconstruction_units,434,538.3064516129032,13
7,14,PRIME_MERSENNE_61,2305843009213693951,prss_dispute_seed_dpss,dispute,per_party,fold_after,1,13,33063,dpss,M,7,33297,728,34025,238175,34025,online_verify_reconstruction_units,62,548.7903225806451,13
7,14,PRIME_MERSENNE_61,2305843009213693951,prss_dispute_seed_dpss,dispute,total,fold_after,1,13,33063,dpss,M,7,33297,728,34025,238175,238175,online_verify_reconstruction_units,434,548.7903225806451,13
7,14,PRIME_MERSENNE_61,2305843009213693951,prss_dispute_seed_naive,dispute,per_party,fold_after,1,13,33063,naive,M,7,33297,546,33843,236901,33843,online_verify_reconstruction_units,62,545.8548387096774,13
7,14,PRIME_MERSENNE_61,2305843009213693951,prss_dispute_seed_naive,dispute,total,fold_after,1,13,33063,naive,M,7,33297,546,33843,236901,236901,online_verify_reconstruction_units,434,545.8548387096774,13
7,14,PRIME_MERSENNE_61,2305843009213693951,prss_dispute_seed_dpss,dispute,per_party,fold_after,1,13,33063,dpss,M_squared,49,33297,1274,34571,241997,34571,online_verify_reconstruction_units,62,557.5967741935484,13
7,14,PRIME_MERSENNE_61,2305843009213693951,prss_dispute_seed_dpss,dispute,total,fold_after,1,13,33063,dpss,M_squared,49,33297,1274,34571,241997,241997,online_verify_reconstruction_units,434,557.5967741935484,13
7,14,PRIME_MERSENNE_61,2305843009213693951,prss_dispute_seed_naive,dispute,per_party,fold_after,1,13,33063,naive,M_squared,49,33297,3822,37119,259833,37119,online_verify_reconstruction_units,62,598.6935483870968,13
7,14,PRIME_MERSENNE_61,2305843009213693951,prss_dispute_seed_naive,dispute,total,fold_after,1,13,33063,naive,M_squared,49,33297,3822,37119,259833,259833,online_verify_reconstruction_units,434,598.6935483870968,13
7,14,PRIME_MERSENNE_61,2305843009213693951,naive,n/a,per_party,fold_before,0,12,65866,none,none,0,395196,0,395196,2766372,395196,online_verify_reconstruction_units,62,6374.129032258064,13
7,14,PRIME_MERSENNE_61,2305843009213693951,naive,n/a,total,fold_before,0,12,65866,none,none,0,395196,0,395196,2766372,2766372,online_verify_reconstruction_units,434,6374.129032258064,13
7,14,PRIME_MERSENNE_61,2305843009213693951,dpss_model,n/a,per_party,fold_before,0,12,65866,none,none,0,66503,0,66503,465521,66503,online_verify_reconstruction_units,62,1072.6290322580646,13
7,14,PRIME_MERSENNE_61,2305843009213693951,dpss_model,n/a,total,fold_before,0,12,65866,none,none,0,66503,0,66503,465521,465521,online_verify_reconstruction_units,434,1072.6290322580646,13
7,14,PRIME_MERSENNE_61,2305843009213693951,full_mask,n/a,per_party,fold_before,0,12,585,none,none,0,3510,0,3510,24570,3510,online_verify_reconstruction_units,62,56.61290322580645,13
7,14,PRIME_MERSENNE_61,2305843009213693951,full_mask,n/a,total,fold_before,0,12,585,none,none,0,3510,0,3510,24570,24570,online_verify_reconstruction_units,434,56.61290322580645,13
7,14,PRIME_MERSENNE_61,2305843009213693951,kernel_mask,n/a,per_party,fold_before,0,12,338,none,none,0,2028,0,2028,14196,2028,online_verify_reconstruction_units,62,32.70967741935484,13
7,14,PRIME_MERSENNE_61,2305843009213693951,kernel_mask,n/a,total,fold_before,0,12,338,none,none,0,2028,0,2028,14196,14196,online_verify_reconstruction_units,434,32.70967741935484,13
7,14,PRIME_MERSENNE_61,2305843009213693951,prss_local,local,per_party,fold_before,0,12,65866,none,none,0,65866,0,65866,461062,65866,online_verify_reconstruction_units,62,1062.3548387096773,13
7,14,PRIME_MERSENNE_61,2305843009213693951,prss_local,local,total,fold_before,0,12,65866,none,none,0,65866,0,65866,461062,461062,online_verify_reconstruction_units,434,1062.3548387096773,13
7,14,PRIME_MERSENNE_61,2305843009213693951,prss_local_seed_dpss,local,per_party,fold_before,0,12,65866,dpss,one,1,65866,650,66516,465612,66516,online_verify_reconstruction_units,62,1072.8387096774193,13
7,14,PRIME_MERSENNE_61,2305843009213693951,prss_local_seed_dpss,local,total,fold_before,0,12,65866,dpss,one,1,65866,650,66516,465612,465612,online_verify_reconstruction_units,434,1072.8387096774193,13
7,14,PRIME_MERSENNE_61,2305843009213693951,prss_local_seed_naive,local,per_party,fold_before,0,12,65866,naive,one,1,65866,78,65944,461608,65944,online_verify_reconstruction_units,62,1063.6129032258063,13
7,14,PRIME_MERSENNE_61,2305843009213693951,prss_local_seed_naive,local,total,fold_before,0,12,65866,naive,one,1,65866,78,65944,461608,461608,online_verify_reconstruction_units,434,1063.6129032258063,13
7,14,PRIME_MERSENNE_61,2305843009213693951,prss_local_seed_dpss,local,per_party,fold_before,0,12,65866,dpss,M,7,65866,728,66594,466158,66594,online_verify_reconstruction_units,62,1074.0967741935483,13
7,14,PRIME_MERSENNE_61,2305843009213693951,prss_local_seed_dpss,local,total,fold_before,0,12,65866,dpss,M,7,65866,728,66594,466158,466158,online_verify_reconstruction_units,434,1074.0967741935483,13
7,14,PRIME_MERSENNE_61,2305843009213693951,prss_local_seed_naive,local,per_party,fold_before,0,12,65866,naive,M,7,65866,546,66412,464884,66412,online_verify_reconstruction_units,62,1071.1612903225807,13
7,14,PRIME_MERSENNE_61,2305843009213693951,prss_local_seed_naive,local,total,fold_before,0,12,65866,naive,M,7,65866,546,66412,464884,464884,online_verify_reconstruction_units,434,1071.1612903225807,13
7,14,PRIME_MERSENNE_61,2305843009213693951,prss_local_seed_dpss,local,per_party,fold_before,0,12,65866,dpss,M_squared,49,65866,1274,67140,469980,67140,online_verify_reconstruction_units,62,1082.9032258064517,13
7,14,PRIME_MERSENNE_61,2305843009213693951,prss_local_seed_dpss,local,total,fold_before,0,12,65866,dpss,M_squared,49,65866,1274,67140,469980,469980,online_verify_reconstruction_units,434,1082.9032258064517,13
7,14,PRIME_MERSENNE_61,2305843009213693951,prss_local_seed_naive,local,per_party,fold_before,0,12,65866,naive,M_squared,49,65866,3822,69688,487816,69688,online_verify_reconstruction_units,62,1124.0,13
7,14,PRIME_MERSENNE_61,2305843009213693951,prss_local_seed_naive,local,total,fold_before,0,12,65866,naive,M_squared,49,65866,3822,69688,487816,487816,online_verify_reconstruction_units,434,1124.0,13
7,14,PRIME_MERSENNE_61,2305843009213693951,prss_commit,commit,per_party,fold_before,0,12,65866,none,none,0,65944,0,65944,461608,65944,online_verify_reconstruction_units,62,1063.6129032258063,13
7,14,PRIME_MERSENNE_61,2305843009213693951,prss_commit,commit,total,fold_before,0,12,65866,none,none,0,65944,0,65944,461608,461608,online_verify_reconstruction_units,434,1063.6129032258063,13
7,14,PRIME_MERSENNE_61,2305843009213693951,prss_commit_seed_dpss,commit,per_party,fold_before,0,12,65866,dpss,one,1,65944,650,66594,466158,66594,online_verify_reconstruction_units,62,1074.0967741935483,13
7,14,PRIME_MERSENNE_61,2305843009213693951,prss_commit_seed_dpss,commit,total,fold_before,0,12,65866,dpss,one,1,65944,650,66594,466158,466158,online_verify_reconstruction_units,434,1074.0967741935483,13
7,14,PRIME_MERSENNE_61,2305843009213693951,prss_commit_seed_naive,commit,per_party,fold_before,0,12,65866,naive,one,1,65944,78,66022,462154,66022,online_verify_reconstruction_units,62,1064.8709677419354,13
7,14,PRIME_MERSENNE_61,2305843009213693951,prss_commit_seed_naive,commit,total,fold_before,0,12,65866,naive,one,1,65944,78,66022,462154,462154,online_verify_reconstruction_units,434,1064.8709677419354,13
7,14,PRIME_MERSENNE_61,2305843009213693951,prss_commit_seed_dpss,commit,per_party,fold_before,0,12,65866,dpss,M,7,65944,728,66672,466704,66672,online_verify_reconstruction_units,62,1075.3548387096773,13
7,14,PRIME_MERSENNE_61,2305843009213693951,prss_commit_seed_dpss,commit,total,fold_before,0,12,65866,dpss,M,7,65944,728,66672,466704,466704,online_verify_reconstruction_units,434,1075.3548387096773,13
7,14,PRIME_MERSENNE_61,2305843009213693951,prss_commit_seed_naive,commit,per_party,fold_before,0,12,65866,naive,M,7,65944,546,66490,465430,66490,online_verify_reconstruction_units,62,1072.4193548387098,13
7,14,PRIME_MERSENNE_61,2305843009213693951,prss_commit_seed_naive,commit,total,fold_before,0,12,65866,naive,M,7,65944,546,66490,465430,465430,online_verify_reconstruction_units,434,1072.4193548387098,13
7,14,PRIME_MERSENNE_61,2305843009213693951,prss_commit_seed_dpss,commit,per_party,fold_before,0,12,65866,dpss,M_squared,49,65944,1274,67218,470526,67218,online_verify_reconstruction_units,62,1084.1612903225807,13
7,14,PRIME_MERSENNE_61,2305843009213693951,prss_commit_seed_dpss,commit,total,fold_before,0,12,65866,dpss,M_squared,49,65944,1274,67218,470526,470526,online_verify_reconstruction_units,434,1084.1612903225807,13
7,14,PRIME_MERSENNE_61,2305843009213693951,prss_commit_seed_naive,commit,per_party,fold_before,0,12,65866,naive,M_squared,49,65944,3822,69766,488362,69766,online_verify_reconstruction_units,62,1125.258064516129,13
7,14,PRIME_MERSENNE_61,2305843009213693951,prss_commit_seed_naive,commit,total,fold_before,0,12,65866,naive,M_squared,49,65944,3822,69766,488362,488362,online_verify_reconstruction_units,434,1125.258064516129,13
7,14,PRIME_MERSENNE_61,2305843009213693951,prss_dispute,dispute,per_party,fold_before,0,12,65866,none,none,0,66100,0,66100,462700,66100,online_verify_reconstruction_units,62,1066.1290322580646,13
7,14,PRIME_MERSENNE_61,2305843009213693951,prss_dispute,dispute,total,fold_before,0,12,65866,none,none,0,66100,0,66100,462700,462700,online_verify_reconstruction_units,434,1066.1290322580646,13
7,14,PRIME_MERSENNE_61,2305843009213693951,prss_dispute_seed_dpss,dispute,per_party,fold_before,0,12,65866,dpss,one,1,66100,650,66750,467250,66750,online_verify_reconstruction_units,62,1076.6129032258063,13
7,14,PRIME_MERSENNE_61,2305843009213693951,prss_dispute_seed_dpss,dispute,total,fold_before,0,12,65866,dpss,one,1,66100,650,66750,467250,467250,online_verify_reconstruction_units,434,1076.6129032258063,13
7,14,PRIME_MERSENNE_61,2305843009213693951,prss_dispute_seed_naive,dispute,per_party,fold_before,0,12,65866,naive,one,1,66100,78,66178,463246,66178,online_verify_reconstruction_units,62,1067.3870967741937,13
7,14,PRIME_MERSENNE_61,2305843009213693951,prss_dispute_seed_naive,dispute,total,fold_before,0,12,65866,naive,one,1,66100,78,66178,463246,463246,online_verify_reconstruction_units,434,1067.3870967741937,13
7,14,PRIME_MERSENNE_61,2305843009213693951,prss_dispute_seed_dpss,dispute,per_party,fold_before,0,12,65866,dpss,M,7,66100,728,66828,467796,66828,online_verify_reconstruction_units,62,1077.8709677419354,13
7,14,PRIME_MERSENNE_61,2305843009213693951,prss_dispute_seed_dpss,dispute,total,fold_before,0,12,65866,dpss,M,7,66100,728,66828,467796,467796,online_verify_reconstruction_units,434,1077.8709677419354,13
7,14,PRIME_MERSENNE_61,2305843009213693951,prss_dispute_seed_naive,dispute,per_party,fold_before,0,12,65866,naive,M,7,66100,546,66646,466522,66646,online_verify_reconstruction_units,62,1074.9354838709678,13
7,14,PRIME_MERSENNE_61,2305843009213693951,prss_dispute_seed_naive,dispute,total,fold_before,0,12,65866,naive,M,7,66100,546,66646,466522,466522,online_verify_reconstruction_units,434,1074.9354838709678,13
7,14,PRIME_MERSENNE_61,2305843009213693951,prss_dispute_seed_dpss,dispute,per_party,fold_before,0,12,65866,dpss,M_squared,49,66100,1274,67374,471618,67374,online_verify_reconstruction_units,62,1086.6774193548388,13
7,14,PRIME_MERSENNE_61,2305843009213693951,prss_dispute_seed_dpss,dispute,total,fold_before,0,12,65866,dpss,M_squared,49,66100,1274,67374,471618,471618,online_verify_reconstruction_units,434,1086.6774193548388,13
7,14,PRIME_MERSENNE_61,2305843009213693951,prss_dispute_seed_naive,dispute,per_party,fold_before,0,12,65866,naive,M_squared,49,66100,3822,69922,489454,69922,online_verify_reconstruction_units,62,1127.774193548387,13
7,14,PRIME_MERSENNE_61,2305843009213693951,prss_dispute_seed_naive,dispute,total,fold_before,0,12,65866,naive,M_squared,49,66100,3822,69922,489454,489454,online_verify_reconstruction_units,434,1127.774193548387,13
9,14,PRIME_MERSENNE_61,2305843009213693951,naive,n/a,per_party,fold_after,1,13,33063,none,none,0,264504,0,264504,2380536,264504,online_verify_reconstruction_units,62,4266.193548387097,13
9,14,PRIME_MERSENNE_61,2305843009213693951,naive,n/a,total,fold_after,1,13,33063,none,none,0,264504,0,264504,2380536,2380536,online_verify_reconstruction_units,558,4266.193548387097,13
9,14,PRIME_MERSENNE_61,2305843009213693951,dpss_model,n/a,per_party,fold_after,1,13,33063,none,none,0,34116,0,34116,307044,34116,online_verify_reconstruction_units,62,550.258064516129,13
9,14,PRIME_MERSENNE_61,2305843009213693951,dpss_model,n/a,total,fold_after,1,13,33063,none,none,0,34116,0,34116,307044,307044,online_verify_reconstruction_units,558,550.258064516129,13
9,14,PRIME_MERSENNE_61,2305843009213693951,full_mask,n/a,per_party,fold_after,1,13,585,none,none,0,4680,0,4680,42120,4680,online_verify_reconstruction_units,62,75.48387096774194,13
9,14,PRIME_MERSENNE_61,2305843009213693951,full_mask,n/a,total,fold_after,1,13,585,none,none,0,4680,0,4680,42120,42120,online_verify_reconstruction_units,558,75.48387096774194,13
9,14,PRIME_MERSENNE_61,2305843009213693951,kernel_mask,n/a,per_party,fold_after,1,13,299,none,none,0,2392,0,2392,21528,2392,online_verify_reconstruction_units,62,38.58064516129032,13
9,14,PRIME_MERSENNE_61,2305843009213693951,kernel_mask,n/a,total,fold_after,1,13,299,none,none,0,2392,0,2392,21528,21528,online_verify_reconstruction_units,558,38.58064516129032,13
9,14,PRIME_MERSENNE_61,2305843009213693951,prss_local,local,per_party,fold_after,1,13,33063,none,none,0,33063,0,33063,297567,33063,online_verify_reconstruction_units,62,533.2741935483871,13
9,14,PRIME_MERSENNE_61,2305843009213693951,prss_local,local,total,fold_after,1,13,33063,none,none,0,33063,0,33063,297567,297567,online_verify_reconstruction_units,558,533.2741935483871,13
9,14,PRIME_MERSENNE_61,2305843009213693951,prss_local_seed_dpss,local,per_party,fold_after,1,13,33063,dpss,one,1,33063,1066,34129,307161,34129,online_verify_reconstruction_units,62,550.4677419354839,13
9,14,PRIME_MERSENNE_61,2305843009213693951,prss_local_seed_dpss,local,total,fold_after,1,13,33063,dpss,one,1,33063,1066,34129,307161,307161,online_verify_reconstruction_units,558,550.4677419354839,13
9,14,PRIME_MERSENNE_61,2305843009213693951,prss_local_seed_naive,local,per_party,fold_after,1,13,33063,naive,one,1,33063,104,33167,298503,33167,online_verify_reconstruction_units,62,534.9516129032259,13
9,14,PRIME_MERSENNE_61,2305843009213693951,prss_local_seed_naive,local,total,fold_after,1,13,33063,naive,one,1,33063,104,33167,298503,298503,online_verify_reconstruction_units,558,534.9516129032259,13
9,14,PRIME_MERSENNE_61,2305843009213693951,prss_local_seed_dpss,local,per_party,fold_after,1,13,33063,dpss,M,9,33063,1170,34233,308097,34233,online_verify_reconstruction_units,62,552.1451612903226,13
9,14,PRIME_MERSENNE_61,2305843009213693951,prss_local_seed_dpss,local,total,fold_after,1,13,33063,dpss,M,9,33063,1170,34233,308097,308097,online_verify_reconstruction_units,558,552.1451612903226,13
9,14,PRIME_MERSENNE_61,2305843009213693951,prss_local_seed_naive,local,per_party,fold_after,1,13,33063,naive,M,9,33063,936,33999,305991,33999,online_verify_reconstruction_units,62,548.3709677419355,13
9,14,PRIME_MERSENNE_61,2305843009213693951,prss_local_seed_naive,local,total,fold_after,1,13,33063,naive,M,9,33063,936,33999,305991,305991,online_verify_reconstruction_units,558,548.3709677419355,13
9,14,PRIME_MERSENNE_61,2305843009213693951,prss_local_seed_dpss,local,per_party,fold_after,1,13,33063,dpss,M_squared,81,33063,2106,35169,316521,35169,online_verify_reconstruction_units,62,567.241935483871,13
9,14,PRIME_MERSENNE_61,2305843009213693951,prss_local_seed_dpss,local,total,fold_after,1,13,33063,dpss,M_squared,81,33063,2106,35169,316521,316521,online_verify_reconstruction_units,558,567.241935483871,13
9,14,PRIME_MERSENNE_61,2305843009213693951,prss_local_seed_naive,local,per_party,fold_after,1,13,33063,naive,M_squared,81,33063,8424,41487,373383,41487,online_verify_reconstruction_units,62,669.1451612903226,13
9,14,PRIME_MERSENNE_61,2305843009213693951,prss_local_seed_naive,local,total,fold_after,1,13,33063,naive,M_squared,81,33063,8424,41487,373383,373383,online_verify_reconstruction_units,558,669.1451612903226,13
9,14,PRIME_MERSENNE_61,2305843009213693951,prss_commit,commit,per_party,fold_after,1,13,33063,none,none,0,33167,0,33167,298503,33167,online_verify_reconstruction_units,62,534.9516129032259,13
9,14,PRIME_MERSENNE_61,2305843009213693951,prss_commit,commit,total,fold_after,1,13,33063,none,none,0,33167,0,33167,298503,298503,online_verify_reconstruction_units,558,534.9516129032259,13
9,14,PRIME_MERSENNE_61,2305843009213693951,prss_commit_seed_dpss,commit,per_party,fold_after,1,13,33063,dpss,one,1,33167,1066,34233,308097,34233,online_verify_reconstruction_units,62,552.1451612903226,13
9,14,PRIME_MERSENNE_61,2305843009213693951,prss_commit_seed_dpss,commit,total,fold_after,1,13,33063,dpss,one,1,33167,1066,34233,308097,308097,online_verify_reconstruction_units,558,552.1451612903226,13
9,14,PRIME_MERSENNE_61,2305843009213693951,prss_commit_seed_naive,commit,per_party,fold_after,1,13,33063,naive,one,1,33167,104,33271,299439,33271,online_verify_reconstruction_units,62,536.6290322580645,13
9,14,PRIME_MERSENNE_61,2305843009213693951,prss_commit_seed_naive,commit,total,fold_after,1,13,33063,naive,one,1,33167,104,33271,299439,299439,online_verify_reconstruction_units,558,536.6290322580645,13
9,14,PRIME_MERSENNE_61,2305843009213693951,prss_commit_seed_dpss,commit,per_party,fold_after,1,13,33063,dpss,M,9,33167,1170,34337,309033,34337,online_verify_reconstruction_units,62,553.8225806451613,13
9,14,PRIME_MERSENNE_61,2305843009213693951,prss_commit_seed_dpss,commit,total,fold_after,1,13,33063,dpss,M,9,33167,1170,34337,309033,309033,online_verify_reconstruction_units,558,553.8225806451613,13
9,14,PRIME_MERSENNE_61,2305843009213693951,prss_commit_seed_naive,commit,per_party,fold_after,1,13,33063,naive,M,9,33167,936,34103,306927,34103,online_verify_reconstruction_units,62,550.0483870967741,13
9,14,PRIME_MERSENNE_61,2305843009213693951,prss_commit_seed_naive,commit,total,fold_after,1,13,33063,naive,M,9,33167,936,34103,306927,306927,online_verify_reconstruction_units,558,550.0483870967741,13
9,14,PRIME_MERSENNE_61,2305843009213693951,prss_commit_seed_dpss,commit,per_party,fold_after,1,13,33063,dpss,M_squared,81,33167,2106,35273,317457,35273,online_verify_reconstruction_units,62,568.9193548387096,13
9,14,PRIME_MERSENNE_61,2305843009213693951,prss_commit_seed_dpss,commit,total,fold_after,1,13,33063,dpss,M_squared,81,33167,2106,35273,317457,317457,online_verify_reconstruction_units,558,568.9193548387096,13
9,14,PRIME_MERSENNE_61,2305843009213693951,prss_commit_seed_naive,commit,per_party,fold_after,1,13,33063,naive,M_squared,81,33167,8424,41591,374319,41591,online_verify_reconstruction_units,62,670.8225806451613,13
9,14,PRIME_MERSENNE_61,2305843009213693951,prss_commit_seed_naive,commit,total,fold_after,1,13,33063,naive,M_squared,81,33167,8424,41591,374319,374319,online_verify_reconstruction_units,558,670.8225806451613,13
9,14,PRIME_MERSENNE_61,2305843009213693951,prss_dispute,dispute,per_party,fold_after,1,13,33063,none,none,0,33479,0,33479,301311,33479,online_verify_reconstruction_units,62,539.983870967742,13
9,14,PRIME_MERSENNE_61,2305843009213693951,prss_dispute,dispute,total,fold_after,1,13,33063,none,none,0,33479,0,33479,301311,301311,online_verify_reconstruction_units,558,539.983870967742,13
9,14,PRIME_MERSENNE_61,2305843009213693951,prss_dispute_seed_dpss,dispute,per_party,fold_after,1,13,33063,dpss,one,1,33479,1066,34545,310905,34545,online_verify_reconstruction_units,62,557.1774193548387,13
9,14,PRIME_MERSENNE_61,2305843009213693951,prss_dispute_seed_dpss,dispute,total,fold_after,1,13,33063,dpss,one,1,33479,1066,34545,310905,310905,online_verify_reconstruction_units,558,557.1774193548387,13
9,14,PRIME_MERSENNE_61,2305843009213693951,prss_dispute_seed_naive,dispute,per_party,fold_after,1,13,33063,naive,one,1,33479,104,33583,302247,33583,online_verify_reconstruction_units,62,541.6612903225806,13
9,14,PRIME_MERSENNE_61,2305843009213693951,prss_dispute_seed_naive,dispute,total,fold_after,1,13,33063,naive,one,1,33479,104,33583,302247,302247,online_verify_reconstruction_units,558,541.6612903225806,13
9,14,PRIME_MERSENNE_61,2305843009213693951,prss_dispute_seed_dpss,dispute,per_party,fold_after,1,13,33063,dpss,M,9,33479,1170,34649,311841,34649,online_verify_reconstruction_units,62,558.8548387096774,13
9,14,PRIME_MERSENNE_61,2305843009213693951,prss_dispute_seed_dpss,dispute,total,fold_after,1,13,33063,dpss,M,9,33479,1170,34649,311841,311841,online_verify_reconstruction_units,558,558.8548387096774,13
9,14,PRIME_MERSENNE_61,2305843009213693951,prss_dispute_seed_naive,dispute,per_party,fold_after,1,13,33063,naive,M,9,33479,936,34415,309735,34415,online_verify_reconstruction_units,62,555.0806451612904,13
9,14,PRIME_MERSENNE_61,2305843009213693951,prss_dispute_seed_naive,dispute,total,fold_after,1,13,33063,naive,M,9,33479,936,34415,309735,309735,online_verify_reconstruction_units,558,555.0806451612904,13
9,14,PRIME_MERSENNE_61,2305843009213693951,prss_dispute_seed_dpss,dispute,per_party,fold_after,1,13,33063,dpss,M_squared,81,33479,2106,35585,320265,35585,online_verify_reconstruction_units,62,573.9516129032259,13
9,14,PRIME_MERSENNE_61,2305843009213693951,prss_dispute_seed_dpss,dispute,total,fold_after,1,13,33063,dpss,M_squared,81,33479,2106,35585,320265,320265,online_verify_reconstruction_units,558,573.9516129032259,13
9,14,PRIME_MERSENNE_61,2305843009213693951,prss_dispute_seed_naive,dispute,per_party,fold_after,1,13,33063,naive,M_squared,81,33479,8424,41903,377127,41903,online_verify_reconstruction_units,62,675.8548387096774,13
9,14,PRIME_MERSENNE_61,2305843009213693951,prss_dispute_seed_naive,dispute,total,fold_after,1,13,33063,naive,M_squared,81,33479,8424,41903,377127,377127,online_verify_reconstruction_units,558,675.8548387096774,13
9,14,PRIME_MERSENNE_61,2305843009213693951,naive,n/a,per_party,fold_before,0,12,65866,none,none,0,526928,0,526928,4742352,526928,online_verify_reconstruction_units,62,8498.838709677419,13
9,14,PRIME_MERSENNE_61,2305843009213693951,naive,n/a,total,fold_before,0,12,65866,none,none,0,526928,0,526928,4742352,4742352,online_verify_reconstruction_units,558,8498.838709677419,13
9,14,PRIME_MERSENNE_61,2305843009213693951,dpss_model,n/a,per_party,fold_before,0,12,65866,none,none,0,66919,0,66919,602271,66919,online_verify_reconstruction_units,62,1079.3387096774193,13
9,14,PRIME_MERSENNE_61,2305843009213693951,dpss_model,n/a,total,fold_before,0,12,65866,none,none,0,66919,0,66919,602271,602271,online_verify_reconstruction_units,558,1079.3387096774193,13
9,14,PRIME_MERSENNE_61,2305843009213693951,full_mask,n/a,per_party,fold_before,0,12,585,none,none,0,4680,0,4680,42120,4680,online_verify_reconstruction_units,62,75.48387096774194,13
9,14,PRIME_MERSENNE_61,2305843009213693951,full_mask,n/a,total,fold_before,0,12,585,none,none,0,4680,0,4680,42120,42120,online_verify_reconstruction_units,558,75.48387096774194,13
9,14,PRIME_MERSENNE_61,2305843009213693951,kernel_mask,n/a,per_party,fold_before,0,12,338,none,none,0,2704,0,2704,24336,2704,online_verify_reconstruction_units,62,43.61290322580645,13
9,14,PRIME_MERSENNE_61,2305843009213693951,kernel_mask,n/a,total,fold_before,0,12,338,none,none,0,2704,0,2704,24336,24336,online_verify_reconstruction_units,558,43.61290322580645,13
9,14,PRIME_MERSENNE_61,2305843009213693951,prss_local,local,per_party,fold_before,0,12,65866,none,none,0,65866,0,65866,592794,65866,online_verify_reconstruction_units,62,1062.3548387096773,13
9,14,PRIME_MERSENNE_61,2305843009213693951,prss_local,local,total,fold_before,0,12,65866,none,none,0,65866,0,65866,592794,592794,online_verify_reconstruction_units,558,1062.3548387096773,13
9,14,PRIME_MERSENNE_61,2305843009213693951,prss_local_seed_dpss,local,per_party,fold_before,0,12,65866,dpss,one,1,65866,1066,66932,602388,66932,online_verify_reconstruction_units,62,1079.5483870967741,13
9,14,PRIME_MERSENNE_61,2305843009213693951,prss_local_seed_dpss,local,total,fold_before,0,12,65866,dpss,one,1,65866,1066,66932,602388,602388,online_verify_reconstruction_units,558,1079.5483870967741,13
9,14,PRIME_MERSENNE_61,2305843009213693951,prss_local_seed_naive,local,per_party,fold_before,0,12,65866,naive,one,1,65866,104,65970,593730,65970,online_verify_reconstruction_units,62,1064.032258064516,13
9,14,PRIME_MERSENNE_61,2305843009213693951,prss_local_seed_naive,local,total,fold_before,0,12,65866,naive,one,1,65866,104,65970,593730,593730,online_verify_reconstruction_units,558,1064.032258064516,13
9,14,PRIME_MERSENNE_61,2305843009213693951,prss_local_seed_dpss,local,per_party,fold_before,0,12,65866,dpss,M,9,65866,1170,67036,603324,67036,online_verify_reconstruction_units,62,1081.225806451613,13
9,14,PRIME_MERSENNE_61,2305843009213693951,prss_local_seed_dpss,local,total,fold_before,0,12,65866,dpss,M,9,65866,1170,67036,603324,603324,online_verify_reconstruction_units,558,1081.225806451613,13
9,14,PRIME_MERSENNE_61,2305843009213693951,prss_local_seed_naive,local,per_party,fold_before,0,12,65866,naive,M,9,65866,936,66802,601218,66802,online_verify_reconstruction_units,62,1077.4516129032259,13
9,14,PRIME_MERSENNE_61,2305843009213693951,prss_local_seed_naive,local,total,fold_before,0,12,65866,naive,M,9,65866,936,66802,601218,601218,online_verify_reconstruction_units,558,1077.4516129032259,13
9,14,PRIME_MERSENNE_61,2305843009213693951,prss_local_seed_dpss,local,per_party,fold_before,0,12,65866,dpss,M_squared,81,65866,2106,67972,611748,67972,online_verify_reconstruction_units,62,1096.3225806451612,13
9,14,PRIME_MERSENNE_61,2305843009213693951,prss_local_seed_dpss,local,total,fold_before,0,12,65866,dpss,M_squared,81,65866,2106,67972,611748,611748,online_verify_reconstruction_units,558,1096.3225806451612,13
9,14,PRIME_MERSENNE_61,2305843009213693951,prss_local_seed_naive,local,per_party,fold_before,0,12,65866,naive,M_squared,81,65866,8424,74290,668610,74290,online_verify_reconstruction_units,62,1198.225806451613,13
9,14,PRIME_MERSENNE_61,2305843009213693951,prss_local_seed_naive,local,total,fold_before,0,12,65866,naive,M_squared,81,65866,8424,74290,668610,668610,online_verify_reconstruction_units,558,1198.225806451613,13
9,14,PRIME_MERSENNE_61,2305843009213693951,prss_commit,commit,per_party,fold_before,0,12,65866,none,none,0,65970,0,65970,593730,65970,online_verify_reconstruction_units,62,1064.032258064516,13
9,14,PRIME_MERSENNE_61,2305843009213693951,prss_commit,commit,total,fold_before,0,12,65866,none,none,0,65970,0,65970,593730,593730,online_verify_reconstruction_units,558,1064.032258064516,13
9,14,PRIME_MERSENNE_61,2305843009213693951,prss_commit_seed_dpss,commit,per_party,fold_before,0,12,65866,dpss,one,1,65970,1066,67036,603324,67036,online_verify_reconstruction_units,62,1081.225806451613,13
9,14,PRIME_MERSENNE_61,2305843009213693951,prss_commit_seed_dpss,commit,total,fold_before,0,12,65866,dpss,one,1,65970,1066,67036,603324,603324,online_verify_reconstruction_units,558,1081.225806451613,13
9,14,PRIME_MERSENNE_61,2305843009213693951,prss_commit_seed_naive,commit,per_party,fold_before,0,12,65866,naive,one,1,65970,104,66074,594666,66074,online_verify_reconstruction_units,62,1065.7096774193549,13
9,14,PRIME_MERSENNE_61,2305843009213693951,prss_commit_seed_naive,commit,total,fold_before,0,12,65866,naive,one,1,65970,104,66074,594666,594666,online_verify_reconstruction_units,558,1065.7096774193549,13
9,14,PRIME_MERSENNE_61,2305843009213693951,prss_commit_seed_dpss,commit,per_party,fold_before,0,12,65866,dpss,M,9,65970,1170,67140,604260,67140,online_verify_reconstruction_units,62,1082.9032258064517,13
9,14,PRIME_MERSENNE_61,2305843009213693951,prss_commit_seed_dpss,commit,total,fold_before,0,12,65866,dpss,M,9,65970,1170,67140,604260,604260,online_verify_reconstruction_units,558,1082.9032258064517,13
9,14,PRIME_MERSENNE_61,2305843009213693951,prss_commit_seed_naive,commit,per_party,fold_before,0,12,65866,naive,M,9,65970,936,66906,602154,66906,online_verify_reconstruction_units,62,1079.1290322580646,13
9,14,PRIME_MERSENNE_61,2305843009213693951,prss_commit_seed_naive,commit,total,fold_before,0,12,65866,naive,M,9,65970,936,66906,602154,602154,online_verify_reconstruction_units,558,1079.1290322580646,13
9,14,PRIME_MERSENNE_61,2305843009213693951,prss_commit_seed_dpss,commit,per_party,fold_before,0,12,65866,dpss,M_squared,81,65970,2106,68076,612684,68076,online_verify_reconstruction_units,62,1098.0,13
9,14,PRIME_MERSENNE_61,2305843009213693951,prss_commit_seed_dpss,commit,total,fold_before,0,12,65866,dpss,M_squared,81,65970,2106,68076,612684,612684,online_verify_reconstruction_units,558,1098.0,13
9,14,PRIME_MERSENNE_61,2305843009213693951,prss_commit_seed_naive,commit,per_party,fold_before,0,12,65866,naive,M_squared,81,65970,8424,74394,669546,74394,online_verify_reconstruction_units,62,1199.9032258064517,13
9,14,PRIME_MERSENNE_61,2305843009213693951,prss_commit_seed_naive,commit,total,fold_before,0,12,65866,naive,M_squared,81,65970,8424,74394,669546,669546,online_verify_reconstruction_units,558,1199.9032258064517,13
9,14,PRIME_MERSENNE_61,2305843009213693951,prss_dispute,dispute,per_party,fold_before,0,12,65866,none,none,0,66282,0,66282,596538,66282,online_verify_reconstruction_units,62,1069.0645161290322,13
9,14,PRIME_MERSENNE_61,2305843009213693951,prss_dispute,dispute,total,fold_before,0,12,65866,none,none,0,66282,0,66282,596538,596538,online_verify_reconstruction_units,558,1069.0645161290322,13
9,14,PRIME_MERSENNE_61,2305843009213693951,prss_dispute_seed_dpss,dispute,per_party,fold_before,0,12,65866,dpss,one,1,66282,1066,67348,606132,67348,online_verify_reconstruction_units,62,1086.258064516129,13
9,14,PRIME_MERSENNE_61,2305843009213693951,prss_dispute_seed_dpss,dispute,total,fold_before,0,12,65866,dpss,one,1,66282,1066,67348,606132,606132,online_verify_reconstruction_units,558,1086.258064516129,13
9,14,PRIME_MERSENNE_61,2305843009213693951,prss_dispute_seed_naive,dispute,per_party,fold_before,0,12,65866,naive,one,1,66282,104,66386,597474,66386,online_verify_reconstruction_units,62,1070.741935483871,13
9,14,PRIME_MERSENNE_61,2305843009213693951,prss_dispute_seed_naive,dispute,total,fold_before,0,12,65866,naive,one,1,66282,104,66386,597474,597474,online_verify_reconstruction_units,558,1070.741935483871,13
9,14,PRIME_MERSENNE_61,2305843009213693951,prss_dispute_seed_dpss,dispute,per_party,fold_before,0,12,65866,dpss,M,9,66282,1170,67452,607068,67452,online_verify_reconstruction_units,62,1087.9354838709678,13
9,14,PRIME_MERSENNE_61,2305843009213693951,prss_dispute_seed_dpss,dispute,total,fold_before,0,12,65866,dpss,M,9,66282,1170,67452,607068,607068,online_verify_reconstruction_units,558,1087.9354838709678,13
9,14,PRIME_MERSENNE_61,2305843009213693951,prss_dispute_seed_naive,dispute,per_party,fold_before,0,12,65866,naive,M,9,66282,936,67218,604962,67218,online_verify_reconstruction_units,62,1084.1612903225807,13
9,14,PRIME_MERSENNE_61,2305843009213693951,prss_dispute_seed_naive,dispute,total,fold_before,0,12,65866,naive,M,9,66282,936,67218,604962,604962,online_verify_reconstruction_units,558,1084.1612903225807,13
9,14,PRIME_MERSENNE_61,2305843009213693951,prss_dispute_seed_dpss,dispute,per_party,fold_before,0,12,65866,dpss,M_squared,81,66282,2106,68388,615492,68388,online_verify_reconstruction_units,62,1103.032258064516,13
9,14,PRIME_MERSENNE_61,2305843009213693951,prss_dispute_seed_dpss,dispute,total,fold_before,0,12,65866,dpss,M_squared,81,66282,2106,68388,615492,615492,online_verify_reconstruction_units,558,1103.032258064516,13
9,14,PRIME_MERSENNE_61,2305843009213693951,prss_dispute_seed_naive,dispute,per_party,fold_before,0,12,65866,naive,M_squared,81,66282,8424,74706,672354,74706,online_verify_reconstruction_units,62,1204.9354838709678,13
9,14,PRIME_MERSENNE_61,2305843009213693951,prss_dispute_seed_naive,dispute,total,fold_before,0,12,65866,naive,M_squared,81,66282,8424,74706,672354,672354,online_verify_reconstruction_units,558,1204.9354838709678,13
15,14,PRIME_MERSENNE_61,2305843009213693951,naive,n/a,per_party,fold_after,1,13,33063,none,none,0,462882,0,462882,6943230,462882,online_verify_reconstruction_units,62,7465.8387096774195,13
15,14,PRIME_MERSENNE_61,2305843009213693951,naive,n/a,total,fold_after,1,13,33063,none,none,0,462882,0,462882,6943230,6943230,online_verify_reconstruction_units,930,7465.8387096774195,13
15,14,PRIME_MERSENNE_61,2305843009213693951,dpss_model,n/a,per_party,fold_after,1,13,33063,none,none,0,35988,0,35988,539820,35988,online_verify_reconstruction_units,62,580.4516129032259,13
15,14,PRIME_MERSENNE_61,2305843009213693951,dpss_model,n/a,total,fold_after,1,13,33063,none,none,0,35988,0,35988,539820,539820,online_verify_reconstruction_units,930,580.4516129032259,13
15,14,PRIME_MERSENNE_61,2305843009213693951,full_mask,n/a,per_party,fold_after,1,13,585,none,none,0,8190,0,8190,122850,8190,online_verify_reconstruction_units,62,132.09677419354838,13
15,14,PRIME_MERSENNE_61,2305843009213693951,full_mask,n/a,total,fold_after,1,13,585,none,none,0,8190,0,8190,122850,122850,online_verify_reconstruction_units,930,132.09677419354838,13
15,14,PRIME_MERSENNE_61,2305843009213693951,kernel_mask,n/a,per_party,fold_after,1,13,299,none,none,0,4186,0,4186,62790,4186,online_verify_reconstruction_units,62,67.51612903225806,13
15,14,PRIME_MERSENNE_61,2305843009213693951,kernel_mask,n/a,total,fold_after,1,13,299,none,none,0,4186,0,4186,62790,62790,online_verify_reconstruction_units,930,67.51612903225806,13
15,14,PRIME_MERSENNE_61,2305843009213693951,prss_local,local,per_party,fold_after,1,13,33063,none,none,0,33063,0,33063,495945,33063,online_verify_reconstruction_units,62,533.2741935483871,13
15,14,PRIME_MERSENNE_61,2305843009213693951,prss_local,local,total,fold_after,1,13,33063,none,none,0,33063,0,33063,495945,495945,online_verify_reconstruction_units,930,533.2741935483871,13
15,14,PRIME_MERSENNE_61,2305843009213693951,prss_local_seed_dpss,local,per_party,fold_after,1,13,33063,dpss,one,1,33063,2938,36001,540015,36001,online_verify_reconstruction_units,62,580.6612903225806,13
15,14,PRIME_MERSENNE_61,2305843009213693951,prss_local_seed_dpss,local,total,fold_after,1,13,33063,dpss,one,1,33063,2938,36001,540015,540015,online_verify_reconstruction_units,930,580.6612903225806,13
15,14,PRIME_MERSENNE_61,2305843009213693951,prss_local_seed_naive,local,per_party,fold_after,1,13,33063,naive,one,1,33063,182,33245,498675,33245,online_verify_reconstruction_units,62,536.2096774193549,13
15,14,PRIME_MERSENNE_61,2305843009213693951,prss_local_seed_naive,local,total,fold_after,1,13,33063,naive,one,1,33063,182,33245,498675,498675,online_verify_reconstruction_units,930,536.2096774193549,13
15,14,PRIME_MERSENNE_61,2305843009213693951,prss_local_seed_dpss,local,per_party,fold_after,1,13,33063,dpss,M,15,33063,3120,36183,542745,36183,online_verify_reconstruction_units,62,583.5967741935484,13
15,14,PRIME_MERSENNE_61,2305843009213693951,prss_local_seed_dpss,local,total,fold_after,1,13,33063,dpss,M,15,33063,3120,36183,542745,542745,online_verify_reconstruction_units,930,583.5967741935484,13
15,14,PRIME_MERSENNE_61,2305843009213693951,prss_local_seed_naive,local,per_party,fold_after,1,13,33063,naive,M,15,33063,2730,35793,536895,35793,online_verify_reconstruction_units,62,577.3064516129032,13
15,14,PRIME_MERSENNE_61,2305843009213693951,prss_local_seed_naive,local,total,fold_after,1,13,33063,naive,M,15,33063,2730,35793,536895,536895,online_verify_reconstruction_units,930,577.3064516129032,13
15,14,PRIME_MERSENNE_61,2305843009213693951,prss_local_seed_dpss,local,per_party,fold_after,1,13,33063,dpss,M_squared,225,33063,5850,38913,583695,38913,online_verify_reconstruction_units,62,627.6290322580645,13
15,14,PRIME_MERSENNE_61,2305843009213693951,prss_local_seed_dpss,local,total,fold_after,1,13,33063,dpss,M_squared,225,33063,5850,38913,583695,583695,online_verify_reconstruction_units,930,627.6290322580645,13
15,14,PRIME_MERSENNE_61,2305843009213693951,prss_local_seed_naive,local,per_party,fold_after,1,13,33063,naive,M_squared,225,33063,40950,74013,1110195,74013,online_verify_reconstruction_units,62,1193.758064516129,13
15,14,PRIME_MERSENNE_61,2305843009213693951,prss_local_seed_naive,local,total,fold_after,1,13,33063,naive,M_squared,225,33063,40950,74013,1110195,1110195,online_verify_reconstruction_units,930,1193.758064516129,13
15,14,PRIME_MERSENNE_61,2305843009213693951,prss_commit,commit,per_party,fold_after,1,13,33063,none,none,0,33245,0,33245,498675,33245,online_verify_reconstruction_units,62,536.2096774193549,13
15,14,PRIME_MERSENNE_61,2305843009213693951,prss_commit,commit,total,fold_after,1,13,33063,none,none,0,33245,0,33245,498675,498675,online_verify_reconstruction_units,930,536.2096774193549,13
15,14,PRIME_MERSENNE_61,2305843009213693951,prss_commit_seed_dpss,commit,per_party,fold_after,1,13,33063,dpss,one,1,33245,2938,36183,542745,36183,online_verify_reconstruction_units,62,583.5967741935484,13
15,14,PRIME_MERSENNE_61,2305843009213693951,prss_commit_seed_dpss,commit,total,fold_after,1,13,33063,dpss,one,1,33245,2938,36183,542745,542745,online_verify_reconstruction_units,930,583.5967741935484,13
15,14,PRIME_MERSENNE_61,2305843009213693951,prss_commit_seed_naive,commit,per_party,fold_after,1,13,33063,naive,one,1,33245,182,33427,501405,33427,online_verify_reconstruction_units,62,539.1451612903226,13
15,14,PRIME_MERSENNE_61,2305843009213693951,prss_commit_seed_naive,commit,total,fold_after,1,13,33063,naive,one,1,33245,182,33427,501405,501405,online_verify_reconstruction_units,930,539.1451612903226,13
15,14,PRIME_MERSENNE_61,2305843009213693951,prss_commit_seed_dpss,commit,per_party,fold_after,1,13,33063,dpss,M,15,33245,3120,36365,545475,36365,online_verify_reconstruction_units,62,586.5322580645161,13
15,14,PRIME_MERSENNE_61,2305843009213693951,prss_commit_seed_dpss,commit,total,fold_after,1,13,33063,dpss,M,15,33245,3120,36365,545475,545475,online_verify_reconstruction_units,930,586.5322580645161,13
15,14,PRIME_MERSENNE_61,2305843009213693951,prss_commit_seed_naive,commit,per_party,fold_after,1,13,33063,naive,M,15,33245,2730,35975,539625,35975,online_verify_reconstruction_units,62,580.241935483871,13
15,14,PRIME_MERSENNE_61,2305843009213693951,prss_commit_seed_naive,commit,total,fold_after,1,13,33063,naive,M,15,33245,2730,35975,539625,539625,online_verify_reconstruction_units,930,580.241935483871,13
15,14,PRIME_MERSENNE_61,2305843009213693951,prss_commit_seed_dpss,commit,per_party,fold_after,1,13,33063,dpss,M_squared,225,33245,5850,39095,586425,39095,online_verify_reconstruction_units,62,630.5645161290323,13
15,14,PRIME_MERSENNE_61,2305843009213693951,prss_commit_seed_dpss,commit,total,fold_after,1,13,33063,dpss,M_squared,225,33245,5850,39095,586425,586425,online_verify_reconstruction_units,930,630.5645161290323,13
15,14,PRIME_MERSENNE_61,2305843009213693951,prss_commit_seed_naive,commit,per_party,fold_after,1,13,33063,naive,M_squared,225,33245,40950,74195,1112925,74195,online_verify_reconstruction_units,62,1196.6935483870968,13
15,14,PRIME_MERSENNE_61,2305843009213693951,prss_commit_seed_naive,commit,total,fold_after,1,13,33063,naive,M_squared,225,33245,40950,74195,1112925,1112925,online_verify_reconstruction_units,930,1196.6935483870968,13
15,14,PRIME_MERSENNE_61,2305843009213693951,prss_dispute,dispute,per_party,fold_after,1,13,33063,none,none,0,33791,0,33791,506865,33791,online_verify_reconstruction_units,62,545.016129032258,13
15,14,PRIME_MERSENNE_61,2305843009213693951,prss_dispute,dispute,total,fold_after,1,13,33063,none,none,0,33791,0,33791,506865,506865,online_verify_reconstruction_units,930,545.016129032258,13
15,14,PRIME_MERSENNE_61,2305843009213693951,prss_dispute_seed_dpss,dispute,per_party,fold_after,1,13,33063,dpss,one,1,33791,2938,36729,550935,36729,online_verify_reconstruction_units,62,592.4032258064516,13
15,14,PRIME_MERSENNE_61,2305843009213693951,prss_dispute_seed_dpss,dispute,total,fold_after,1,13,33063,dpss,one,1,33791,2938,36729,550935,550935,online_verify_reconstruction_units,930,592.4032258064516,13
15,14,PRIME_MERSENNE_61,2305843009213693951,prss_dispute_seed_naive,dispute,per_party,fold_after,1,13,33063,naive,one,1,33791,182,33973,509595,33973,online_verify_reconstruction_units,62,547.9516129032259,13
15,14,PRIME_MERSENNE_61,2305843009213693951,prss_dispute_seed_naive,dispute,total,fold_after,1,13,33063,naive,one,1,33791,182,33973,509595,509595,online_verify_reconstruction_units,930,547.9516129032259,13
15,14,PRIME_MERSENNE_61,2305843009213693951,prss_dispute_seed_dpss,dispute,per_party,fold_after,1,13,33063,dpss,M,15,33791,3120,36911,553665,36911,online_verify_reconstruction_units,62,595.3387096774194,13
15,14,PRIME_MERSENNE_61,2305843009213693951,prss_dispute_seed_dpss,dispute,total,fold_after,1,13,33063,dpss,M,15,33791,3120,36911,553665,553665,online_verify_reconstruction_units,930,595.3387096774194,13
15,14,PRIME_MERSENNE_61,2305843009213693951,prss_dispute_seed_naive,dispute,per_party,fold_after,1,13,33063,naive,M,15,33791,2730,36521,547815,36521,online_verify_reconstruction_units,62,589.0483870967741,13
15,14,PRIME_MERSENNE_61,2305843009213693951,prss_dispute_seed_naive,dispute,total,fold_after,1,13,33063,naive,M,15,33791,2730,36521,547815,547815,online_verify_reconstruction_units,930,589.0483870967741,13
15,14,PRIME_MERSENNE_61,2305843009213693951,prss_dispute_seed_dpss,dispute,per_party,fold_after,1,13,33063,dpss,M_squared,225,33791,5850,39641,594615,39641,online_verify_reconstruction_units,62,639.3709677419355,13
15,14,PRIME_MERSENNE_61,2305843009213693951,prss_dispute_seed_dpss,dispute,total,fold_after,1,13,33063,dpss,M_squared,225,33791,5850,39641,594615,594615,online_verify_reconstruction_units,930,639.3709677419355,13
15,14,PRIME_MERSENNE_61,2305843009213693951,prss_dispute_seed_naive,dispute,per_party,fold_after,1,13,33063,naive,M_squared,225,33791,40950,74741,1121115,74741,online_verify_reconstruction_units,62,1205.5,13
15,14,PRIME_MERSENNE_61,2305843009213693951,prss_dispute_seed_naive,dispute,total,fold_after,1,13,33063,naive,M_squared,225,33791,40950,74741,1121115,1121115,online_verify_reconstruction_units,930,1205.5,13
15,14,PRIME_MERSENNE_61,2305843009213693951,naive,n/a,per_party,fold_before,0,12,65866,none,none,0,922124,0,922124,13831860,922124,online_verify_reconstruction_units,62,14872.967741935483,13
15,14,PRIME_MERSENNE_61,2305843009213693951,naive,n/a,total,fold_before,0,12,65866,none,none,0,922124,0,922124,13831860,13831860,online_verify_reconstruction_units,930,14872.967741935483,13
15,14,PRIME_MERSENNE_61,2305843009213693951,dpss_model,n/a,per_party,fold_before,0,12,65866,none,none,0,68791,0,68791,1031865,68791,online_verify_reconstruction_units,62,1109.532258064516,13
15,14,PRIME_MERSENNE_61,2305843009213693951,dpss_model,n/a,total,fold_before,0,12,65866,none,none,0,68791,0,68791,1031865,1031865,online_verify_reconstruction_units,930,1109.532258064516,13
15,14,PRIME_MERSENNE_61,2305843009213693951,full_mask,n/a,per_party,fold_before,0,12,585,none,none,0,8190,0,8190,122850,8190,online_verify_reconstruction_units,62,132.09677419354838,13
15,14,PRIME_MERSENNE_61,2305843009213693951,full_mask,n/a,total,fold_before,0,12,585,none,none,0,8190,0,8190,122850,122850,online_verify_reconstruction_units,930,132.09677419354838,13
15,14,PRIME_MERSENNE_61,2305843009213693951,kernel_mask,n/a,per_party,fold_before,0,12,338,none,none,0,4732,0,4732,70980,4732,online_verify_reconstruction_units,62,76.3225806451613,13
15,14,PRIME_MERSENNE_61,2305843009213693951,kernel_mask,n/a,total,fold_before,0,12,338,none,none,0,4732,0,4732,70980,70980,online_verify_reconstruction_units,930,76.3225806451613,13
15,14,PRIME_MERSENNE_61,2305843009213693951,prss_local,local,per_party,fold_before,0,12,65866,none,none,0,65866,0,65866,987990,65866,online_verify_reconstruction_units,62,1062.3548387096773,13
15,14,PRIME_MERSENNE_61,2305843009213693951,prss_local,local,total,fold_before,0,12,65866,none,none,0,65866,0,65866,987990,987990,online_verify_reconstruction_units,930,1062.3548387096773,13
15,14,PRIME_MERSENNE_61,2305843009213693951,prss_local_seed_dpss,local,per_party,fold_before,0,12,65866,dpss,one,1,65866,2938,68804,1032060,68804,online_verify_reconstruction_units,62,1109.741935483871,13
15,14,PRIME_MERSENNE_61,2305843009213693951,prss_local_seed_dpss,local,total,fold_before,0,12,65866,dpss,one,1,65866,2938,68804,1032060,1032060,online_verify_reconstruction_units,930,1109.741935483871,13
15,14,PRIME_MERSENNE_61,2305843009213693951,prss_local_seed_naive,local,per_party,fold_before,0,12,65866,naive,one,1,65866,182,66048,990720,66048,online_verify_reconstruction_units,62,1065.2903225806451,13
15,14,PRIME_MERSENNE_61,2305843009213693951,prss_local_seed_naive,local,total,fold_before,0,12,65866,naive,one,1,65866,182,66048,990720,990720,online_verify_reconstruction_units,930,1065.2903225806451,13
15,14,PRIME_MERSENNE_61,2305843009213693951,prss_local_seed_dpss,local,per_party,fold_before,0,12,65866,dpss,M,15,65866,3120,68986,1034790,68986,online_verify_reconstruction_units,62,1112.6774193548388,13
15,14,PRIME_MERSENNE_61,2305843009213693951,prss_local_seed_dpss,local,total,fold_before,0,12,65866,dpss,M,15,65866,3120,68986,1034790,1034790,online_verify_reconstruction_units,930,1112.6774193548388,13
15,14,PRIME_MERSENNE_61,2305843009213693951,prss_local_seed_naive,local,per_party,fold_before,0,12,65866,naive,M,15,65866,2730,68596,1028940,68596,online_verify_reconstruction_units,62,1106.3870967741937,13
15,14,PRIME_MERSENNE_61,2305843009213693951,prss_local_seed_naive,local,total,fold_before,0,12,65866,naive,M,15,65866,2730,68596,1028940,1028940,online_verify_reconstruction_units,930,1106.3870967741937,13
15,14,PRIME_MERSENNE_61,2305843009213693951,prss_local_seed_dpss,local,per_party,fold_before,0,12,65866,dpss,M_squared,225,65866,5850,71716,1075740,71716,online_verify_reconstruction_units,62,1156.7096774193549,13
15,14,PRIME_MERSENNE_61,2305843009213693951,prss_local_seed_dpss,local,total,fold_before,0,12,65866,dpss,M_squared,225,65866,5850,71716,1075740,1075740,online_verify_reconstruction_units,930,1156.7096774193549,13
15,14,PRIME_MERSENNE_61,2305843009213693951,prss_local_seed_naive,local,per_party,fold_before,0,12,65866,naive,M_squared,225,65866,40950,106816,1602240,106816,online_verify_reconstruction_units,62,1722.8387096774193,13
15,14,PRIME_MERSENNE_61,2305843009213693951,prss_local_seed_naive,local,total,fold_before,0,12,65866,naive,M_squared,225,65866,40950,106816,1602240,1602240,online_verify_reconstruction_units,930,1722.8387096774193,13
15,14,PRIME_MERSENNE_61,2305843009213693951,prss_commit,commit,per_party,fold_before,0,12,65866,none,none,0,66048,0,66048,990720,66048,online_verify_reconstruction_units,62,1065.2903225806451,13
15,14,PRIME_MERSENNE_61,2305843009213693951,prss_commit,commit,total,fold_before,0,12,65866,none,none,0,66048,0,66048,990720,990720,online_verify_reconstruction_units,930,1065.2903225806451,13
15,14,PRIME_MERSENNE_61,2305843009213693951,prss_commit_seed_dpss,commit,per_party,fold_before,0,12,65866,dpss,one,1,66048,2938,68986,1034790,68986,online_verify_reconstruction_units,62,1112.6774193548388,13
15,14,PRIME_MERSENNE_61,2305843009213693951,prss_commit_seed_dpss,commit,total,fold_before,0,12,65866,dpss,one,1,66048,2938,68986,1034790,1034790,online_verify_reconstruction_units,930,1112.6774193548388,13
15,14,PRIME_MERSENNE_61,2305843009213693951,prss_commit_seed_naive,commit,per_party,fold_before,0,12,65866,naive,one,1,66048,182,66230,993450,66230,online_verify_reconstruction_units,62,1068.225806451613,13
15,14,PRIME_MERSENNE_61,2305843009213693951,prss_commit_seed_naive,commit,total,fold_before,0,12,65866,naive,one,1,66048,182,66230,993450,993450,online_verify_reconstruction_units,930,1068.225806451613,13
15,14,PRIME_MERSENNE_61,2305843009213693951,prss_commit_seed_dpss,commit,per_party,fold_before,0,12,65866,dpss,M,15,66048,3120,69168,1037520,69168,online_verify_reconstruction_units,62,1115.6129032258063,13
15,14,PRIME_MERSENNE_61,2305843009213693951,prss_commit_seed_dpss,commit,total,fold_before,0,12,65866,dpss,M,15,66048,3120,69168,1037520,1037520,online_verify_reconstruction_units,930,1115.6129032258063,13
15,14,PRIME_MERSENNE_61,2305843009213693951,prss_commit_seed_naive,commit,per_party,fold_before,0,12,65866,naive,M,15,66048,2730,68778,1031670,68778,online_verify_reconstruction_units,62,1109.3225806451612,13
15,14,PRIME_MERSENNE_61,2305843009213693951,prss_commit_seed_naive,commit,total,fold_before,0,12,65866,naive,M,15,66048,2730,68778,1031670,1031670,online_verify_reconstruction_units,930,1109.3225806451612,13
15,14,PRIME_MERSENNE_61,2305843009213693951,prss_commit_seed_dpss,commit,per_party,fold_before,0,12,65866,dpss,M_squared,225,66048,5850,71898,1078470,71898,online_verify_reconstruction_units,62,1159.6451612903227,13
15,14,PRIME_MERSENNE_61,2305843009213693951,prss_commit_seed_dpss,commit,total,fold_before,0,12,65866,dpss,M_squared,225,66048,5850,71898,1078470,1078470,online_verify_reconstruction_units,930,1159.6451612903227,13
15,14,PRIME_MERSENNE_61,2305843009213693951,prss_commit_seed_naive,commit,per_party,fold_before,0,12,65866,naive,M_squared,225,66048,40950,106998,1604970,106998,online_verify_reconstruction_units,62,1725.774193548387,13
15,14,PRIME_MERSENNE_61,2305843009213693951,prss_commit_seed_naive,commit,total,fold_before,0,12,65866,naive,M_squared,225,66048,40950,106998,1604970,1604970,online_verify_reconstruction_units,930,1725.774193548387,13
15,14,PRIME_MERSENNE_61,2305843009213693951,prss_dispute,dispute,per_party,fold_before,0,12,65866,none,none,0,66594,0,66594,998910,66594,online_verify_reconstruction_units,62,1074.0967741935483,13
15,14,PRIME_MERSENNE_61,2305843009213693951,prss_dispute,dispute,total,fold_before,0,12,65866,none,none,0,66594,0,66594,998910,998910,online_verify_reconstruction_units,930,1074.0967741935483,13
15,14,PRIME_MERSENNE_61,2305843009213693951,prss_dispute_seed_dpss,dispute,per_party,fold_before,0,12,65866,dpss,one,1,66594,2938,69532,1042980,69532,online_verify_reconstruction_units,62,1121.483870967742,13
15,14,PRIME_MERSENNE_61,2305843009213693951,prss_dispute_seed_dpss,dispute,total,fold_before,0,12,65866,dpss,one,1,66594,2938,69532,1042980,1042980,online_verify_reconstruction_units,930,1121.483870967742,13
15,14,PRIME_MERSENNE_61,2305843009213693951,prss_dispute_seed_naive,dispute,per_party,fold_before,0,12,65866,naive,one,1,66594,182,66776,1001640,66776,online_verify_reconstruction_units,62,1077.032258064516,13
15,14,PRIME_MERSENNE_61,2305843009213693951,prss_dispute_seed_naive,dispute,total,fold_before,0,12,65866,naive,one,1,66594,182,66776,1001640,1001640,online_verify_reconstruction_units,930,1077.032258064516,13
15,14,PRIME_MERSENNE_61,2305843009213693951,prss_dispute_seed_dpss,dispute,per_party,fold_before,0,12,65866,dpss,M,15,66594,3120,69714,1045710,69714,online_verify_reconstruction_units,62,1124.4193548387098,13
15,14,PRIME_MERSENNE_61,2305843009213693951,prss_dispute_seed_dpss,dispute,total,fold_before,0,12,65866,dpss,M,15,66594,3120,69714,1045710,1045710,online_verify_reconstruction_units,930,1124.4193548387098,13
15,14,PRIME_MERSENNE_61,2305843009213693951,prss_dispute_seed_naive,dispute,per_party,fold_before,0,12,65866,naive,M,15,66594,2730,69324,1039860,69324,online_verify_reconstruction_units,62,1118.1290322580646,13
15,14,PRIME_MERSENNE_61,2305843009213693951,prss_dispute_seed_naive,dispute,total,fold_before,0,12,65866,naive,M,15,66594,2730,69324,1039860,1039860,online_verify_reconstruction_units,930,1118.1290322580646,13
15,14,PRIME_MERSENNE_61,2305843009213693951,prss_dispute_seed_dpss,dispute,per_party,fold_before,0,12,65866,dpss,M_squared,225,66594,5850,72444,1086660,72444,online_verify_reconstruction_units,62,1168.4516129032259,13
15,14,PRIME_MERSENNE_61,2305843009213693951,prss_dispute_seed_dpss,dispute,total,fold_before,0,12,65866,dpss,M_squared,225,66594,5850,72444,1086660,1086660,online_verify_reconstruction_units,930,1168.4516129032259,13
15,14,PRIME_MERSENNE_61,2305843009213693951,prss_dispute_seed_naive,dispute,per_party,fold_before,0,12,65866,naive,M_squared,225,66594,40950,107544,1613160,107544,online_verify_reconstruction_units,62,1734.5806451612902,13
15,14,PRIME_MERSENNE_61,2305843009213693951,prss_dispute_seed_naive,dispute,total,fold_before,0,12,65866,naive,M_squared,225,66594,40950,107544,1613160,1613160,online_verify_reconstruction_units,930,1734.5806451612902,13
31,14,PRIME_MERSENNE_61,2305843009213693951,naive,n/a,per_party,fold_after,1,13,33063,none,none,0,991890,0,991890,30748590,991890,online_verify_reconstruction_units,62,15998.225806451614,13
31,14,PRIME_MERSENNE_61,2305843009213693951,naive,n/a,total,fold_after,1,13,33063,none,none,0,991890,0,991890,30748590,30748590,online_verify_reconstruction_units,1922,15998.225806451614,13
31,14,PRIME_MERSENNE_61,2305843009213693951,dpss_model,n/a,per_party,fold_after,1,13,33063,none,none,0,45556,0,45556,1412236,45556,online_verify_reconstruction_units,62,734.7741935483871,13
31,14,PRIME_MERSENNE_61,2305843009213693951,dpss_model,n/a,total,fold_after,1,13,33063,none,none,0,45556,0,45556,1412236,1412236,online_verify_reconstruction_units,1922,734.7741935483871,13
31,14,PRIME_MERSENNE_61,2305843009213693951,full_mask,n/a,per_party,fold_after,1,13,585,none,none,0,17550,0,17550,544050,17550,online_verify_reconstruction_units,62,283.06451612903226,13
31,14,PRIME_MERSENNE_61,2305843009213693951,full_mask,n/a,total,fold_after,1,13,585,none,none,0,17550,0,17550,544050,544050,online_verify_reconstruction_units,1922,283.06451612903226,13
31,14,PRIME_MERSENNE_61,2305843009213693951,kernel_mask,n/a,per_party,fold_after,1,13,299,none,none,0,8970,0,8970,278070,8970,online_verify_reconstruction_units,62,144.67741935483872,13
31,14,PRIME_MERSENNE_61,2305843009213693951,kernel_mask,n/a,total,fold_after,1,13,299,none,none,0,8970,0,8970,278070,278070,online_verify_reconstruction_units,1922,144.67741935483872,13
31,14,PRIME_MERSENNE_61,2305843009213693951,prss_local,local,per_party,fold_after,1,13,33063,none,none,0,33063,0,33063,1024953,33063,online_verify_reconstruction_units,62,533.2741935483871,13
31,14,PRIME_MERSENNE_61,2305843009213693951,prss_local,local,total,fold_after,1,13,33063,none,none,0,33063,0,33063,1024953,1024953,online_verify_reconstruction_units,1922,533.2741935483871,13
31,14,PRIME_MERSENNE_61,2305843009213693951,prss_local_seed_dpss,local,per_party,fold_after,1,13,33063,dpss,one,1,33063,12506,45569,1412639,45569,online_verify_reconstruction_units,62,734.983870967742,13
31,14,PRIME_MERSENNE_61,2305843009213693951,prss_local_seed_dpss,local,total,fold_after,1,13,33063,dpss,one,1,33063,12506,45569,1412639,1412639,online_verify_reconstruction_units,1922,734.983870967742,13
31,14,PRIME_MERSENNE_61,2305843009213693951,prss_local_seed_naive,local,per_party,fold_after,1,13,33063,naive,one,1,33063,390,33453,1037043,33453,online_verify_reconstruction_units,62,539.5645161290323,13
31,14,PRIME_MERSENNE_61,2305843009213693951,prss_local_seed_naive,local,total,fold_after,1,13,33063,naive,one,1,33063,390,33453,1037043,1037043,online_verify_reconstruction_units,1922,539.5645161290323,13
31,14,PRIME_MERSENNE_61,2305843009213693951,prss_local_seed_dpss,local,per_party,fold_after,1,13,33063,dpss,M,31,33063,12896,45959,1424729,45959,online_verify_reconstruction_units,62,741.2741935483871,13
31,14,PRIME_MERSENNE_61,2305843009213693951,prss_local_seed_dpss,local,total,fold_after,1,13,33063,dpss,M,31,33063,12896,45959,1424729,1424729,online_verify_reconstruction_units,1922,741.2741935483871,13
31,14,PRIME_MERSENNE_61,2305843009213693951,prss_local_seed_naive,local,per_party,fold_after,1,13,33063,naive,M,31,33063,12090,45153,1399743,45153,online_verify_reconstruction_units,62,728.2741935483871,13
31,14,PRIME_MERSENNE_61,2305843009213693951,prss_local_seed_naive,local,total,fold_after,1,13,33063,naive,M,31,33063,12090,45153,1399743,1399743,online_verify_reconstruction_units,1922,728.2741935483871,13
31,14,PRIME_MERSENNE_61,2305843009213693951,prss_local_seed_dpss,local,per_party,fold_after,1,13,33063,dpss,M_squared,961,33063,24986,58049,1799519,58049,online_verify_reconstruction_units,62,936.2741935483871,13
31,14,PRIME_MERSENNE_61,2305843009213693951,prss_local_seed_dpss,local,total,fold_after,1,13,33063,dpss,M_squared,961,33063,24986,58049,1799519,1799519,online_verify_reconstruction_units,1922,936.2741935483871,13
31,14,PRIME_MERSENNE_61,2305843009213693951,prss_local_seed_naive,local,per_party,fold_after,1,13,33063,naive,M_squared,961,33063,374790,407853,12643443,407853,online_verify_reconstruction_units,62,6578.274193548387,13
31,14,PRIME_MERSENNE_61,2305843009213693951,prss_local_seed_naive,local,total,fold_after,1,13,33063,naive,M_squared,961,33063,374790,407853,12643443,12643443,online_verify_reconstruction_units,1922,6578.274193548387,13
31,14,PRIME_MERSENNE_61,2305843009213693951,prss_commit,commit,per_party,fold_after,1,13,33063,none,none,0,33453,0,33453,1037043,33453,online_verify_reconstruction_units,62,539.5645161290323,13
31,14,PRIME_MERSENNE_61,2305843009213693951,prss_commit,commit,total,fold_after,1,13,33063,none,none,0,33453,0,33453,1037043,1037043,online_verify_reconstruction_units,1922,539.5645161290323,13
31,14,PRIME_MERSENNE_61,2305843009213693951,prss_commit_seed_dpss,commit,per_party,fold_after,1,13,33063,dpss,one,1,33453,12506,45959,1424729,45959,online_verify_reconstruction_units,62,741.2741935483871,13
31,14,PRIME_MERSENNE_61,2305843009213693951,prss_commit_seed_dpss,commit,total,fold_after,1,13,33063,dpss,one,1,33453,12506,45959,1424729,1424729,online_verify_reconstruction_units,1922,741.2741935483871,13
31,14,PRIME_MERSENNE_61,2305843009213693951,prss_commit_seed_naive,commit,per_party,fold_after,1,13,33063,naive,one,1,33453,390,33843,1049133,33843,online_verify_reconstruction_units,62,545.8548387096774,13
31,14,PRIME_MERSENNE_61,2305843009213693951,prss_commit_seed_naive,commit,total,fold_after,1,13,33063,naive,one,1,33453,390,33843,1049133,1049133,online_verify_reconstruction_units,1922,545.8548387096774,13
31,14,PRIME_MERSENNE_61,2305843009213693951,prss_commit_seed_dpss,commit,per_party,fold_after,1,13,33063,dpss,M,31,33453,12896,46349,1436819,46349,online_verify_reconstruction_units,62,747.5645161290323,13
31,14,PRIME_MERSENNE_61,2305843009213693951,prss_commit_seed_dpss,commit,total,fold_after,1,13,33063,dpss,M,31,33453,12896,46349,1436819,1436819,online_verify_reconstruction_units,1922,747.5645161290323,13
31,14,PRIME_MERSENNE_61,2305843009213693951,prss_commit_seed_naive,commit,per_party,fold_after,1,13,33063,naive,M,31,33453,12090,45543,1411833,45543,online_verify_reconstruction_units,62,734.5645161290323,13
31,14,PRIME_MERSENNE_61,2305843009213693951,prss_commit_seed_naive,commit,total,fold_after,1,13,33063,naive,M,31,33453,12090,45543,1411833,1411833,online_verify_reconstruction_units,1922,734.5645161290323,13
31,14,PRIME_MERSENNE_61,2305843009213693951,prss_commit_seed_dpss,commit,per_party,fold_after,1,13,33063,dpss,M_squared,961,33453,24986,58439,1811609,58439,online_verify_reconstruction_units,62,942.5645161290323,13
31,14,PRIME_MERSENNE_61,2305843009213693951,prss_commit_seed_dpss,commit,total,fold_after,1,13,33063,dpss,M_squared,961,33453,24986,58439,1811609,1811609,online_verify_reconstruction_units,1922,942.5645161290323,13
31,14,PRIME_MERSENNE_61,2305843009213693951,prss_commit_seed_naive,commit,per_party,fold_after,1,13,33063,naive,M_squared,961,33453,374790,408243,12655533,408243,online_verify_reconstruction_units,62,6584.564516129032,13
31,14,PRIME_MERSENNE_61,2305843009213693951,prss_commit_seed_naive,commit,total,fold_after,1,13,33063,naive,M_squared,961,33453,374790,408243,12655533,12655533,online_verify_reconstruction_units,1922,6584.564516129032,13
31,14,PRIME_MERSENNE_61,2305843009213693951,prss_dispute,dispute,per_party,fold_after,1,13,33063,none,none,0,35013,0,35013,1085403,35013,online_verify_reconstruction_units,62,564.7258064516129,13
31,14,PRIME_MERSENNE_61,2305843009213693951,prss_dispute,dispute,total,fold_after,1,13,33063,none,none,0,35013,0,35013,1085403,1085403,online_verify_reconstruction_units,1922,564.7258064516129,13
31,14,PRIME_MERSENNE_61,2305843009213693951,prss_dispute_seed_dpss,dispute,per_party,fold_after,1,13,33063,dpss,one,1,35013,12506,47519,1473089,47519,online_verify_reconstruction_units,62,766.4354838709677,13
31,14,PRIME_MERSENNE_61,2305843009213693951,prss_dispute_seed_dpss,dispute,total,fold_after,1,13,33063,dpss,one,1,35013,12506,47519,1473089,1473089,online_verify_reconstruction_units,1922,766.4354838709677,13
31,14,PRIME_MERSENNE_61,2305843009213693951,prss_dispute_seed_naive,dispute,per_party,fold_after,1,13,33063,naive,one,1,35013,390,35403,1097493,35403,online_verify_reconstruction_units,62,571.016129032258,13
31,14,PRIME_MERSENNE_61,2305843009213693951,prss_dispute_seed_naive,dispute,total,fold_after,1,13,33063,naive,one,1,35013,390,35403,1097493,1097493,online_verify_reconstruction_units,1922,571.016129032258,13
31,14,PRIME_MERSENNE_61,2305843009213693951,prss_dispute_seed_dpss,dispute,per_party,fold_after,1,13,33063,dpss,M,31,35013,12896,47909,1485179,47909,online_verify_reconstruction_units,62,772.7258064516129,13
31,14,PRIME_MERSENNE_61,2305843009213693951,prss_dispute_seed_dpss,dispute,total,fold_after,1,13,33063,dpss,M,31,35013,12896,47909,1485179,1485179,online_verify_reconstruction_units,1922,772.7258064516129,13
31,14,PRIME_MERSENNE_61,2305843009213693951,prss_dispute_seed_naive,dispute,per_party,fold_after,1,13,33063,naive,M,31,35013,12090,47103,1460193,47103,online_verify_reconstruction_units,62,759.7258064516129,13
31,14,PRIME_MERSENNE_61,2305843009213693951,prss_dispute_seed_naive,dispute,total,fold_after,1,13,33063,naive,M,31,35013,12090,47103,1460193,1460193,online_verify_reconstruction_units,1922,759.7258064516129,13
31,14,PRIME_MERSENNE_61,2305843009213693951,prss_dispute_seed_dpss,dispute,per_party,fold_after,1,13,33063,dpss,M_squared,961,35013,24986,59999,1859969,59999,online_verify_reconstruction_units,62,967.7258064516129,13
31,14,PRIME_MERSENNE_61,2305843009213693951,prss_dispute_seed_dpss,dispute,total,fold_after,1,13,33063,dpss,M_squared,961,35013,24986,59999,1859969,1859969,online_verify_reconstruction_units,1922,967.7258064516129,13
31,14,PRIME_MERSENNE_61,2305843009213693951,prss_dispute_seed_naive,dispute,per_party,fold_after,1,13,33063,naive,M_squared,961,35013,374790,409803,12703893,409803,online_verify_reconstruction_units,62,6609.725806451613,13
31,14,PRIME_MERSENNE_61,2305843009213693951,prss_dispute_seed_naive,dispute,total,fold_after,1,13,33063,naive,M_squared,961,35013,374790,409803,12703893,12703893,online_verify_reconstruction_units,1922,6609.725806451613,13
31,14,PRIME_MERSENNE_61,2305843009213693951,naive,n/a,per_party,fold_before,0,12,65866,none,none,0,1975980,0,1975980,61255380,1975980,online_verify_reconstruction_units,62,31870.645161290322,13
31,14,PRIME_MERSENNE_61,2305843009213693951,naive,n/a,total,fold_before,0,12,65866,none,none,0,1975980,0,1975980,61255380,61255380,online_verify_reconstruction_units,1922,31870.645161290322,13
31,14,PRIME_MERSENNE_61,2305843009213693951,dpss_model,n/a,per_party,fold_before,0,12,65866,none,none,0,78359,0,78359,2429129,78359,online_verify_reconstruction_units,62,1263.8548387096773,13
31,14,PRIME_MERSENNE_61,2305843009213693951,dpss_model,n/a,total,fold_before,0,12,65866,none,none,0,78359,0,78359,2429129,2429129,online_verify_reconstruction_units,1922,1263.8548387096773,13
31,14,PRIME_MERSENNE_61,2305843009213693951,full_mask,n/a,per_party,fold_before,0,12,585,none,none,0,17550,0,17550,544050,17550,online_verify_reconstruction_units,62,283.06451612903226,13
31,14,PRIME_MERSENNE_61,2305843009213693951,full_mask,n/a,total,fold_before,0,12,585,none,none,0,17550,0,17550,544050,544050,online_verify_reconstruction_units,1922,283.06451612903226,13
31,14,PRIME_MERSENNE_61,2305843009213693951,kernel_mask,n/a,per_party,fold_before,0,12,338,none,none,0,10140,0,10140,314340,10140,online_verify_reconstruction_units,62,163.5483870967742,13
31,14,PRIME_MERSENNE_61,2305843009213693951,kernel_mask,n/a,total,fold_before,0,12,338,none,none,0,10140,0,10140,314340,314340,online_verify_reconstruction_units,1922,163.5483870967742,13
31,14,PRIME_MERSENNE_61,2305843009213693951,prss_local,local,per_party,fold_before,0,12,65866,none,none,0,65866,0,65866,2041846,65866,online_verify_reconstruction_units,62,1062.3548387096773,13
31,14,PRIME_MERSENNE_61,2305843009213693951,prss_local,local,total,fold_before,0,12,65866,none,none,0,65866,0,65866,2041846,2041846,online_verify_reconstruction_units,1922,1062.3548387096773,13
31,14,PRIME_MERSENNE_61,2305843009213693951,prss_local_seed_dpss,local,per_party,fold_before,0,12,65866,dpss,one,1,65866,12506,78372,2429532,78372,online_verify_reconstruction_units,62,1264.0645161290322,13
31,14,PRIME_MERSENNE_61,2305843009213693951,prss_local_seed_dpss,local,total,fold_before,0,12,65866,dpss,one,1,65866,12506,78372,2429532,2429532,online_verify_reconstruction_units,1922,1264.0645161290322,13
31,14,PRIME_MERSENNE_61,2305843009213693951,prss_local_seed_naive,local,per_party,fold_before,0,12,65866,naive,one,1,65866,390,66256,2053936,66256,online_verify_reconstruction_units,62,1068.6451612903227,13
31,14,PRIME_MERSENNE_61,2305843009213693951,prss_local_seed_naive,local,total,fold_before,0,12,65866,naive,one,1,65866,390,66256,2053936,2053936,online_verify_reconstruction_units,1922,1068.6451612903227,13
31,14,PRIME_MERSENNE_61,2305843009213693951,prss_local_seed_dpss,local,per_party,fold_before,0,12,65866,dpss,M,31,65866,12896,78762,2441622,78762,online_verify_reconstruction_units,62,1270.3548387096773,13
31,14,PRIME_MERSENNE_61,2305843009213693951,prss_local_seed_dpss,local,total,fold_before,0,12,65866,dpss,M,31,65866,12896,78762,2441622,2441622,online_verify_reconstruction_units,1922,1270.3548387096773,13
31,14,PRIME_MERSENNE_61,2305843009213693951,prss_local_seed_naive,local,per_party,fold_before,0,12,65866,naive,M,31,65866,12090,77956,2416636,77956,online_verify_reconstruction_units,62,1257.3548387096773,13
31,14,PRIME_MERSENNE_61,2305843009213693951,prss_local_seed_naive,local,total,fold_before,0,12,65866,naive,M,31,65866,12090,77956,2416636,2416636,online_verify_reconstruction_units,1922,1257.3548387096773,13
31,14,PRIME_MERSENNE_61,2305843009213693951,prss_local_seed_dpss,local,per_party,fold_before,0,12,65866,dpss,M_squared,961,65866,24986,90852,2816412,90852,online_verify_reconstruction_units,62,1465.3548387096773,13
31,14,PRIME_MERSENNE_61,2305843009213693951,prss_local_seed_dpss,local,total,fold_before,0,12,65866,dpss,M_squared,961,65866,24986,90852,2816412,2816412,online_verify_reconstruction_units,1922,1465.3548387096773,13
31,14,PRIME_MERSENNE_61,2305843009213693951,prss_local_seed_naive,local,per_party,fold_before,0,12,65866,naive,M_squared,961,65866,374790,440656,13660336,440656,online_verify_reconstruction_units,62,7107.354838709677,13
31,14,PRIME_MERSENNE_61,2305843009213693951,prss_local_seed_naive,local,total,fold_before,0,12,65866,naive,M_squared,961,65866,374790,440656,13660336,13660336,online_verify_reconstruction_units,1922,7107.354838709677,13
31,14,PRIME_MERSENNE_61,2305843009213693951,prss_commit,commit,per_party,fold_before,0,12,65866,none,none,0,66256,0,66256,2053936,66256,online_verify_reconstruction_units,62,1068.6451612903227,13
31,14,PRIME_MERSENNE_61,2305843009213693951,prss_commit,commit,total,fold_before,0,12,65866,none,none,0,66256,0,66256,2053936,2053936,online_verify_reconstruction_units,1922,1068.6451612903227,13
31,14,PRIME_MERSENNE_61,2305843009213693951,prss_commit_seed_dpss,commit,per_party,fold_before,0,12,65866,dpss,one,1,66256,12506,78762,2441622,78762,online_verify_reconstruction_units,62,1270.3548387096773,13
31,14,PRIME_MERSENNE_61,2305843009213693951,prss_commit_seed_dpss,commit,total,fold_before,0,12,65866,dpss,one,1,66256,12506,78762,2441622,2441622,online_verify_reconstruction_units,1922,1270.3548387096773,13
31,14,PRIME_MERSENNE_61,2305843009213693951,prss_commit_seed_naive,commit,per_party,fold_before,0,12,65866,naive,one,1,66256,390,66646,2066026,66646,online_verify_reconstruction_units,62,1074.9354838709678,13
31,14,PRIME_MERSENNE_61,2305843009213693951,prss_commit_seed_naive,commit,total,fold_before,0,12,65866,naive,one,1,66256,390,66646,2066026,2066026,online_verify_reconstruction_units,1922,1074.9354838709678,13
31,14,PRIME_MERSENNE_61,2305843009213693951,prss_commit_seed_dpss,commit,per_party,fold_before,0,12,65866,dpss,M,31,66256,12896,79152,2453712,79152,online_verify_reconstruction_units,62,1276.6451612903227,13
31,14,PRIME_MERSENNE_61,2305843009213693951,prss_commit_seed_dpss,commit,total,fold_before,0,12,65866,dpss,M,31,66256,12896,79152,2453712,2453712,online_verify_reconstruction_units,1922,1276.6451612903227,13
31,14,PRIME_MERSENNE_61,2305843009213693951,prss_commit_seed_naive,commit,per_party,fold_before,0,12,65866,naive,M,31,66256,12090,78346,2428726,78346,online_verify_reconstruction_units,62,1263.6451612903227,13
31,14,PRIME_MERSENNE_61,2305843009213693951,prss_commit_seed_naive,commit,total,fold_before,0,12,65866,naive,M,31,66256,12090,78346,2428726,2428726,online_verify_reconstruction_units,1922,1263.6451612903227,13
31,14,PRIME_MERSENNE_61,2305843009213693951,prss_commit_seed_dpss,commit,per_party,fold_before,0,12,65866,dpss,M_squared,961,66256,24986,91242,2828502,91242,online_verify_reconstruction_units,62,1471.6451612903227,13
31,14,PRIME_MERSENNE_61,2305843009213693951,prss_commit_seed_dpss,commit,total,fold_before,0,12,65866,dpss,M_squared,961,66256,24986,91242,2828502,2828502,online_verify_reconstruction_units,1922,1471.6451612903227,13
31,14,PRIME_MERSENNE_61,2305843009213693951,prss_commit_seed_naive,commit,per_party,fold_before,0,12,65866,naive,M_squared,961,66256,374790,441046,13672426,441046,online_verify_reconstruction_units,62,7113.645161290323,13
31,14,PRIME_MERSENNE_61,2305843009213693951,prss_commit_seed_naive,commit,total,fold_before,0,12,65866,naive,M_squared,961,66256,374790,441046,13672426,13672426,online_verify_reconstruction_units,1922,7113.645161290323,13
31,14,PRIME_MERSENNE_61,2305843009213693951,prss_dispute,dispute,per_party,fold_before,0,12,65866,none,none,0,67816,0,67816,2102296,67816,online_verify_reconstruction_units,62,1093.8064516129032,13
31,14,PRIME_MERSENNE_61,2305843009213693951,prss_dispute,dispute,total,fold_before,0,12,65866,none,none,0,67816,0,67816,2102296,2102296,online_verify_reconstruction_units,1922,1093.8064516129032,13
31,14,PRIME_MERSENNE_61,2305843009213693951,prss_dispute_seed_dpss,dispute,per_party,fold_before,0,12,65866,dpss,one,1,67816,12506,80322,2489982,80322,online_verify_reconstruction_units,62,1295.516129032258,13
31,14,PRIME_MERSENNE_61,2305843009213693951,prss_dispute_seed_dpss,dispute,total,fold_before,0,12,65866,dpss,one,1,67816,12506,80322,2489982,2489982,online_verify_reconstruction_units,1922,1295.516129032258,13
31,14,PRIME_MERSENNE_61,2305843009213693951,prss_dispute_seed_naive,dispute,per_party,fold_before,0,12,65866,naive,one,1,67816,390,68206,2114386,68206,online_verify_reconstruction_units,62,1100.0967741935483,13
31,14,PRIME_MERSENNE_61,2305843009213693951,prss_dispute_seed_naive,dispute,total,fold_before,0,12,65866,naive,one,1,67816,390,68206,2114386,2114386,online_verify_reconstruction_units,1922,1100.0967741935483,13
31,14,PRIME_MERSENNE_61,2305843009213693951,prss_dispute_seed_dpss,dispute,per_party,fold_before,0,12,65866,dpss,M,31,67816,12896,80712,2502072,80712,online_verify_reconstruction_units,62,1301.8064516129032,13
31,14,PRIME_MERSENNE_61,2305843009213693951,prss_dispute_seed_dpss,dispute,total,fold_before,0,12,65866,dpss,M,31,67816,12896,80712,2502072,2502072,online_verify_reconstruction_units,1922,1301.8064516129032,13
31,14,PRIME_MERSENNE_61,2305843009213693951,prss_dispute_seed_naive,dispute,per_party,fold_before,0,12,65866,naive,M,31,67816,12090,79906,2477086,79906,online_verify_reconstruction_units,62,1288.8064516129032,13
31,14,PRIME_MERSENNE_61,2305843009213693951,prss_dispute_seed_naive,dispute,total,fold_before,0,12,65866,naive,M,31,67816,12090,79906,2477086,2477086,online_verify_reconstruction_units,1922,1288.8064516129032,13
31,14,PRIME_MERSENNE_61,2305843009213693951,prss_dispute_seed_dpss,dispute,per_party,fold_before,0,12,65866,dpss,M_squared,961,67816,24986,92802,2876862,92802,online_verify_reconstruction_units,62,1496.8064516129032,13
31,14,PRIME_MERSENNE_61,2305843009213693951,prss_dispute_seed_dpss,dispute,total,fold_before,0,12,65866,dpss,M_squared,961,67816,24986,92802,2876862,2876862,online_verify_reconstruction_units,1922,1496.8064516129032,13
31,14,PRIME_MERSENNE_61,2305843009213693951,prss_dispute_seed_naive,dispute,per_party,fold_before,0,12,65866,naive,M_squared,961,67816,374790,442606,13720786,442606,online_verify_reconstruction_units,62,7138.806451612903,13
31,14,PRIME_MERSENNE_61,2305843009213693951,prss_dispute_seed_naive,dispute,total,fold_before,0,12,65866,naive,M_squared,961,67816,374790,442606,13720786,13720786,online_verify_reconstruction_units,1922,7138.806451612903,13
63,14,PRIME_MERSENNE_61,2305843009213693951,naive,n/a,per_party,fold_after,1,13,33063,none,none,0,2049906,0,2049906,129144078,2049906,online_verify_reconstruction_units,62,33063.0,13
63,14,PRIME_MERSENNE_61,2305843009213693951,naive,n/a,total,fold_after,1,13,33063,none,none,0,2049906,0,2049906,129144078,129144078,online_verify_reconstruction_units,3906,33063.0,13
63,14,PRIME_MERSENNE_61,2305843009213693951,dpss_model,n/a,per_party,fold_after,1,13,33063,none,none,0,84660,0,84660,5333580,84660,online_verify_reconstruction_units,62,1365.483870967742,13
63,14,PRIME_MERSENNE_61,2305843009213693951,dpss_model,n/a,total,fold_after,1,13,33063,none,none,0,84660,0,84660,5333580,5333580,online_verify_reconstruction_units,3906,1365.483870967742,13
63,14,PRIME_MERSENNE_61,2305843009213693951,full_mask,n/a,per_party,fold_after,1,13,585,none,none,0,36270,0,36270,2285010,36270,online_verify_reconstruction_units,62,585.0,13
63,14,PRIME_MERSENNE_61,2305843009213693951,full_mask,n/a,total,fold_after,1,13,585,none,none,0,36270,0,36270,2285010,2285010,online_verify_reconstruction_units,3906,585.0,13
63,14,PRIME_MERSENNE_61,2305843009213693951,kernel_mask,n/a,per_party,fold_after,1,13,299,none,none,0,18538,0,18538,1167894,18538,online_verify_reconstruction_units,62,299.0,13
63,14,PRIME_MERSENNE_61,2305843009213693951,kernel_mask,n/a,total,fold_after,1,13,299,none,none,0,18538,0,18538,1167894,1167894,online_verify_reconstruction_units,3906,299.0,13
63,14,PRIME_MERSENNE_61,2305843009213693951,prss_local,local,per_party,fold_after,1,13,33063,none,none,0,33063,0,33063,2082969,33063,online_verify_reconstruction_units,62,533.2741935483871,13
63,14,PRIME_MERSENNE_61,2305843009213693951,prss_local,local,total,fold_after,1,13,33063,none,none,0,33063,0,33063,2082969,2082969,online_verify_reconstruction_units,3906,533.2741935483871,13
63,14,PRIME_MERSENNE_61,2305843009213693951,prss_local_seed_dpss,local,per_party,fold_after,1,13,33063,dpss,one,1,33063,51610,84673,5334399,84673,online_verify_reconstruction_units,62,1365.6935483870968,13
63,14,PRIME_MERSENNE_61,2305843009213693951,prss_local_seed_dpss,local,total,fold_after,1,13,33063,dpss,one,1,33063,51610,84673,5334399,5334399,online_verify_reconstruction_units,3906,1365.6935483870968,13
63,14,PRIME_MERSENNE_61,2305843009213693951,prss_local_seed_naive,local,per_party,fold_after,1,13,33063,naive,one,1,33063,806,33869,2133747,33869,online_verify_reconstruction_units,62,546.2741935483871,13
63,14,PRIME_MERSENNE_61,2305843009213693951,prss_local_seed_naive,local,total,fold_after,1,13,33063,naive,one,1,33063,806,33869,2133747,2133747,online_verify_reconstruction_units,3906,546.2741935483871,13
63,14,PRIME_MERSENNE_61,2305843009213693951,prss_local_seed_dpss,local,per_party,fold_after,1,13,33063,dpss,M,63,33063,52416,85479,5385177,85479,online_verify_reconstruction_units,62,1378.6935483870968,13
63,14,PRIME_MERSENNE_61,2305843009213693951,prss_local_seed_dpss,local,total,fold_after,1,13,33063,dpss,M,63,33063,52416,85479,5385177,5385177,online_verify_reconstruction_units,3906,1378.6935483870968,13
63,14,PRIME_MERSENNE_61,2305843009213693951,prss_local_seed_naive,local,per_party,fold_after,1,13,33063,naive,M,63,33063,50778,83841,5281983,83841,online_verify_reconstruction_units,62,1352.274193548387,13
63,14,PRIME_MERSENNE_61,2305843009213693951,prss_local_seed_naive,local,total,fold_after,1,13,33063,naive,M,63,33063,50778,83841,5281983,5281983,online_verify_reconstruction_units,3906,1352.274193548387,13
63,14,PRIME_MERSENNE_61,2305843009213693951,prss_local_seed_dpss,local,per_party,fold_after,1,13,33063,dpss,M_squared,3969,33063,103194,136257,8584191,136257,online_verify_reconstruction_units,62,2197.6935483870966,13
63,14,PRIME_MERSENNE_61,2305843009213693951,prss_local_seed_dpss,local,total,fold_after,1,13,33063,dpss,M_squared,3969,33063,103194,136257,8584191,8584191,online_verify_reconstruction_units,3906,2197.6935483870966,13
63,14,PRIME_MERSENNE_61,2305843009213693951,prss_local_seed_naive,local,per_party,fold_after,1,13,33063,naive,M_squared,3969,33063,3199014,3232077,203620851,3232077,online_verify_reconstruction_units,62,52130.27419354839,13
63,14,PRIME_MERSENNE_61,2305843009213693951,prss_local_seed_naive,local,total,fold_after,1,13,33063,naive,M_squared,3969,33063,3199014,3232077,203620851,203620851,online_verify_reconstruction_units,3906,52130.27419354839,13
63,14,PRIME_MERSENNE_61,2305843009213693951,prss_commit,commit,per_party,fold_after,1,13,33063,none,none,0,33869,0,33869,2133747,33869,online_verify_reconstruction_units,62,546.2741935483871,13
63,14,PRIME_MERSENNE_61,2305843009213693951,prss_commit,commit,total,fold_after,1,13,33063,none,none,0,33869,0,33869,2133747,2133747,online_verify_reconstruction_units,3906,546.2741935483871,13
63,14,PRIME_MERSENNE_61,2305843009213693951,prss_commit_seed_dpss,commit,per_party,fold_after,1,13,33063,dpss,one,1,33869,51610,85479,5385177,85479,online_verify_reconstruction_units,62,1378.6935483870968,13
63,14,PRIME_MERSENNE_61,2305843009213693951,prss_commit_seed_dpss,commit,total,fold_after,1,13,33063,dpss,one,1,33869,51610,85479,5385177,5385177,online_verify_reconstruction_units,3906,1378.6935483870968,13
63,14,PRIME_MERSENNE_61,2305843009213693951,prss_commit_seed_naive,commit,per_party,fold_after,1,13,33063,naive,one,1,33869,806,34675,2184525,34675,online_verify_reconstruction_units,62,559.2741935483871,13
63,14,PRIME_MERSENNE_61,2305843009213693951,prss_commit_seed_naive,commit,total,fold_after,1,13,33063,naive,one,1,33869,806,34675,2184525,2184525,online_verify_reconstruction_units,3906,559.2741935483871,13
63,14,PRIME_MERSENNE_61,2305843009213693951,prss_commit_seed_dpss,commit,per_party,fold_after,1,13,33063,dpss,M,63,33869,52416,86285,5435955,86285,online_verify_reconstruction_units,62,1391.6935483870968,13
63,14,PRIME_MERSENNE_61,2305843009213693951,prss_commit_seed_dpss,commit,total,fold_after,1,13,33063,dpss,M,63,33869,52416,86285,5435955,5435955,online_verify_reconstruction_units,3906,1391.6935483870968,13
63,14,PRIME_MERSENNE_61,2305843009213693951,prss_commit_seed_naive,commit,per_party,fold_after,1,13,33063,naive,M,63,33869,50778,84647,5332761,84647,online_verify_reconstruction_units,62,1365.274193548387,13
63,14,PRIME_MERSENNE_61,2305843009213693951,prss_commit_seed_naive,commit,total,fold_after,1,13,33063,naive,M,63,33869,50778,84647,5332761,5332761,online_verify_reconstruction_units,3906,1365.274193548387,13
63,14,PRIME_MERSENNE_61,2305843009213693951,prss_commit_seed_dpss,commit,per_party,fold_after,1,13,33063,dpss,M_squared,3969,33869,103194,137063,8634969,137063,online_verify_reconstruction_units,62,2210.6935483870966,13
63,14,PRIME_MERSENNE_61,2305843009213693951,prss_commit_seed_dpss,commit,total,fold_after,1,13,33063,dpss,M_squared,3969,33869,103194,137063,8634969,8634969,online_verify_reconstruction_units,3906,2210.6935483870966,13
63,14,PRIME_MERSENNE_61,2305843009213693951,prss_commit_seed_naive,commit,per_party,fold_after,1,13,33063,naive,M_squared,3969,33869,3199014,3232883,203671629,3232883,online_verify_reconstruction_units,62,52143.27419354839,13
63,14,PRIME_MERSENNE_61,2305843009213693951,prss_commit_seed_naive,commit,total,fold_after,1,13,33063,naive,M_squared,3969,33869,3199014,3232883,203671629,203671629,online_verify_reconstruction_units,3906,52143.27419354839,13
63,14,PRIME_MERSENNE_61,2305843009213693951,prss_dispute,dispute,per_party,fold_after,1,13,33063,none,none,0,37899,0,37899,2387637,37899,online_verify_reconstruction_units,62,611.2741935483871,13
63,14,PRIME_MERSENNE_61,2305843009213693951,prss_dispute,dispute,total,fold_after,1,13,33063,none,none,0,37899,0,37899,2387637,2387637,online_verify_reconstruction_units,3906,611.2741935483871,13
63,14,PRIME_MERSENNE_61,2305843009213693951,prss_dispute_seed_dpss,dispute,per_party,fold_after,1,13,33063,dpss,one,1,37899,51610,89509,5639067,89509,online_verify_reconstruction_units,62,1443.6935483870968,13
63,14,PRIME_MERSENNE_61,2305843009213693951,prss_dispute_seed_dpss,dispute,total,fold_after,1,13,33063,dpss,one,1,37899,51610,89509,5639067,5639067,online_verify_reconstruction_units,3906,1443.6935483870968,13
63,14,PRIME_MERSENNE_61,2305843009213693951,prss_dispute_seed_naive,dispute,per_party,fold_after,1,13,33063,naive,one,1,37899,806,38705,2438415,38705,online_verify_reconstruction_units,62,624.2741935483871,13
63,14,PRIME_MERSENNE_61,2305843009213693951,prss_dispute_seed_naive,dispute,total,fold_after,1,13,33063,naive,one,1,37899,806,38705,2438415,2438415,online_verify_reconstruction_units,3906,624.2741935483871,13
63,14,PRIME_MERSENNE_61,2305843009213693951,prss_dispute_seed_dpss,dispute,per_party,fold_after,1,13,33063,dpss,M,63,37899,52416,90315,5689845,90315,online_verify_reconstruction_units,62,1456.6935483870968,13
63,14,PRIME_MERSENNE_61,2305843009213693951,prss_dispute_seed_dpss,dispute,total,fold_after,1,13,33063,dpss,M,63,37899,52416,90315,5689845,5689845,online_verify_reconstruction_units,3906,1456.6935483870968,13
63,14,PRIME_MERSENNE_61,2305843009213693951,prss_dispute_seed_naive,dispute,per_party,fold_after,1,13,33063,naive,M,63,37899,50778,88677,5586651,88677,online_verify_reconstruction_units,62,1430.274193548387,13
63,14,PRIME_MERSENNE_61,2305843009213693951,prss_dispute_seed_naive,dispute,total,fold_after,1,13,33063,naive,M,63,37899,50778,88677,5586651,5586651,online_verify_reconstruction_units,3906,1430.274193548387,13
63,14,PRIME_MERSENNE_61,2305843009213693951,prss_dispute_seed_dpss,dispute,per_party,fold_after,1,13,33063,dpss,M_squared,3969,37899,103194,141093,8888859,141093,online_verify_reconstruction_units,62,2275.6935483870966,13
63,14,PRIME_MERSENNE_61,2305843009213693951,prss_dispute_seed_dpss,dispute,total,fold_after,1,13,33063,dpss,M_squared,3969,37899,103194,141093,8888859,8888859,online_verify_reconstruction_units,3906,2275.6935483870966,13
63,14,PRIME_MERSENNE_61,2305843009213693951,prss_dispute_seed_naive,dispute,per_party,fold_after,1,13,33063,naive,M_squared,3969,37899,3199014,3236913,203925519,3236913,online_verify_reconstruction_units,62,52208.27419354839,13
63,14,PRIME_MERSENNE_61,2305843009213693951,prss_dispute_seed_naive,dispute,total,fold_after,1,13,33063,naive,M_squared,3969,37899,3199014,3236913,203925519,203925519,online_verify_reconstruction_units,3906,52208.27419354839,13
63,14,PRIME_MERSENNE_61,2305843009213693951,naive,n/a,per_party,fold_before,0,12,65866,none,none,0,4083692,0,4083692,257272596,4083692,online_verify_reconstruction_units,62,65866.0,13
63,14,PRIME_MERSENNE_61,2305843009213693951,naive,n/a,total,fold_before,0,12,65866,none,none,0,4083692,0,4083692,257272596,257272596,online_verify_reconstruction_units,3906,65866.0,13
63,14,PRIME_MERSENNE_61,2305843009213693951,dpss_model,n/a,per_party,fold_before,0,12,65866,none,none,0,117463,0,117463,7400169,117463,online_verify_reconstruction_units,62,1894.5645161290322,13
63,14,PRIME_MERSENNE_61,2305843009213693951,dpss_model,n/a,total,fold_before,0,12,65866,none,none,0,117463,0,117463,7400169,7400169,online_verify_reconstruction_units,3906,1894.5645161290322,13
63,14,PRIME_MERSENNE_61,2305843009213693951,full_mask,n/a,per_party,fold_before,0,12,585,none,none,0,36270,0,36270,2285010,36270,online_verify_reconstruction_units,62,585.0,13
63,14,PRIME_MERSENNE_61,2305843009213693951,full_mask,n/a,total,fold_before,0,12,585,none,none,0,36270,0,36270,2285010,2285010,online_verify_reconstruction_units,3906,585.0,13
63,14,PRIME_MERSENNE_61,2305843009213693951,kernel_mask,n/a,per_party,fold_before,0,12,338,none,none,0,20956,0,20956,1320228,20956,online_verify_reconstruction_units,62,338.0,13
63,14,PRIME_MERSENNE_61,2305843009213693951,kernel_mask,n/a,total,fold_before,0,12,338,none,none,0,20956,0,20956,1320228,1320228,online_verify_reconstruction_units,3906,338.0,13
63,14,PRIME_MERSENNE_61,2305843009213693951,prss_local,local,per_party,fold_before,0,12,65866,none,none,0,65866,0,65866,4149558,65866,online_verify_reconstruction_units,62,1062.3548387096773,13
63,14,PRIME_MERSENNE_61,2305843009213693951,prss_local,local,total,fold_before,0,12,65866,none,none,0,65866,0,65866,4149558,4149558,online_verify_reconstruction_units,3906,1062.3548387096773,13
63,14,PRIME_MERSENNE_61,2305843009213693951,prss_local_seed_dpss,local,per_party,fold_before,0,12,65866,dpss,one,1,65866,51610,117476,7400988,117476,online_verify_reconstruction_units,62,1894.774193548387,13
63,14,PRIME_MERSENNE_61,2305843009213693951,prss_local_seed_dpss,local,total,fold_before,0,12,65866,dpss,one,1,65866,51610,117476,7400988,7400988,online_verify_reconstruction_units,3906,1894.774193548387,13
63,14,PRIME_MERSENNE_61,2305843009213693951,prss_local_seed_naive,local,per_party,fold_before,0,12,65866,naive,one,1,65866,806,66672,4200336,66672,online_verify_reconstruction_units,62,1075.3548387096773,13
63,14,PRIME_MERSENNE_61,2305843009213693951,prss_local_seed_naive,local,total,fold_before,0,12,65866,naive,one,1,65866,806,66672,4200336,4200336,online_verify_reconstruction_units,3906,1075.3548387096773,13
63,14,PRIME_MERSENNE_61,2305843009213693951,prss_local_seed_dpss,local,per_party,fold_before,0,12,65866,dpss,M,63,65866,52416,118282,7451766,118282,online_verify_reconstruction_units,62,1907.774193548387,13
63,14,PRIME_MERSENNE_61,2305843009213693951,prss_local_seed_dpss,local,total,fold_before,0,12,65866,dpss,M,63,65866,52416,118282,7451766,7451766,online_verify_reconstruction_units,3906,1907.774193548387,13
63,14,PRIME_MERSENNE_61,2305843009213693951,prss_local_seed_naive,local,per_party,fold_before,0,12,65866,naive,M,63,65866,50778,116644,7348572,116644,online_verify_reconstruction_units,62,1881.3548387096773,13
63,14,PRIME_MERSENNE_61,2305843009213693951,prss_local_seed_naive,local,total,fold_before,0,12,65866,naive,M,63,65866,50778,116644,7348572,7348572,online_verify_reconstruction_units,3906,1881.3548387096773,13
63,14,PRIME_MERSENNE_61,2305843009213693951,prss_local_seed_dpss,local,per_party,fold_before,0,12,65866,dpss,M_squared,3969,65866,103194,169060,10650780,169060,online_verify_reconstruction_units,62,2726.7741935483873,13
63,14,PRIME_MERSENNE_61,2305843009213693951,prss_local_seed_dpss,local,total,fold_before,0,12,65866,dpss,M_squared,3969,65866,103194,169060,10650780,10650780,online_verify_reconstruction_units,3906,2726.7741935483873,13
63,14,PRIME_MERSENNE_61,2305843009213693951,prss_local_seed_naive,local,per_party,fold_before,0,12,65866,naive,M_squared,3969,65866,3199014,3264880,205687440,3264880,online_verify_reconstruction_units,62,52659.354838709674,13
63,14,PRIME_MERSENNE_61,2305843009213693951,prss_local_seed_naive,local,total,fold_before,0,12,65866,naive,M_squared,3969,65866,3199014,3264880,205687440,205687440,online_verify_reconstruction_units,3906,52659.354838709674,13
63,14,PRIME_MERSENNE_61,2305843009213693951,prss_commit,commit,per_party,fold_before,0,12,65866,none,none,0,66672,0,66672,4200336,66672,online_verify_reconstruction_units,62,1075.3548387096773,13
63,14,PRIME_MERSENNE_61,2305843009213693951,prss_commit,commit,total,fold_before,0,12,65866,none,none,0,66672,0,66672,4200336,4200336,online_verify_reconstruction_units,3906,1075.3548387096773,13
63,14,PRIME_MERSENNE_61,2305843009213693951,prss_commit_seed_dpss,commit,per_party,fold_before,0,12,65866,dpss,one,1,66672,51610,118282,7451766,118282,online_verify_reconstruction_units,62,1907.774193548387,13
63,14,PRIME_MERSENNE_61,2305843009213693951,prss_commit_seed_dpss,commit,total,fold_before,0,12,65866,dpss,one,1,66672,51610,118282,7451766,7451766,online_verify_reconstruction_units,3906,1907.774193548387,13
63,14,PRIME_MERSENNE_61,2305843009213693951,prss_commit_seed_naive,commit,per_party,fold_before,0,12,65866,naive,one,1,66672,806,67478,4251114,67478,online_verify_reconstruction_units,62,1088.3548387096773,13
63,14,PRIME_MERSENNE_61,2305843009213693951,prss_commit_seed_naive,commit,total,fold_before,0,12,65866,naive,one,1,66672,806,67478,4251114,4251114,online_verify_reconstruction_units,3906,1088.3548387096773,13
63,14,PRIME_MERSENNE_61,2305843009213693951,prss_commit_seed_dpss,commit,per_party,fold_before,0,12,65866,dpss,M,63,66672,52416,119088,7502544,119088,online_verify_reconstruction_units,62,1920.774193548387,13
63,14,PRIME_MERSENNE_61,2305843009213693951,prss_commit_seed_dpss,commit,total,fold_before,0,12,65866,dpss,M,63,66672,52416,119088,7502544,7502544,online_verify_reconstruction_units,3906,1920.774193548387,13
63,14,PRIME_MERSENNE_61,2305843009213693951,prss_commit_seed_naive,commit,per_party,fold_before,0,12,65866,naive,M,63,66672,50778,117450,7399350,117450,online_verify_reconstruction_units,62,1894.3548387096773,13
63,14,PRIME_MERSENNE_61,2305843009213693951,prss_commit_seed_naive,commit,total,fold_before,0,12,65866,naive,M,63,66672,50778,117450,7399350,7399350,online_verify_reconstruction_units,3906,1894.3548387096773,13
63,14,PRIME_MERSENNE_61,2305843009213693951,prss_commit_seed_dpss,commit,per_party,fold_before,0,12,65866,dpss,M_squared,3969,66672,103194,169866,10701558,169866,online_verify_reconstruction_units,62,2739.7741935483873,13
63,14,PRIME_MERSENNE_61,2305843009213693951,prss_commit_seed_dpss,commit,total,fold_before,0,12,65866,dpss,M_squared,3969,66672,103194,169866,10701558,10701558,online_verify_reconstruction_units,3906,2739.7741935483873,13
63,14,PRIME_MERSENNE_61,2305843009213693951,prss_commit_seed_naive,commit,per_party,fold_before,0,12,65866,naive,M_squared,3969,66672,3199014,3265686,205738218,3265686,online_verify_reconstruction_units,62,52672.354838709674,13
63,14,PRIME_MERSENNE_61,2305843009213693951,prss_commit_seed_naive,commit,total,fold_before,0,12,65866,naive,M_squared,3969,66672,3199014,3265686,205738218,205738218,online_verify_reconstruction_units,3906,52672.354838709674,13
63,14,PRIME_MERSENNE_61,2305843009213693951,prss_dispute,dispute,per_party,fold_before,0,12,65866,none,none,0,70702,0,70702,4454226,70702,online_verify_reconstruction_units,62,1140.3548387096773,13
63,14,PRIME_MERSENNE_61,2305843009213693951,prss_dispute,dispute,total,fold_before,0,12,65866,none,none,0,70702,0,70702,4454226,4454226,online_verify_reconstruction_units,3906,1140.3548387096773,13
63,14,PRIME_MERSENNE_61,2305843009213693951,prss_dispute_seed_dpss,dispute,per_party,fold_before,0,12,65866,dpss,one,1,70702,51610,122312,7705656,122312,online_verify_reconstruction_units,62,1972.774193548387,13
63,14,PRIME_MERSENNE_61,2305843009213693951,prss_dispute_seed_dpss,dispute,total,fold_before,0,12,65866,dpss,one,1,70702,51610,122312,7705656,7705656,online_verify_reconstruction_units,3906,1972.774193548387,13
63,14,PRIME_MERSENNE_61,2305843009213693951,prss_dispute_seed_naive,dispute,per_party,fold_before,0,12,65866,naive,one,1,70702,806,71508,4505004,71508,online_verify_reconstruction_units,62,1153.3548387096773,13
63,14,PRIME_MERSENNE_61,2305843009213693951,prss_dispute_seed_naive,dispute,total,fold_before,0,12,65866,naive,one,1,70702,806,71508,4505004,4505004,online_verify_reconstruction_units,3906,1153.3548387096773,13
63,14,PRIME_MERSENNE_61,2305843009213693951,prss_dispute_seed_dpss,dispute,per_party,fold_before,0,12,65866,dpss,M,63,70702,52416,123118,7756434,123118,online_verify_reconstruction_units,62,1985.774193548387,13
63,14,PRIME_MERSENNE_61,2305843009213693951,prss_dispute_seed_dpss,dispute,total,fold_before,0,12,65866,dpss,M,63,70702,52416,123118,7756434,7756434,online_verify_reconstruction_units,3906,1985.774193548387,13
63,14,PRIME_MERSENNE_61,2305843009213693951,prss_dispute_seed_naive,dispute,per_party,fold_before,0,12,65866,naive,M,63,70702,50778,121480,7653240,121480,online_verify_reconstruction_units,62,1959.3548387096773,13
63,14,PRIME_MERSENNE_61,2305843009213693951,prss_dispute_seed_naive,dispute,total,fold_before,0,12,65866,naive,M,63,70702,50778,121480,7653240,7653240,online_verify_reconstruction_units,3906,1959.3548387096773,13
63,14,PRIME_MERSENNE_61,2305843009213693951,prss_dispute_seed_dpss,dispute,per_party,fold_before,0,12,65866,dpss,M_squared,3969,70702,103194,173896,10955448,173896,online_verify_reconstruction_units,62,2804.7741935483873,13
63,14,PRIME_MERSENNE_61,2305843009213693951,prss_dispute_seed_dpss,dispute,total,fold_before,0,12,65866,dpss,M_squared,3969,70702,103194,173896,10955448,10955448,online_verify_reconstruction_units,3906,2804.7741935483873,13
63,14,PRIME_MERSENNE_61,2305843009213693951,prss_dispute_seed_naive,dispute,per_party,fold_before,0,12,65866,naive,M_squared,3969,70702,3199014,3269716,205992108,3269716,online_verify_reconstruction_units,62,52737.354838709674,13
63,14,PRIME_MERSENNE_61,2305843009213693951,prss_dispute_seed_naive,dispute,total,fold_before,0,12,65866,naive,M_squared,3969,70702,3199014,3269716,205992108,205992108,online_verify_reconstruction_units,3906,52737.354838709674,13
