n,prime_label,prime_value,trial_id,challenge_policy,challenge_digest,degenerate_challenge_count,k,observed_rank,expected_rank,pass
2,PRIME_TINY,3,main-2-PRIME_TINY-t0,include_01,sha256:b5e32572672dd8b36a21cc2f29320b9e70bd13045423253c15a57b8f1c3b5ba9,2,0,1,1,1
2,PRIME_TINY,3,main-2-PRIME_TINY-t0,include_01,sha256:b5e32572672dd8b36a21cc2f29320b9e70bd13045423253c15a57b8f1c3b5ba9,2,1,4,4,1
2,PRIME_TINY,3,main-2-PRIME_TINY-t0,include_01,sha256:b5e32572672dd8b36a21cc2f29320b9e70bd13045423253c15a57b8f1c3b5ba9,2,2,9,9,1
2,PRIME_TINY,3,main-2-PRIME_TINY-t1,include_01,sha256:f9b2f0176214848c0aa3f142230faefb98ad69c5cf3360fcbbe05ecefffefbce,2,0,1,1,1
2,PRIME_TINY,3,main-2-PRIME_TINY-t1,include_01,sha256:f9b2f0176214848c0aa3f142230faefb98ad69c5cf3360fcbbe05ecefffefbce,2,1,4,4,1
2,PRIME_TINY,3,main-2-PRIME_TINY-t1,include_01,sha256:f9b2f0176214848c0aa3f142230faefb98ad69c5cf3360fcbbe05ecefffefbce,2,2,9,9,1
2,PRIME_TINY,3,main-2-PRIME_TINY-t2,include_01,sha256:715f1897b04eef94f0d43284a364b2202c6d7ed7c45b13a7f390225262389eb3,1,0,1,1,1
2,PRIME_TINY,3,main-2-PRIME_TINY-t2,include_01,sha256:715f1897b04eef94f0d43284a364b2202c6d7ed7c45b13a7f390225262389eb3,1,1,4,4,1
2,PRIME_TINY,3,main-2-PRIME_TINY-t2,include_01,sha256:715f1897b04eef94f0d43284a364b2202c6d7ed7c45b13a7f390225262389eb3,1,2,9,9,1
2,PRIME_TINY,3,main-2-PRIME_TINY-t3,include_01,sha256:b2d3c00c7fbae1906d75068e7bfad6c0ae5011096a6c5232f6922895004d82ca,0,0,1,1,1
2,PRIME_TINY,3,main-2-PRIME_TINY-t3,include_01,sha256:b2d3c00c7fbae1906d75068e7bfad6c0ae5011096a6c5232f6922895004d82ca,0,1,4,4,1
2,PRIME_TINY,3,main-2-PRIME_TINY-t3,include_01,sha256:b2d3c00c7fbae1906d75068e7bfad6c0ae5011096a6c5232f6922895004d82ca,0,2,9,9,1
2,PRIME_TINY,3,main-2-PRIME_TINY-t4,include_01,sha256:6793fbf7076a725aac175046c8773c8b88046d0aceb38856c752f79bda11050f,1,0,1,1,1
2,PRIME_TINY,3,main-2-PRIME_TINY-t4,include_01,sha256:6793fbf7076a725aac175046c8773c8b88046d0aceb38856c752f79bda11050f,1,1,4,4,1
2,PRIME_TINY,3,main-2-PRIME_TINY-t4,include_01,sha256:6793fbf7076a725aac175046c8773c8b88046d0aceb38856c752f79bda11050f,1,2,9,9,1
2,PRIME_MERSENNE_61,2305843009213693951,main-2-PRIME_MERSENNE_61-t0,include_01,sha256:c072cbba0342bae5cb5119c5fa96f9053001f50283667ecb2ef5d4383bd06ee9,0,0,1,1,1
2,PRIME_MERSENNE_61,2305843009213693951,main-2-PRIME_MERSENNE_61-t0,include_01,sha256:c072cbba0342bae5cb5119c5fa96f9053001f50283667ecb2ef5d4383bd06ee9,0,1,4,4,1
2,PRIME_MERSENNE_61,2305843009213693951,main-2-PRIME_MERSENNE_61-t0,include_01,sha256:c072cbba0342bae5cb5119c5fa96f9053001f50283667ecb2ef5d4383bd06ee9,0,2,9,9,1
2,PRIME_MERSENNE_61,2305843009213693951,main-2-PRIME_MERSENNE_61-t1,include_01,sha256:57a8d28300c250ff38761ad0d3fa424b436752d7bf7d32e86c5d457ca953cb7a,0,0,1,1,1
2,PRIME_MERSENNE_61,2305843009213693951,main-2-PRIME_MERSENNE_61-t1,include_01,sha256:57a8d28300c250ff38761ad0d3fa424b436752d7bf7d32e86c5d457ca953cb7a,0,1,4,4,1
2,PRIME_MERSENNE_61,2305843009213693951,main-2-PRIME_MERSENNE_61-t1,include_01,sha256:57a8d28300c250ff38761ad0d3fa424b436752d7bf7d32e86c5d457ca953cb7a,0,2,9,9,1
2,PRIME_MERSENNE_61,2305843009213693951,main-2-PRIME_MERSENNE_61-t2,include_01,sha256:e9931bf65ecbc404fb2c6fe2a90df3717dcb2bf0da642b18c044ef00104c8cca,0,0,1,1,1
2,PRIME_MERSENNE_61,2305843009213693951,main-2-PRIME_MERSENNE_61-t2,include_01,sha256:e9931bf65ecbc404fb2c6fe2a90df3717dcb2bf0da642b18c044ef00104c8cca,0,1,4,4,1
2,PRIME_MERSENNE_61,2305843009213693951,main-2-PRIME_MERSENNE_61-t2,include_01,sha256:e9931bf65ecbc404fb2c6fe2a90df3717dcb2bf0da642b18c044ef00104c8cca,0,2,9,9,1
2,PRIME_MERSENNE_61,2305843009213693951,main-2-PRIME_MERSENNE_61-t3,include_01,sha256:210c9c5053c24feba42385215772866c8dfb9a18cef80bc26729bf52043d71e2,0,0,1,1,1
2,PRIME_MERSENNE_61,2305843009213693951,main-2-PRIME_MERSENNE_61-t3,include_01,sha256:210c9c5053c24feba42385215772866c8dfb9a18cef80bc26729bf52043d71e2,0,1,4,4,1
2,PRIME_MERSENNE_61,2305843009213693951,main-2-PRIME_MERSENNE_61-t3,include_01,sha256:210c9c5053c24feba42385215772866c8dfb9a18cef80bc26729bf52043d71e2,0,2,9,9,1
2,PRIME_MERSENNE_61,2305843009213693951,main-2-PRIME_MERSENNE_61-t4,include_01,sha256:58d7beb7193533a0a1e75ee888ce8e9c41b5668e7a336ebb2941782530c50d3c,0,0,1,1,1
2,PRIME_MERSENNE_61,2305843009213693951,main-2-PRIME_MERSENNE_61-t4,include_01,sha256:58d7beb7193533a0a1e75ee888ce8e9c41b5668e7a336ebb2941782530c50d3c,0,1,4,4,1
2,PRIME_MERSENNE_61,2305843009213693951,main-2-PRIME_MERSENNE_61-t4,include_01,sha256:58d7beb7193533a0a1e75ee888ce8e9c41b5668e7a336ebb2941782530c50d3c,0,2,9,9,1
2,PRIME_RANDOM_61,2305843009213693967,main-2-PRIME_RANDOM_61-t0,include_01,sha256:b1c3f08cb90eab07dfc384fb8b7f6e0b11ba1bb86255a965116c164165df100e,0,0,1,1,1
2,PRIME_RANDOM_61,2305843009213693967,main-2-PRIME_RANDOM_61-t0,include_01,sha256:b1c3f08cb90eab07dfc384fb8b7f6e0b11ba1bb86255a965116c164165df100e,0,1,4,4,1
2,PRIME_RANDOM_61,2305843009213693967,main-2-PRIME_RANDOM_61-t0,include_01,sha256:b1c3f08cb90eab07dfc384fb8b7f6e0b11ba1bb86255a965116c164165df100e,0,2,9,9,1
2,PRIME_RANDOM_61,2305843009213693967,main-2-PRIME_RANDOM_61-t1,include_01,sha256:5ffc3934d17938e0b39b343225ca8e3a7803935d697e6cd01a363cd1848597bc,0,0,1,1,1
2,PRIME_RANDOM_61,2305843009213693967,main-2-PRIME_RANDOM_61-t1,include_01,sha256:5ffc3934d17938e0b39b343225ca8e3a7803935d697e6cd01a363cd1848597bc,0,1,4,4,1
2,PRIME_RANDOM_61,2305843009213693967,main-2-PRIME_RANDOM_61-t1,include_01,sha256:5ffc3934d17938e0b39b343225ca8e3a7803935d697e6cd01a363cd1848597bc,0,2,9,9,1
2,PRIME_RANDOM_61,2305843009213693967,main-2-PRIME_RANDOM_61-t2,include_01,sha256:ea2c25c2ce018ccd89e73948f25118ca00db3b8fbbd7f75a95392f1e50a1c77f,0,0,1,1,1
2,PRIME_RANDOM_61,2305843009213693967,main-2-PRIME_RANDOM_61-t2,include_01,sha256:ea2c25c2ce018ccd89e73948f25118ca00db3b8fbbd7f75a95392f1e50a1c77f,0,1,4,4,1
2,PRIME_RANDOM_61,2305843009213693967,main-2-PRIME_RANDOM_61-t2,include_01,sha256:ea2c25c2ce018ccd89e73948f25118ca00db3b8fbbd7f75a95392f1e50a1c77f,0,2,9,9,1
2,PRIME_RANDOM_61,2305843009213693967,main-2-PRIME_RANDOM_61-t3,include_01,sha256:bce5dc2bfe9de960681d0d2bb4b48c5fab85c7b9dce40a4475e3d1ce8fa317e6,0,0,1,1,1
2,PRIME_RANDOM_61,2305843009213693967,main-2-PRIME_RANDOM_61-t3,include_01,sha256:bce5dc2bfe9de960681d0d2bb4b48c5fab85c7b9dce40a4475e3d1ce8fa317e6,0,1,4,4,1
2,PRIME_RANDOM_61,2305843009213693967,main-2-PRIME_RANDOM_61-t3,include_01,sha256:bce5dc2bfe9de960681d0d2bb4b48c5fab85c7b9dce40a4475e3d1ce8fa317e6,0,2,9,9,1
2,PRIME_RANDOM_61,2305843009213693967,main-2-PRIME_RANDOM_61-t4,include_01,sha256:b568d11aaccf2a0c738cbcd0691e67abf99317e791dd5141d4beb78f2496e5e7,0,0,1,1,1
2,PRIME_RANDOM_61,2305843009213693967,main-2-PRIME_RANDOM_61-t4,include_01,sha256:b568d11aaccf2a0c738cbcd0691e67abf99317e791dd5141d4beb78f2496e5e7,0,1,4,4,1
2,PRIME_RANDOM_61,2305843009213693967,main-2-PRIME_RANDOM_61-t4,include_01,sha256:b568d11aaccf2a0c738cbcd0691e67abf99317e791dd5141d4beb78f2496e5e7,0,2,9,9,1
3,PRIME_TINY,3,main-3-PRIME_TINY-t0,include_01,sha256:54e2856f279280f960a91847de4b3e0414c8ae636dc0996f37de8d2e4beb58c6,2,0,1,1,1
3,PRIME_TINY,3,main-3-PRIME_TINY-t0,include_01,sha256:54e2856f279280f960a91847de4b3e0414c8ae636dc0996f37de8d2e4beb58c6,2,1,4,4,1
3,PRIME_TINY,3,main-3-PRIME_TINY-t0,include_01,sha256:54e2856f279280f960a91847de4b3e0414c8ae636dc0996f37de8d2e4beb58c6,2,2,7,7,1
3,PRIME_TINY,3,main-3-PRIME_TINY-t0,include_01,sha256:54e2856f279280f960a91847de4b3e0414c8ae636dc0996f37de8d2e4beb58c6,2,3,12,12,1
3,PRIME_TINY,3,main-3-PRIME_TINY-t1,include_01,sha256:be6c674552a142a9bdf45811f41f1a8a4140cf00a06435316453fc73ca923c98,2,0,1,1,1
3,PRIME_TINY,3,main-3-PRIME_TINY-t1,include_01,sha256:be6c674552a142a9bdf45811f41f1a8a4140cf00a06435316453fc73ca923c98,2,1,4,4,1
3,PRIME_TINY,3,main-3-PRIME_TINY-t1,include_01,sha256:be6c674552a142a9bdf45811f41f1a8a4140cf00a06435316453fc73ca923c98,2,2,7,7,1
3,PRIME_TINY,3,main-3-PRIME_TINY-t1,include_01,sha256:be6c674552a142a9bdf45811f41f1a8a4140cf00a06435316453fc73ca923c98,2,3,12,12,1
3,PRIME_TINY,3,main-3-PRIME_TINY-t2,include_01,sha256:61c91b6082bec7b41a45642cf34cb944033729d48e63b9c7e50cc09683b91144,2,0,1,1,1
3,PRIME_TINY,3,main-3-PRIME_TINY-t2,include_01,sha256:61c91b6082bec7b41a45642cf34cb944033729d48e63b9c7e50cc09683b91144,2,1,4,4,1
3,PRIME_TINY,3,main-3-PRIME_TINY-t2,include_01,sha256:61c91b6082bec7b41a45642cf34cb944033729d48e63b9c7e50cc09683b91144,2,2,7,7,1
3,PRIME_TINY,3,main-3-PRIME_TINY-t2,include_01,sha256:61c91b6082bec7b41a45642cf34cb944033729d48e63b9c7e50cc09683b91144,2,3,12,12,1
3,PRIME_TINY,3,main-3-PRIME_TINY-t3,include_01,sha256:74acb1b9b80eea971ce16d74af1d52fe84a19796eb5b32540b15549ab9171d2c,2,0,1,1,1
3,PRIME_TINY,3,main-3-PRIME_TINY-t3,include_01,sha256:74acb1b9b80eea971ce16d74af1d52fe84a19796eb5b32540b15549ab9171d2c,2,1,4,4,1
3,PRIME_TINY,3,main-3-PRIME_TINY-t3,include_01,sha256:74acb1b9b80eea971ce16d74af1d52fe84a19796eb5b32540b15549ab9171d2c,2,2,7,7,1
3,PRIME_TINY,3,main-3-PRIME_TINY-t3,include_01,sha256:74acb1b9b80eea971ce16d74af1d52fe84a19796eb5b32540b15549ab9171d2c,2,3,12,12,1
3,PRIME_TINY,3,main-3-PRIME_TINY-t4,include_01,sha256:3b637da065290f49ce30c3290a87b98b4f6c952c8e96eb0c628bdbd1761fcc17,1,0,1,1,1
3,PRIME_TINY,3,main-3-PRIME_TINY-t4,include_01,sha256:3b637da065290f49ce30c3290a87b98b4f6c952c8e96eb0c628bdbd1761fcc17,1,1,4,4,1
3,PRIME_TINY,3,main-3-PRIME_TINY-t4,include_01,sha256:3b637da065290f49ce30c3290a87b98b4f6c952c8e96eb0c628bdbd1761fcc17,1,2,7,7,1
3,PRIME_TINY,3,main-3-PRIME_TINY-t4,include_01,sha256:3b637da065290f49ce30c3290a87b98b4f6c952c8e96eb0c628bdbd1761fcc17,1,3,12,12,1
3,PRIME_MERSENNE_61,2305843009213693951,main-3-PRIME_MERSENNE_61-t0,include_01,sha256:8c06fbe3ef4c2666cb5231f8f46149c4da3dc5c8ada076114c77c0441d1a26f3,0,0,1,1,1
3,PRIME_MERSENNE_61,2305843009213693951,main-3-PRIME_MERSENNE_61-t0,include_01,sha256:8c06fbe3ef4c2666cb5231f8f46149c4da3dc5c8ada076114c77c0441d1a26f3,0,1,4,4,1
3,PRIME_MERSENNE_61,2305843009213693951,main-3-PRIME_MERSENNE_61-t0,include_01,sha256:8c06fbe3ef4c2666cb5231f8f46149c4da3dc5c8ada076114c77c0441d1a26f3,0,2,7,7,1
3,PRIME_MERSENNE_61,2305843009213693951,main-3-PRIME_MERSENNE_61-t0,include_01,sha256:8c06fbe3ef4c2666cb5231f8f46149c4da3dc5c8ada076114c77c0441d1a26f3,0,3,12,12,1
3,PRIME_MERSENNE_61,2305843009213693951,main-3-PRIME_MERSENNE_61-t1,include_01,sha256:fa59777ff52d6225a10c2f36d807066bec20009f0fd2cf43b68e4527dd28cba3,0,0,1,1,1
3,PRIME_MERSENNE_61,2305843009213693951,main-3-PRIME_MERSENNE_61-t1,include_01,sha256:fa59777ff52d6225a10c2f36d807066bec20009f0fd2cf43b68e4527dd28cba3,0,1,4,4,1
3,PRIME_MERSENNE_61,2305843009213693951,main-3-PRIME_MERSENNE_61-t1,include_01,sha256:fa59777ff52d6225a10c2f36d807066bec20009f0fd2cf43b68e4527dd28cba3,0,2,7,7,1
3,PRIME_MERSENNE_61,2305843009213693951,main-3-PRIME_MERSENNE_61-t1,include_01,sha256:fa59777ff52d6225a10c2f36d807066bec20009f0fd2cf43b68e4527dd28cba3,0,3,12,12,1
3,PRIME_MERSENNE_61,2305843009213693951,main-3-PRIME_MERSENNE_61-t2,include_01,sha256:031004f6606a0508556f708bccb400a97ba11c7daf4df685273d91b4132c76a5,0,0,1,1,1
3,PRIME_MERSENNE_61,2305843009213693951,main-3-PRIME_MERSENNE_61-t2,include_01,sha256:031004f6606a0508556f708bccb400a97ba11c7daf4df685273d91b4132c76a5,0,1,4,4,1
3,PRIME_MERSENNE_61,2305843009213693951,main-3-PRIME_MERSENNE_61-t2,include_01,sha256:031004f6606a0508556f708bccb400a97ba11c7daf4df685273d91b4132c76a5,0,2,7,7,1
3,PRIME_MERSENNE_61,2305843009213693951,main-3-PRIME_MERSENNE_61-t2,include_01,sha256:031004f6606a0508556f708bccb400a97ba11c7daf4df685273d91b4132c76a5,0,3,12,12,1
3,PRIME_MERSENNE_61,2305843009213693951,main-3-PRIME_MERSENNE_61-t3,include_01,sha256:d929bf48abf73d3065cc59200e845c4c3e4b85ebdb2b83a07896417de5bb10b1,0,0,1,1,1
3,PRIME_MERSENNE_61,2305843009213693951,main-3-PRIME_MERSENNE_61-t3,include_01,sha256:d929bf48abf73d3065cc59200e845c4c3e4b85ebdb2b83a07896417de5bb10b1,0,1,4,4,1
3,PRIME_MERSENNE_61,2305843009213693951,main-3-PRIME_MERSENNE_61-t3,include_01,sha256:d929bf48abf73d3065cc59200e845c4c3e4b85ebdb2b83a07896417de5bb10b1,0,2,7,7,1
3,PRIME_MERSENNE_61,2305843009213693951,main-3-PRIME_MERSENNE_61-t3,include_01,sha256:d929bf48abf73d3065cc59200e845c4c3e4b85ebdb2b83a07896417de5bb10b1,0,3,12,12,1
3,PRIME_MERSENNE_61,2305843009213693951,main-3-PRIME_MERSENNE_61-t4,include_01,sha256:1671792eb58cf97ae9c7f92018cfaef742043f86eedfc842952bc09615d650e3,0,0,1,1,1
3,PRIME_MERSENNE_61,2305843009213693951,main-3-PRIME_MERSENNE_61-t4,include_01,sha256:1671792eb58cf97ae9c7f92018cfaef742043f86eedfc842952bc09615d650e3,0,1,4,4,1
3,PRIME_MERSENNE_61,2305843009213693951,main-3-PRIME_MERSENNE_61-t4,include_01,sha256:1671792eb58cf97ae9c7f92018cfaef742043f86eedfc842952bc09615d650e3,0,2,7,7,1
3,PRIME_MERSENNE_61,2305843009213693951,main-3-PRIME_MERSENNE_61-t4,include_01,sha256:1671792eb58cf97ae9c7f92018cfaef742043f86eedfc842952bc09615d650e3,0,3,12,12,1
3,PRIME_RANDOM_61,2305843009213693967,main-3-PRIME_RANDOM_61-t0,include_01,sha256:bbb60abc8718f2ade74212c08ad245ab658c8ac77fe6828ed75d94e63ffa537c,0,0,1,1,1
3,PRIME_RANDOM_61,2305843009213693967,main-3-PRIME_RANDOM_61-t0,include_01,sha256:bbb60abc8718f2ade74212c08ad245ab658c8ac77fe6828ed75d94e63ffa537c,0,1,4,4,1
3,PRIME_RANDOM_61,2305843009213693967,main-3-PRIME_RANDOM_61-t0,include_01,sha256:bbb60abc8718f2ade74212c08ad245ab658c8ac77fe6828ed75d94e63ffa537c,0,2,7,7,1
3,PRIME_RANDOM_61,2305843009213693967,main-3-PRIME_RANDOM_61-t0,include_01,sha256:bbb60abc8718f2ade74212c08ad245ab658c8ac77fe6828ed75d94e63ffa537c,0,3,12,12,1
3,PRIME_RANDOM_61,2305843009213693967,main-3-PRIME_RANDOM_61-t1,include_01,sha256:2275875d7d4513850aea361e425a55aa86ae6139495798ae1d83b14ba8e641d4,0,0,1,1,1
3,PRIME_RANDOM_61,2305843009213693967,main-3-PRIME_RANDOM_61-t1,include_01,sha256:2275875d7d4513850aea361e425a55aa86ae6139495798ae1d83b14ba8e641d4,0,1,4,4,1
3,PRIME_RANDOM_61,2305843009213693967,main-3-PRIME_RANDOM_61-t1,include_01,sha256:2275875d7d4513850aea361e425a55aa86ae6139495798ae1d83b14ba8e641d4,0,2,7,7,1
3,PRIME_RANDOM_61,2305843009213693967,main-3-PRIME_RANDOM_61-t1,include_01,sha256:2275875d7d4513850aea361e425a55aa86ae6139495798ae1d83b14ba8e641d4,0,3,12,12,1
3,PRIME_RANDOM_61,2305843009213693967,main-3-PRIME_RANDOM_61-t2,include_01,sha256:3a0033501b5111226f6a2801d1d94e234ef95df37349a7c67abea65d1610ac44,0,0,1,1,1
3,PRIME_RANDOM_61,2305843009213693967,main-3-PRIME_RANDOM_61-t2,include_01,sha256:3a0033501b5111226f6a2801d1d94e234ef95df37349a7c67abea65d1610ac44,0,1,4,4,1
3,PRIME_RANDOM_61,2305843009213693967,main-3-PRIME_RANDOM_61-t2,include_01,sha256:3a0033501b5111226f6a2801d1d94e234ef95df37349a7c67abea65d1610ac44,0,2,7,7,1
3,PRIME_RANDOM_61,2305843009213693967,main-3-PRIME_RANDOM_61-t2,include_01,sha256:3a0033501b5111226f6a2801d1d94e234ef95df37349a7c67abea65d1610ac44,0,3,12,12,1
3,PRIME_RANDOM_61,2305843009213693967,main-3-PRIME_RANDOM_61-t3,include_01,sha256:f91732d788d9d87bc7ee014de29c60c4d3df3859015df8cee1aff945d528a0c3,0,0,1,1,1
3,PRIME_RANDOM_61,2305843009213693967,main-3-PRIME_RANDOM_61-t3,include_01,sha256:f91732d788d9d87bc7ee014de29c60c4d3df3859015df8cee1aff945d528a0c3,0,1,4,4,1
3,PRIME_RANDOM_61,2305843009213693967,main-3-PRIME_RANDOM_61-t3,include_01,sha256:f91732d788d9d87bc7ee014de29c60c4d3df3859015df8cee1aff945d528a0c3,0,2,7,7,1
3,PRIME_RANDOM_61,2305843009213693967,main-3-PRIME_RANDOM_61-t3,include_01,sha256:f91732d788d9d87bc7ee014de29c60c4d3df3859015df8cee1aff945d528a0c3,0,3,12,12,1
3,PRIME_RANDOM_61,2305843009213693967,main-3-PRIME_RANDOM_61-t4,include_01,sha256:7dec7fb7316a78d31fcc57335d3043ab5a1fa836445ef9191059e6eef5687990,0,0,1,1,1
3,PRIME_RANDOM_61,2305843009213693967,main-3-PRIME_RANDOM_61-t4,include_01,sha256:7dec7fb7316a78d31fcc57335d3043ab5a1fa836445ef9191059e6eef5687990,0,1,4,4,1
3,PRIME_RANDOM_61,2305843009213693967,main-3-PRIME_RANDOM_61-t4,include_01,sha256:7dec7fb7316a78d31fcc57335d3043ab5a1fa836445ef9191059e6eef5687990,0,2,7,7,1
3,PRIME_RANDOM_61,2305843009213693967,main-3-PRIME_RANDOM_61-t4,include_01,sha256:7dec7fb7316a78d31fcc57335d3043ab5a1fa836445ef9191059e6eef5687990,0,3,12,12,1
4,PRIME_TINY,3,main-4-PRIME_TINY-t0,include_01,sha256:68cb8ef04633c1a3ccb9c1e31977f3aba9814c2741001153a1dc53baf0b1a5eb,3,0,1,1,1
4,PRIME_TINY,3,main-4-PRIME_TINY-t0,include_01,sha256:68cb8ef04633c1a3ccb9c1e31977f3aba9814c2741001153a1dc53baf0b1a5eb,3,1,4,4,1
4,PRIME_TINY,3,main-4-PRIME_TINY-t0,include_01,sha256:68cb8ef04633c1a3ccb9c1e31977f3aba9814c2741001153a1dc53baf0b1a5eb,3,2,7,7,1
4,PRIME_TINY,3,main-4-PRIME_TINY-t0,include_01,sha256:68cb8ef04633c1a3ccb9c1e31977f3aba9814c2741001153a1dc53baf0b1a5eb,3,3,10,10,1
4,PRIME_TINY,3,main-4-PRIME_TINY-t0,include_01,sha256:68cb8ef04633c1a3ccb9c1e31977f3aba9814c2741001153a1dc53baf0b1a5eb,3,4,15,15,1
4,PRIME_TINY,3,main-4-PRIME_TINY-t1,include_01,sha256:290b281eb0c377c240a34dd0bf50ec1d1f1a850a2238e5ecd87f25796393688d,4,0,1,1,1
4,PRIME_TINY,3,main-4-PRIME_TINY-t1,include_01,sha256:290b281eb0c377c240a34dd0bf50ec1d1f1a850a2238e5ecd87f25796393688d,4,1,4,4,1
4,PRIME_TINY,3,main-4-PRIME_TINY-t1,include_01,sha256:290b281eb0c377c240a34dd0bf50ec1d1f1a850a2238e5ecd87f25796393688d,4,2,7,7,1
4,PRIME_TINY,3,main-4-PRIME_TINY-t1,include_01,sha256:290b281eb0c377c240a34dd0bf50ec1d1f1a850a2238e5ecd87f25796393688d,4,3,10,10,1
4,PRIME_TINY,3,main-4-PRIME_TINY-t1,include_01,sha256:290b281eb0c377c240a34dd0bf50ec1d1f1a850a2238e5ecd87f25796393688d,4,4,15,15,1
4,PRIME_TINY,3,main-4-PRIME_TINY-t2,include_01,sha256:3ddd30c67cbc9977afffd2ff91d25a321ac4e2829e32c7bb215caad3491bf81b,2,0,1,1,1
4,PRIME_TINY,3,main-4-PRIME_TINY-t2,include_01,sha256:3ddd30c67cbc9977afffd2ff91d25a321ac4e2829e32c7bb215caad3491bf81b,2,1,4,4,1
4,PRIME_TINY,3,main-4-PRIME_TINY-t2,include_01,sha256:3ddd30c67cbc9977afffd2ff91d25a321ac4e2829e32c7bb215caad3491bf81b,2,2,7,7,1
4,PRIME_TINY,3,main-4-PRIME_TINY-t2,include_01,sha256:3ddd30c67cbc9977afffd2ff91d25a321ac4e2829e32c7bb215caad3491bf81b,2,3,10,10,1
4,PRIME_TINY,3,main-4-PRIME_TINY-t2,include_01,sha256:3ddd30c67cbc9977afffd2ff91d25a321ac4e2829e32c7bb215caad3491bf81b,2,4,15,15,1
4,PRIME_TINY,3,main-4-PRIME_TINY-t3,include_01,sha256:1c13775f6e7ae9f39ca0bd922e8fed27b546303f56c237d722df87258806e666,2,0,1,1,1
4,PRIME_TINY,3,main-4-PRIME_TINY-t3,include_01,sha256:1c13775f6e7ae9f39ca0bd922e8fed27b546303f56c237d722df87258806e666,2,1,4,4,1
4,PRIME_TINY,3,main-4-PRIME_TINY-t3,include_01,sha256:1c13775f6e7ae9f39ca0bd922e8fed27b546303f56c237d722df87258806e666,2,2,7,7,1
4,PRIME_TINY,3,main-4-PRIME_TINY-t3,include_01,sha256:1c13775f6e7ae9f39ca0bd922e8fed27b546303f56c237d722df87258806e666,2,3,10,10,1
4,PRIME_TINY,3,main-4-PRIME_TINY-t3,include_01,sha256:1c13775f6e7ae9f39ca0bd922e8fed27b546303f56c237d722df87258806e666,2,4,15,15,1
4,PRIME_TINY,3,main-4-PRIME_TINY-t4,include_01,sha256:e0bcfef9af20b87463ffc62d9eaea7c32798b295d1d196e7237de32dd4463c19,1,0,1,1,1
4,PRIME_TINY,3,main-4-PRIME_TINY-t4,include_01,sha256:e0bcfef9af20b87463ffc62d9eaea7c32798b295d1d196e7237de32dd4463c19,1,1,4,4,1
4,PRIME_TINY,3,main-4-PRIME_TINY-t4,include_01,sha256:e0bcfef9af20b87463ffc62d9eaea7c32798b295d1d196e7237de32dd4463c19,1,2,7,7,1
4,PRIME_TINY,3,main-4-PRIME_TINY-t4,include_01,sha256:e0bcfef9af20b87463ffc62d9eaea7c32798b295d1d196e7237de32dd4463c19,1,3,10,10,1
4,PRIME_TINY,3,main-4-PRIME_TINY-t4,include_01,sha256:e0bcfef9af20b87463ffc62d9eaea7c32798b295d1d196e7237de32dd4463c19,1,4,15,15,1
4,PRIME_MERSENNE_61,2305843009213693951,main-4-PRIME_MERSENNE_61-t0,include_01,sha256:63ed984cffe16eab9a845234b2192b3bb551e830a82125fee273e333a2431e3f,0,0,1,1,1
4,PRIME_MERSENNE_61,2305843009213693951,main-4-PRIME_MERSENNE_61-t0,include_01,sha256:63ed984cffe16eab9a845234b2192b3bb551e830a82125fee273e333a2431e3f,0,1,4,4,1
4,PRIME_MERSENNE_61,2305843009213693951,main-4-PRIME_MERSENNE_61-t0,include_01,sha256:63ed984cffe16eab9a845234b2192b3bb551e830a82125fee273e333a2431e3f,0,2,7,7,1
4,PRIME_MERSENNE_61,2305843009213693951,main-4-PRIME_MERSENNE_61-t0,include_01,sha256:63ed984cffe16eab9a845234b2192b3bb551e830a82125fee273e333a2431e3f,0,3,10,10,1
4,PRIME_MERSENNE_61,2305843009213693951,main-4-PRIME_MERSENNE_61-t0,include_01,sha256:63ed984cffe16eab9a845234b2192b3bb551e830a82125fee273e333a2431e3f,0,4,15,15,1
4,PRIME_MERSENNE_61,2305843009213693951,main-4-PRIME_MERSENNE_61-t1,include_01,sha256:0edf6820385e24c29ca27bc20a0cc72994ad07aefb64f2835c12a7f289d7ffe7,0,0,1,1,1
4,PRIME_MERSENNE_61,2305843009213693951,main-4-PRIME_MERSENNE_61-t1,include_01,sha256:0edf6820385e24c29ca27bc20a0cc72994ad07aefb64f2835c12a7f289d7ffe7,0,1,4,4,1
4,PRIME_MERSENNE_61,2305843009213693951,main-4-PRIME_MERSENNE_61-t1,include_01,sha256:0edf6820385e24c29ca27bc20a0cc72994ad07aefb64f2835c12a7f289d7ffe7,0,2,7,7,1
4,PRIME_MERSENNE_61,2305843009213693951,main-4-PRIME_MERSENNE_61-t1,include_01,sha256:0edf6820385e24c29ca27bc20a0cc72994ad07aefb64f2835c12a7f289d7ffe7,0,3,10,10,1
4,PRIME_MERSENNE_61,2305843009213693951,main-4-PRIME_MERSENNE_61-t1,include_01,sha256:0edf6820385e24c29ca27bc20a0cc72994ad07aefb64f2835c12a7f289d7ffe7,0,4,15,15,1
4,PRIME_MERSENNE_61,2305843009213693951,main-4-PRIME_MERSENNE_61-t2,include_01,sha256:8c2c3088919335d902966e778eac25007f183380cc2327cd2e2256c11cb4e4b0,0,0,1,1,1
4,PRIME_MERSENNE_61,2305843009213693951,main-4-PRIME_MERSENNE_61-t2,include_01,sha256:8c2c3088919335d902966e778eac25007f183380cc2327cd2e2256c11cb4e4b0,0,1,4,4,1
4,PRIME_MERSENNE_61,2305843009213693951,main-4-PRIME_MERSENNE_61-t2,include_01,sha256:8c2c3088919335d902966e778eac25007f183380cc2327cd2e2256c11cb4e4b0,0,2,7,7,1
4,PRIME_MERSENNE_61,2305843009213693951,main-4-PRIME_MERSENNE_61-t2,include_01,sha256:8c2c3088919335d902966e778eac25007f183380cc2327cd2e2256c11cb4e4b0,0,3,10,10,1
4,PRIME_MERSENNE_61,2305843009213693951,main-4-PRIME_MERSENNE_61-t2,include_01,sha256:8c2c3088919335d902966e778eac25007f183380cc2327cd2e2256c11cb4e4b0,0,4,15,15,1
4,PRIME_MERSENNE_61,2305843009213693951,main-4-PRIME_MERSENNE_61-t3,include_01,sha256:28dfbb49a39cc3a03f9c4c822458b3d0a3ba5b233bfedf6c3f2d38cfe9ff3490,0,0,1,1,1
4,PRIME_MERSENNE_61,2305843009213693951,main-4-PRIME_MERSENNE_61-t3,include_01,sha256:28dfbb49a39cc3a03f9c4c822458b3d0a3ba5b233bfedf6c3f2d38cfe9ff3490,0,1,4,4,1
4,PRIME_MERSENNE_61,2305843009213693951,main-4-PRIME_MERSENNE_61-t3,include_01,sha256:28dfbb49a39cc3a03f9c4c822458b3d0a3ba5b233bfedf6c3f2d38cfe9ff3490,0,2,7,7,1
4,PRIME_MERSENNE_61,2305843009213693951,main-4-PRIME_MERSENNE_61-t3,include_01,sha256:28dfbb49a39cc3a03f9c4c822458b3d0a3ba5b233bfedf6c3f2d38cfe9ff3490,0,3,10,10,1
4,PRIME_MERSENNE_61,2305843009213693951,main-4-PRIME_MERSENNE_61-t3,include_01,sha256:28dfbb49a39cc3a03f9c4c822458b3d0a3ba5b233bfedf6c3f2d38cfe9ff3490,0,4,15,15,1
4,PRIME_MERSENNE_61,2305843009213693951,main-4-PRIME_MERSENNE_61-t4,include_01,sha256:83e4baf20f6b9f5cac119fdf05c04287d07d9f2bdfa1d1da9b8b5aee888235a4,0,0,1,1,1
4,PRIME_MERSENNE_61,2305843009213693951,main-4-PRIME_MERSENNE_61-t4,include_01,sha256:83e4baf20f6b9f5cac119fdf05c04287d07d9f2bdfa1d1da9b8b5aee888235a4,0,1,4,4,1
4,PRIME_MERSENNE_61,2305843009213693951,main-4-PRIME_MERSENNE_61-t4,include_01,sha256:83e4baf20f6b9f5cac119fdf05c04287d07d9f2bdfa1d1da9b8b5aee888235a4,0,2,7,7,1
4,PRIME_MERSENNE_61,2305843009213693951,main-4-PRIME_MERSENNE_61-t4,include_01,sha256:83e4baf20f6b9f5cac119fdf05c04287d07d9f2bdfa1d1da9b8b5aee888235a4,0,3,10,10,1
4,PRIME_MERSENNE_61,2305843009213693951,main-4-PRIME_MERSENNE_61-t4,include_01,sha256:83e4baf20f6b9f5cac119fdf05c04287d07d9f2bdfa1d1da9b8b5aee888235a4,0,4,15,15,1
4,PRIME_RANDOM_61,2305843009213693967,main-4-PRIME_RANDOM_61-t0,include_01,sha256:e1242635d76b70609c879e060b5105fd3801a6543149d93291ac428f40f87376,0,0,1,1,1
4,PRIME_RANDOM_61,2305843009213693967,main-4-PRIME_RANDOM_61-t0,include_01,sha256:e1242635d76b70609c879e060b5105fd3801a6543149d93291ac428f40f87376,0,1,4,4,1
4,PRIME_RANDOM_61,2305843009213693967,main-4-PRIME_RANDOM_61-t0,include_01,sha256:e1242635d76b70609c879e060b5105fd3801a6543149d93291ac428f40f87376,0,2,7,7,1
4,PRIME_RANDOM_61,2305843009213693967,main-4-PRIME_RANDOM_61-t0,include_01,sha256:e1242635d76b70609c879e060b5105fd3801a6543149d93291ac428f40f87376,0,3,10,10,1
4,PRIME_RANDOM_61,2305843009213693967,main-4-PRIME_RANDOM_61-t0,include_01,sha256:e1242635d76b70609c879e060b5105fd3801a6543149d93291ac428f40f87376,0,4,15,15,1
4,PRIME_RANDOM_61,2305843009213693967,main-4-PRIME_RANDOM_61-t1,include_01,sha256:876155ea2ab49097a66baa25d4beffdb55eab16de952f27475da7b5e1394f1da,0,0,1,1,1
4,PRIME_RANDOM_61,2305843009213693967,main-4-PRIME_RANDOM_61-t1,include_01,sha256:876155ea2ab49097a66baa25d4beffdb55eab16de952f27475da7b5e1394f1da,0,1,4,4,1
4,PRIME_RANDOM_61,2305843009213693967,main-4-PRIME_RANDOM_61-t1,include_01,sha256:876155ea2ab49097a66baa25d4beffdb55eab16de952f27475da7b5e1394f1da,0,2,7,7,1
4,PRIME_RANDOM_61,2305843009213693967,main-4-PRIME_RANDOM_61-t1,include_01,sha256:876155ea2ab49097a66baa25d4beffdb55eab16de952f27475da7b5e1394f1da,0,3,10,10,1
4,PRIME_RANDOM_61,2305843009213693967,main-4-PRIME_RANDOM_61-t1,include_01,sha256:876155ea2ab49097a66baa25d4beffdb55eab16de952f27475da7b5e1394f1da,0,4,15,15,1
4,PRIME_RANDOM_61,2305843009213693967,main-4-PRIME_RANDOM_61-t2,include_01,sha256:99eb111a9d8e1be9fc7a282e8b26e98a84d97c34d9d3f228da1ae6565d105fb8,0,0,1,1,1
4,PRIME_RANDOM_61,2305843009213693967,main-4-PRIME_RANDOM_61-t2,include_01,sha256:99eb111a9d8e1be9fc7a282e8b26e98a84d97c34d9d3f228da1ae6565d105fb8,0,1,4,4,1
4,PRIME_RANDOM_61,2305843009213693967,main-4-PRIME_RANDOM_61-t2,include_01,sha256:99eb111a9d8e1be9fc7a282e8b26e98a84d97c34d9d3f228da1ae6565d105fb8,0,2,7,7,1
4,PRIME_RANDOM_61,2305843009213693967,main-4-PRIME_RANDOM_61-t2,include_01,sha256:99eb111a9d8e1be9fc7a282e8b26e98a84d97c34d9d3f228da1ae6565d105fb8,0,3,10,10,1
4,PRIME_RANDOM_61,2305843009213693967,main-4-PRIME_RANDOM_61-t2,include_01,sha256:99eb111a9d8e1be9fc7a282e8b26e98a84d97c34d9d3f228da1ae6565d105fb8,0,4,15,15,1
4,PRIME_RANDOM_61,2305843009213693967,main-4-PRIME_RANDOM_61-t3,include_01,sha256:45a301e62fb71e951e0afb0a6b492185d0211447dc3c30a84b956b532b56ae62,0,0,1,1,1
4,PRIME_RANDOM_61,2305843009213693967,main-4-PRIME_RANDOM_61-t3,include_01,sha256:45a301e62fb71e951e0afb0a6b492185d0211447dc3c30a84b956b532b56ae62,0,1,4,4,1
4,PRIME_RANDOM_61,2305843009213693967,main-4-PRIME_RANDOM_61-t3,include_01,sha256:45a301e62fb71e951e0afb0a6b492185d0211447dc3c30a84b956b532b56ae62,0,2,7,7,1
4,PRIME_RANDOM_61,2305843009213693967,main-4-PRIME_RANDOM_61-t3,include_01,sha256:45a301e62fb71e951e0afb0a6b492185d0211447dc3c30a84b956b532b56ae62,0,3,10,10,1
4,PRIME_RANDOM_61,2305843009213693967,main-4-PRIME_RANDOM_61-t3,include_01,sha256:45a301e62fb71e951e0afb0a6b492185d0211447dc3c30a84b956b532b56ae62,0,4,15,15,1
4,PRIME_RANDOM_61,2305843009213693967,main-4-PRIME_RANDOM_61-t4,include_01,sha256:68a0d9af01a7ad26b7b9a7bac7065ed1baea57aac0cd1c866eb8146f957d01df,0,0,1,1,1
4,PRIME_RANDOM_61,2305843009213693967,main-4-PRIME_RANDOM_61-t4,include_01,sha256:68a0d9af01a7ad26b7b9a7bac7065ed1baea57aac0cd1c866eb8146f957d01df,0,1,4,4,1
4,PRIME_RANDOM_61,2305843009213693967,main-4-PRIME_RANDOM_61-t4,include_01,sha256:68a0d9af01a7ad26b7b9a7bac7065ed1baea57aac0cd1c866eb8146f957d01df,0,2,7,7,1
4,PRIME_RANDOM_61,2305843009213693967,main-4-PRIME_RANDOM_61-t4,include_01,sha256:68a0d9af01a7ad26b7b9a7bac7065ed1baea57aac0cd1c866eb8146f957d01df,0,3,10,10,1
4,PRIME_RANDOM_61,2305843009213693967,main-4-PRIME_RANDOM_61-t4,include_01,sha256:68a0d9af01a7ad26b7b9a7bac7065ed1baea57aac0cd1c866eb8146f957d01df,0,4,15,15,1
5,PRIME_TINY,3,main-5-PRIME_TINY-t0,include_01,sha256:062e1c5cd7c173591bea3657a1e748a16085baab97ba6bbf29af1a494e620c53,3,0,1,1,1
5,PRIME_TINY,3,main-5-PRIME_TINY-t0,include_01,sha256:062e1c5cd7c173591bea3657a1e748a16085baab97ba6bbf29af1a494e620c53,3,1,4,4,1
5,PRIME_TINY,3,main-5-PRIME_TINY-t0,include_01,sha256:062e1c5cd7c173591bea3657a1e748a16085baab97ba6bbf29af1a494e620c53,3,2,7,7,1
5,PRIME_TINY,3,main-5-PRIME_TINY-t0,include_01,sha256:062e1c5cd7c173591bea3657a1e748a16085baab97ba6bbf29af1a494e620c53,3,3,10,10,1
5,PRIME_TINY,3,main-5-PRIME_TINY-t0,include_01,sha256:062e1c5cd7c173591bea3657a1e748a16085baab97ba6bbf29af1a494e620c53,3,4,13,13,1
5,PRIME_TINY,3,main-5-PRIME_TINY-t0,include_01,sha256:062e1c5cd7c173591bea3657a1e748a16085baab97ba6bbf29af1a494e620c53,3,5,18,18,1
5,PRIME_TINY,3,main-5-PRIME_TINY-t1,include_01,sha256:a3622164edfb8ee3764b63508f989eb71e344fc38675566268ee6628da42b5e2,2,0,1,1,1
5,PRIME_TINY,3,main-5-PRIME_TINY-t1,include_01,sha256:a3622164edfb8ee3764b63508f989eb71e344fc38675566268ee6628da42b5e2,2,1,4,4,1
5,PRIME_TINY,3,main-5-PRIME_TINY-t1,include_01,sha256:a3622164edfb8ee3764b63508f989eb71e344fc38675566268ee6628da42b5e2,2,2,7,7,1
5,PRIME_TINY,3,main-5-PRIME_TINY-t1,include_01,sha256:a3622164edfb8ee3764b63508f989eb71e344fc38675566268ee6628da42b5e2,2,3,10,10,1
5,PRIME_TINY,3,main-5-PRIME_TINY-t1,include_01,sha256:a3622164edfb8ee3764b63508f989eb71e344fc38675566268ee6628da42b5e2,2,4,13,13,1
5,PRIME_TINY,3,main-5-PRIME_TINY-t1,include_01,sha256:a3622164edfb8ee3764b63508f989eb71e344fc38675566268ee6628da42b5e2,2,5,18,18,1
5,PRIME_TINY,3,main-5-PRIME_TINY-t2,include_01,sha256:fef9d6351b6d7ea4971bbc8e85b50bb6a96f6d7b114573c290771743f33903db,2,0,1,1,1
5,PRIME_TINY,3,main-5-PRIME_TINY-t2,include_01,sha256:fef9d6351b6d7ea4971bbc8e85b50bb6a96f6d7b114573c290771743f33903db,2,1,4,4,1
5,PRIME_TINY,3,main-5-PRIME_TINY-t2,include_01,sha256:fef9d6351b6d7ea4971bbc8e85b50bb6a96f6d7b114573c290771743f33903db,2,2,7,7,1
5,PRIME_TINY,3,main-5-PRIME_TINY-t2,include_01,sha256:fef9d6351b6d7ea4971bbc8e85b50bb6a96f6d7b114573c290771743f33903db,2,3,10,10,1
5,PRIME_TINY,3,main-5-PRIME_TINY-t2,include_01,sha256:fef9d6351b6d7ea4971bbc8e85b50bb6a96f6d7b114573c290771743f33903db,2,4,13,13,1
5,PRIME_TINY,3,main-5-PRIME_TINY-t2,include_01,sha256:fef9d6351b6d7ea4971bbc8e85b50bb6a96f6d7b114573c290771743f33903db,2,5,18,18,1
5,PRIME_TINY,3,main-5-PRIME_TINY-t3,include_01,sha256:8a69ffecb1fd4165d4a194eddd4eb253cbdc504a06a086fc9523dbdd595c4e7f,4,0,1,1,1
5,PRIME_TINY,3,main-5-PRIME_TINY-t3,include_01,sha256:8a69ffecb1fd4165d4a194eddd4eb253cbdc504a06a086fc9523dbdd595c4e7f,4,1,4,4,1
5,PRIME_TINY,3,main-5-PRIME_TINY-t3,include_01,sha256:8a69ffecb1fd4165d4a194eddd4eb253cbdc504a06a086fc9523dbdd595c4e7f,4,2,7,7,1
5,PRIME_TINY,3,main-5-PRIME_TINY-t3,include_01,sha256:8a69ffecb1fd4165d4a194eddd4eb253cbdc504a06a086fc9523dbdd595c4e7f,4,3,10,10,1
5,PRIME_TINY,3,main-5-PRIME_TINY-t3,include_01,sha256:8a69ffecb1fd4165d4a194eddd4eb253cbdc504a06a086fc9523dbdd595c4e7f,4,4,13,13,1
5,PRIME_TINY,3,main-5-PRIME_TINY-t3,include_01,sha256:8a69ffecb1fd4165d4a194eddd4eb253cbdc504a06a086fc9523dbdd595c4e7f,4,5,18,18,1
5,PRIME_TINY,3,main-5-PRIME_TINY-t4,include_01,sha256:527e09dcd77f0ad073c8c3dfef1b492f36bb5981aa314cf811d1221060433ab8,5,0,1,1,1
5,PRIME_TINY,3,main-5-PRIME_TINY-t4,include_01,sha256:527e09dcd77f0ad073c8c3dfef1b492f36bb5981aa314cf811d1221060433ab8,5,1,4,4,1
5,PRIME_TINY,3,main-5-PRIME_TINY-t4,include_01,sha256:527e09dcd77f0ad073c8c3dfef1b492f36bb5981aa314cf811d1221060433ab8,5,2,7,7,1
5,PRIME_TINY,3,main-5-PRIME_TINY-t4,include_01,sha256:527e09dcd77f0ad073c8c3dfef1b492f36bb5981aa314cf811d1221060433ab8,5,3,10,10,1
5,PRIME_TINY,3,main-5-PRIME_TINY-t4,include_01,sha256:527e09dcd77f0ad073c8c3dfef1b492f36bb5981aa314cf811d1221060433ab8,5,4,13,13,1
5,PRIME_TINY,3,main-5-PRIME_TINY-t4,include_01,sha256:527e09dcd77f0ad073c8c3dfef1b492f36bb5981aa314cf811d1221060433ab8,5,5,18,18,1
5,PRIME_MERSENNE_61,2305843009213693951,main-5-PRIME_MERSENNE_61-t0,include_01,sha256:aa81361968a1ddcc2ff7d44ff0b809c4352cf7f22901e5685036ea236b890abc,0,0,1,1,1
5,PRIME_MERSENNE_61,2305843009213693951,main-5-PRIME_MERSENNE_61-t0,include_01,sha256:aa81361968a1ddcc2ff7d44ff0b809c4352cf7f22901e5685036ea236b890abc,0,1,4,4,1
5,PRIME_MERSENNE_61,2305843009213693951,main-5-PRIME_MERSENNE_61-t0,include_01,sha256:aa81361968a1ddcc2ff7d44ff0b809c4352cf7f22901e5685036ea236b890abc,0,2,7,7,1
5,PRIME_MERSENNE_61,2305843009213693951,main-5-PRIME_MERSENNE_61-t0,include_01,sha256:aa81361968a1ddcc2ff7d44ff0b809c4352cf7f22901e5685036ea236b890abc,0,3,10,10,1
5,PRIME_MERSENNE_61,2305843009213693951,main-5-PRIME_MERSENNE_61-t0,include_01,sha256:aa81361968a1ddcc2ff7d44ff0b809c4352cf7f22901e5685036ea236b890abc,0,4,13,13,1
5,PRIME_MERSENNE_61,2305843009213693951,main-5-PRIME_MERSENNE_61-t0,include_01,sha256:aa81361968a1ddcc2ff7d44ff0b809c4352cf7f22901e5685036ea236b890abc,0,5,18,18,1
5,PRIME_MERSENNE_61,2305843009213693951,main-5-PRIME_MERSENNE_61-t1,include_01,sha256:d4f67dafb4940dff94fea0dc0b2729006ecafb789ed8ccb3d2357fb90403ed87,0,0,1,1,1
5,PRIME_MERSENNE_61,2305843009213693951,main-5-PRIME_MERSENNE_61-t1,include_01,sha256:d4f67dafb4940dff94fea0dc0b2729006ecafb789ed8ccb3d2357fb90403ed87,0,1,4,4,1
5,PRIME_MERSENNE_61,2305843009213693951,main-5-PRIME_MERSENNE_61-t1,include_01,sha256:d4f67dafb4940dff94fea0dc0b2729006ecafb789ed8ccb3d2357fb90403ed87,0,2,7,7,1
5,PRIME_MERSENNE_61,2305843009213693951,main-5-PRIME_MERSENNE_61-t1,include_01,sha256:d4f67dafb4940dff94fea0dc0b2729006ecafb789ed8ccb3d2357fb90403ed87,0,3,10,10,1
5,PRIME_MERSENNE_61,2305843009213693951,main-5-PRIME_MERSENNE_61-t1,include_01,sha256:d4f67dafb4940dff94fea0dc0b2729006ecafb789ed8ccb3d2357fb90403ed87,0,4,13,13,1
5,PRIME_MERSENNE_61,2305843009213693951,main-5-PRIME_MERSENNE_61-t1,include_01,sha256:d4f67dafb4940dff94fea0dc0b2729006ecafb789ed8ccb3d2357fb90403ed87,0,5,18,18,1
5,PRIME_MERSENNE_61,2305843009213693951,main-5-PRIME_MERSENNE_61-t2,include_01,sha256:40da97fc3ca4491c152a1d8922f5fdce9f09fc9108b5d48649329cf543a8575e,0,0,1,1,1
5,PRIME_MERSENNE_61,2305843009213693951,main-5-PRIME_MERSENNE_61-t2,include_01,sha256:40da97fc3ca4491c152a1d8922f5fdce9f09fc9108b5d48649329cf543a8575e,0,1,4,4,1
5,PRIME_MERSENNE_61,2305843009213693951,main-5-PRIME_MERSENNE_61-t2,include_01,sha256:40da97fc3ca4491c152a1d8922f5fdce9f09fc9108b5d48649329cf543a8575e,0,2,7,7,1
5,PRIME_MERSENNE_61,2305843009213693951,main-5-PRIME_MERSENNE_61-t2,include_01,sha256:40da97fc3ca4491c152a1d8922f5fdce9f09fc9108b5d48649329cf543a8575e,0,3,10,10,1
5,PRIME_MERSENNE_61,2305843009213693951,main-5-PRIME_MERSENNE_61-t2,include_01,sha256:40da97fc3ca4491c152a1d8922f5fdce9f09fc9108b5d48649329cf543a8575e,0,4,13,13,1
5,PRIME_MERSENNE_61,2305843009213693951,main-5-PRIME_MERSENNE_61-t2,include_01,sha256:40da97fc3ca4491c152a1d8922f5fdce9f09fc9108b5d48649329cf543a8575e,0,5,18,18,1
5,PRIME_MERSENNE_61,2305843009213693951,main-5-PRIME_MERSENNE_61-t3,include_01,sha256:1b9b379bb700aa2502f9f9c3f5656683c2ab4a0a970eeee5f1cc9e5783f8d5f2,0,0,1,1,1
5,PRIME_MERSENNE_61,2305843009213693951,main-5-PRIME_MERSENNE_61-t3,include_01,sha256:1b9b379bb700aa2502f9f9c3f5656683c2ab4a0a970eeee5f1cc9e5783f8d5f2,0,1,4,4,1
5,PRIME_MERSENNE_61,2305843009213693951,main-5-PRIME_MERSENNE_61-t3,include_01,sha256:1b9b379bb700aa2502f9f9c3f5656683c2ab4a0a970eeee5f1cc9e5783f8d5f2,0,2,7,7,1
5,PRIME_MERSENNE_61,2305843009213693951,main-5-PRIME_MERSENNE_61-t3,include_01,sha256:1b9b379bb700aa2502f9f9c3f5656683c2ab4a0a970eeee5f1cc9e5783f8d5f2,0,3,10,10,1
5,PRIME_MERSENNE_61,2305843009213693951,main-5-PRIME_MERSENNE_61-t3,include_01,sha256:1b9b379bb700aa2502f9f9c3f5656683c2ab4a0a970eeee5f1cc9e5783f8d5f2,0,4,13,13,1
5,PRIME_MERSENNE_61,2305843009213693951,main-5-PRIME_MERSENNE_61-t3,include_01,sha256:1b9b379bb700aa2502f9f9c3f5656683c2ab4a0a970eeee5f1cc9e5783f8d5f2,0,5,18,18,1
5,PRIME_MERSENNE_61,2305843009213693951,main-5-PRIME_MERSENNE_61-t4,include_01,sha256:62e16490eb4407b963925d38717727ac2b50694feed1c36eec368b61aaedffc5,0,0,1,1,1
5,PRIME_MERSENNE_61,2305843009213693951,main-5-PRIME_MERSENNE_61-t4,include_01,sha256:62e16490eb4407b963925d38717727ac2b50694feed1c36eec368b61aaedffc5,0,1,4,4,1
5,PRIME_MERSENNE_61,2305843009213693951,main-5-PRIME_MERSENNE_61-t4,include_01,sha256:62e16490eb4407b963925d38717727ac2b50694feed1c36eec368b61aaedffc5,0,2,7,7,1
5,PRIME_MERSENNE_61,2305843009213693951,main-5-PRIME_MERSENNE_61-t4,include_01,sha256:62e16490eb4407b963925d38717727ac2b50694feed1c36eec368b61aaedffc5,0,3,10,10,1
5,PRIME_MERSENNE_61,2305843009213693951,main-5-PRIME_MERSENNE_61-t4,include_01,sha256:62e16490eb4407b963925d38717727ac2b50694feed1c36eec368b61aaedffc5,0,4,13,13,1
5,PRIME_MERSENNE_61,2305843009213693951,main-5-PRIME_MERSENNE_61-t4,include_01,sha256:62e16490eb4407b963925d38717727ac2b50694feed1c36eec368b61aaedffc5,0,5,18,18,1
5,PRIME_RANDOM_61,2305843009213693967,main-5-PRIME_RANDOM_61-t0,include_01,sha256:ca33c3839ca94e994470c07ce9515379e348439188f0f6c8e247228f40eac80d,0,0,1,1,1
5,PRIME_RANDOM_61,2305843009213693967,main-5-PRIME_RANDOM_61-t0,include_01,sha256:ca33c3839ca94e994470c07ce9515379e348439188f0f6c8e247228f40eac80d,0,1,4,4,1
5,PRIME_RANDOM_61,2305843009213693967,main-5-PRIME_RANDOM_61-t0,include_01,sha256:ca33c3839ca94e994470c07ce9515379e348439188f0f6c8e247228f40eac80d,0,2,7,7,1
5,PRIME_RANDOM_61,2305843009213693967,main-5-PRIME_RANDOM_61-t0,include_01,sha256:ca33c3839ca94e994470c07ce9515379e348439188f0f6c8e247228f40eac80d,0,3,10,10,1
5,PRIME_RANDOM_61,2305843009213693967,main-5-PRIME_RANDOM_61-t0,include_01,sha256:ca33c3839ca94e994470c07ce9515379e348439188f0f6c8e247228f40eac80d,0,4,13,13,1
5,PRIME_RANDOM_61,2305843009213693967,main-5-PRIME_RANDOM_61-t0,include_01,sha256:ca33c3839ca94e994470c07ce9515379e348439188f0f6c8e247228f40eac80d,0,5,18,18,1
5,PRIME_RANDOM_61,2305843009213693967,main-5-PRIME_RANDOM_61-t1,include_01,sha256:de8697d0d44fc4dcdc4a082d3b41b612028346804d2594f302ec5ea460cf0850,0,0,1,1,1
5,PRIME_RANDOM_61,2305843009213693967,main-5-PRIME_RANDOM_61-t1,include_01,sha256:de8697d0d44fc4dcdc4a082d3b41b612028346804d2594f302ec5ea460cf0850,0,1,4,4,1
5,PRIME_RANDOM_61,2305843009213693967,main-5-PRIME_RANDOM_61-t1,include_01,sha256:de8697d0d44fc4dcdc4a082d3b41b612028346804d2594f302ec5ea460cf0850,0,2,7,7,1
5,PRIME_RANDOM_61,2305843009213693967,main-5-PRIME_RANDOM_61-t1,include_01,sha256:de8697d0d44fc4dcdc4a082d3b41b612028346804d2594f302ec5ea460cf0850,0,3,10,10,1
5,PRIME_RANDOM_61,2305843009213693967,main-5-PRIME_RANDOM_61-t1,include_01,sha256:de8697d0d44fc4dcdc4a082d3b41b612028346804d2594f302ec5ea460cf0850,0,4,13,13,1
5,PRIME_RANDOM_61,2305843009213693967,main-5-PRIME_RANDOM_61-t1,include_01,sha256:de8697d0d44fc4dcdc4a082d3b41b612028346804d2594f302ec5ea460cf0850,0,5,18,18,1
5,PRIME_RANDOM_61,2305843009213693967,main-5-PRIME_RANDOM_61-t2,include_01,sha256:cc604ed3e65302eec9cd960f15e6671c50868f74264561228f12a3dc0c39109a,0,0,1,1,1
5,PRIME_RANDOM_61,2305843009213693967,main-5-PRIME_RANDOM_61-t2,include_01,sha256:cc604ed3e65302eec9cd960f15e6671c50868f74264561228f12a3dc0c39109a,0,1,4,4,1
5,PRIME_RANDOM_61,2305843009213693967,main-5-PRIME_RANDOM_61-t2,include_01,sha256:cc604ed3e65302eec9cd960f15e6671c50868f74264561228f12a3dc0c39109a,0,2,7,7,1
5,PRIME_RANDOM_61,2305843009213693967,main-5-PRIME_RANDOM_61-t2,include_01,sha256:cc604ed3e65302eec9cd960f15e6671c50868f74264561228f12a3dc0c39109a,0,3,10,10,1
5,PRIME_RANDOM_61,2305843009213693967,main-5-PRIME_RANDOM_61-t2,include_01,sha256:cc604ed3e65302eec9cd960f15e6671c50868f74264561228f12a3dc0c39109a,0,4,13,13,1
5,PRIME_RANDOM_61,2305843009213693967,main-5-PRIME_RANDOM_61-t2,include_01,sha256:cc604ed3e65302eec9cd960f15e6671c50868f74264561228f12a3dc0c39109a,0,5,18,18,1
5,PRIME_RANDOM_61,2305843009213693967,main-5-PRIME_RANDOM_61-t3,include_01,sha256:781198ed8bf8bec52a576f21e5ac1f9e0b7fe3ce40c3280dc9f40f9c4a78fe30,0,0,1,1,1
5,PRIME_RANDOM_61,2305843009213693967,main-5-PRIME_RANDOM_61-t3,include_01,sha256:781198ed8bf8bec52a576f21e5ac1f9e0b7fe3ce40c3280dc9f40f9c4a78fe30,0,1,4,4,1
5,PRIME_RANDOM_61,2305843009213693967,main-5-PRIME_RANDOM_61-t3,include_01,sha256:781198ed8bf8bec52a576f21e5ac1f9e0b7fe3ce40c3280dc9f40f9c4a78fe30,0,2,7,7,1
5,PRIME_RANDOM_61,2305843009213693967,main-5-PRIME_RANDOM_61-t3,include_01,sha256:781198ed8bf8bec52a576f21e5ac1f9e0b7fe3ce40c3280dc9f40f9c4a78fe30,0,3,10,10,1
5,PRIME_RANDOM_61,2305843009213693967,main-5-PRIME_RANDOM_61-t3,include_01,sha256:781198ed8bf8bec52a576f21e5ac1f9e0b7fe3ce40c3280dc9f40f9c4a78fe30,0,4,13,13,1
5,PRIME_RANDOM_61,2305843009213693967,main-5-PRIME_RANDOM_61-t3,include_01,sha256:781198ed8bf8bec52a576f21e5ac1f9e0b7fe3ce40c3280dc9f40f9c4a78fe30,0,5,18,18,1
5,PRIME_RANDOM_61,2305843009213693967,main-5-PRIME_RANDOM_61-t4,include_01,sha256:4a0c16c23e48a8f3a1e8e10873714c38df94cff94be5e050943588426d269e8b,0,0,1,1,1
5,PRIME_RANDOM_61,2305843009213693967,main-5-PRIME_RANDOM_61-t4,include_01,sha256:4a0c16c23e48a8f3a1e8e10873714c38df94cff94be5e050943588426d269e8b,0,1,4,4,1
5,PRIME_RANDOM_61,2305843009213693967,main-5-PRIME_RANDOM_61-t4,include_01,sha256:4a0c16c23e48a8f3a1e8e10873714c38df94cff94be5e050943588426d269e8b,0,2,7,7,1
5,PRIME_RANDOM_61,2305843009213693967,main-5-PRIME_RANDOM_61-t4,include_01,sha256:4a0c16c23e48a8f3a1e8e10873714c38df94cff94be5e050943588426d269e8b,0,3,10,10,1
5,PRIME_RANDOM_61,2305843009213693967,main-5-PRIME_RANDOM_61-t4,include_01,sha256:4a0c16c23e48a8f3a1e8e10873714c38df94cff94be5e050943588426d269e8b,0,4,13,13,1
5,PRIME_RANDOM_61,2305843009213693967,main-5-PRIME_RANDOM_61-t4,include_01,sha256:4a0c16c23e48a8f3a1e8e10873714c38df94cff94be5e050943588426d269e8b,0,5,18,18,1
6,PRIME_TINY,3,main-6-PRIME_TINY-t0,include_01,sha256:616510bcd95d39fe25d8974c6cb282639f44589fc8b1ef19b2d0cbde0bb23a90,3,0,1,1,1
6,PRIME_TINY,3,main-6-PRIME_TINY-t0,include_01,sha256:616510bcd95d39fe25d8974c6cb282639f44589fc8b1ef19b2d0cbde0bb23a90,3,1,4,4,1
6,PRIME_TINY,3,main-6-PRIME_TINY-t0,include_01,sha256:616510bcd95d39fe25d8974c6cb282639f44589fc8b1ef19b2d0cbde0bb23a90,3,2,7,7,1
6,PRIME_TINY,3,main-6-PRIME_TINY-t0,include_01,sha256:616510bcd95d39fe25d8974c6cb282639f44589fc8b1ef19b2d0cbde0bb23a90,3,3,10,10,1
6,PRIME_TINY,3,main-6-PRIME_TINY-t0,include_01,sha256:616510bcd95d39fe25d8974c6cb282639f44589fc8b1ef19b2d0cbde0bb23a90,3,4,13,13,1
6,PRIME_TINY,3,main-6-PRIME_TINY-t0,include_01,sha256:616510bcd95d39fe25d8974c6cb282639f44589fc8b1ef19b2d0cbde0bb23a90,3,5,16,16,1
6,PRIME_TINY,3,main-6-PRIME_TINY-t0,include_01,sha256:616510bcd95d39fe25d8974c6cb282639f44589fc8b1ef19b2d0cbde0bb23a90,3,6,21,21,1
6,PRIME_TINY,3,main-6-PRIME_TINY-t1,include_01,sha256:206749fe4c97014672007caecaa66460398bd0e5b7412a3c931f96dcae47c30e,5,0,1,1,1
6,PRIME_TINY,3,main-6-PRIME_TINY-t1,include_01,sha256:206749fe4c97014672007caecaa66460398bd0e5b7412a3c931f96dcae47c30e,5,1,4,4,1
6,PRIME_TINY,3,main-6-PRIME_TINY-t1,include_01,sha256:206749fe4c97014672007caecaa66460398bd0e5b7412a3c931f96dcae47c30e,5,2,7,7,1
6,PRIME_TINY,3,main-6-PRIME_TINY-t1,include_01,sha256:206749fe4c97014672007caecaa66460398bd0e5b7412a3c931f96dcae47c30e,5,3,10,10,1
6,PRIME_TINY,3,main-6-PRIME_TINY-t1,include_01,sha256:206749fe4c97014672007caecaa66460398bd0e5b7412a3c931f96dcae47c30e,5,4,13,13,1
6,PRIME_TINY,3,main-6-PRIME_TINY-t1,include_01,sha256:206749fe4c97014672007caecaa66460398bd0e5b7412a3c931f96dcae47c30e,5,5,16,16,1
6,PRIME_TINY,3,main-6-PRIME_TINY-t1,include_01,sha256:206749fe4c97014672007caecaa66460398bd0e5b7412a3c931f96dcae47c30e,5,6,21,21,1
6,PRIME_TINY,3,main-6-PRIME_TINY-t2,include_01,sha256:66a7624e7a938f2a6a75d88585efd381e170b4e5da335df06c5d90e670886550,4,0,1,1,1
6,PRIME_TINY,3,main-6-PRIME_TINY-t2,include_01,sha256:66a7624e7a938f2a6a75d88585efd381e170b4e5da335df06c5d90e670886550,4,1,4,4,1
6,PRIME_TINY,3,main-6-PRIME_TINY-t2,include_01,sha256:66a7624e7a938f2a6a75d88585efd381e170b4e5da335df06c5d90e670886550,4,2,7,7,1
6,PRIME_TINY,3,main-6-PRIME_TINY-t2,include_01,sha256:66a7624e7a938f2a6a75d88585efd381e170b4e5da335df06c5d90e670886550,4,3,10,10,1
6,PRIME_TINY,3,main-6-PRIME_TINY-t2,include_01,sha256:66a7624e7a938f2a6a75d88585efd381e170b4e5da335df06c5d90e670886550,4,4,13,13,1
6,PRIME_TINY,3,main-6-PRIME_TINY-t2,include_01,sha256:66a7624e7a938f2a6a75d88585efd381e170b4e5da335df06c5d90e670886550,4,5,16,16,1
6,PRIME_TINY,3,main-6-PRIME_TINY-t2,include_01,sha256:66a7624e7a938f2a6a75d88585efd381e170b4e5da335df06c5d90e670886550,4,6,21,21,1
6,PRIME_TINY,3,main-6-PRIME_TINY-t3,include_01,sha256:b2aa9c2fc1d68394f0a0b67f4bc9f19e6e598671a2d821761f10d8bb730b863c,3,0,1,1,1
6,PRIME_TINY,3,main-6-PRIME_TINY-t3,include_01,sha256:b2aa9c2fc1d68394f0a0b67f4bc9f19e6e598671a2d821761f10d8bb730b863c,3,1,4,4,1
6,PRIME_TINY,3,main-6-PRIME_TINY-t3,include_01,sha256:b2aa9c2fc1d68394f0a0b67f4bc9f19e6e598671a2d821761f10d8bb730b863c,3,2,7,7,1
6,PRIME_TINY,3,main-6-PRIME_TINY-t3,include_01,sha256:b2aa9c2fc1d68394f0a0b67f4bc9f19e6e598671a2d821761f10d8bb730b863c,3,3,10,10,1
6,PRIME_TINY,3,main-6-PRIME_TINY-t3,include_01,sha256:b2aa9c2fc1d68394f0a0b67f4bc9f19e6e598671a2d821761f10d8bb730b863c,3,4,13,13,1
6,PRIME_TINY,3,main-6-PRIME_TINY-t3,include_01,sha256:b2aa9c2fc1d68394f0a0b67f4bc9f19e6e598671a2d821761f10d8bb730b863c,3,5,16,16,1
6,PRIME_TINY,3,main-6-PRIME_TINY-t3,include_01,sha256:b2aa9c2fc1d68394f0a0b67f4bc9f19e6e598671a2d821761f10d8bb730b863c,3,6,21,21,1
6,PRIME_TINY,3,main-6-PRIME_TINY-t4,include_01,sha256:4de7e6fe2b18441ae28e3e13ff35ef7d2b66341c7bae5e48c7cdc21c65634928,5,0,1,1,1
6,PRIME_TINY,3,main-6-PRIME_TINY-t4,include_01,sha256:4de7e6fe2b18441ae28e3e13ff35ef7d2b66341c7bae5e48c7cdc21c65634928,5,1,4,4,1
6,PRIME_TINY,3,main-6-PRIME_TINY-t4,include_01,sha256:4de7e6fe2b18441ae28e3e13ff35ef7d2b66341c7bae5e48c7cdc21c65634928,5,2,7,7,1
6,PRIME_TINY,3,main-6-PRIME_TINY-t4,include_01,sha256:4de7e6fe2b18441ae28e3e13ff35ef7d2b66341c7bae5e48c7cdc21c65634928,5,3,10,10,1
6,PRIME_TINY,3,main-6-PRIME_TINY-t4,include_01,sha256:4de7e6fe2b18441ae28e3e13ff35ef7d2b66341c7bae5e48c7cdc21c65634928,5,4,13,13,1
6,PRIME_TINY,3,main-6-PRIME_TINY-t4,include_01,sha256:4de7e6fe2b18441ae28e3e13ff35ef7d2b66341c7bae5e48c7cdc21c65634928,5,5,16,16,1
6,PRIME_TINY,3,main-6-PRIME_TINY-t4,include_01,sha256:4de7e6fe2b18441ae28e3e13ff35ef7d2b66341c7bae5e48c7cdc21c65634928,5,6,21,21,1
6,PRIME_MERSENNE_61,2305843009213693951,main-6-PRIME_MERSENNE_61-t0,include_01,sha256:6df852d98ea8227ebb807ba57d771cf62d48619f57ac80acaabf0e9fd85b899e,0,0,1,1,1
6,PRIME_MERSENNE_61,2305843009213693951,main-6-PRIME_MERSENNE_61-t0,include_01,sha256:6df852d98ea8227ebb807ba57d771cf62d48619f57ac80acaabf0e9fd85b899e,0,1,4,4,1
6,PRIME_MERSENNE_61,2305843009213693951,main-6-PRIME_MERSENNE_61-t0,include_01,sha256:6df852d98ea8227ebb807ba57d771cf62d48619f57ac80acaabf0e9fd85b899e,0,2,7,7,1
6,PRIME_MERSENNE_61,2305843009213693951,main-6-PRIME_MERSENNE_61-t0,include_01,sha256:6df852d98ea8227ebb807ba57d771cf62d48619f57ac80acaabf0e9fd85b899e,0,3,10,10,1
6,PRIME_MERSENNE_61,2305843009213693951,main-6-PRIME_MERSENNE_61-t0,include_01,sha256:6df852d98ea8227ebb807ba57d771cf62d48619f57ac80acaabf0e9fd85b899e,0,4,13,13,1
6,PRIME_MERSENNE_61,2305843009213693951,main-6-PRIME_MERSENNE_61-t0,include_01,sha256:6df852d98ea8227ebb807ba57d771cf62d48619f57ac80acaabf0e9fd85b899e,0,5,16,16,1
6,PRIME_MERSENNE_61,2305843009213693951,main-6-PRIME_MERSENNE_61-t0,include_01,sha256:6df852d98ea8227ebb807ba57d771cf62d48619f57ac80acaabf0e9fd85b899e,0,6,21,21,1
6,PRIME_MERSENNE_61,2305843009213693951,main-6-PRIME_MERSENNE_61-t1,include_01,sha256:fd4907c76cf7c4b9dce831ecb91aef3470df3079a607fe2cbf55f39b0bfdc2e3,0,0,1,1,1
6,PRIME_MERSENNE_61,2305843009213693951,main-6-PRIME_MERSENNE_61-t1,include_01,sha256:fd4907c76cf7c4b9dce831ecb91aef3470df3079a607fe2cbf55f39b0bfdc2e3,0,1,4,4,1
6,PRIME_MERSENNE_61,2305843009213693951,main-6-PRIME_MERSENNE_61-t1,include_01,sha256:fd4907c76cf7c4b9dce831ecb91aef3470df3079a607fe2cbf55f39b0bfdc2e3,0,2,7,7,1
6,PRIME_MERSENNE_61,2305843009213693951,main-6-PRIME_MERSENNE_61-t1,include_01,sha256:fd4907c76cf7c4b9dce831ecb91aef3470df3079a607fe2cbf55f39b0bfdc2e3,0,3,10,10,1
6,PRIME_MERSENNE_61,2305843009213693951,main-6-PRIME_MERSENNE_61-t1,include_01,sha256:fd4907c76cf7c4b9dce831ecb91aef3470df3079a607fe2cbf55f39b0bfdc2e3,0,4,13,13,1
6,PRIME_MERSENNE_61,2305843009213693951,main-6-PRIME_MERSENNE_61-t1,include_01,sha256:fd4907c76cf7c4b9dce831ecb91aef3470df3079a607fe2cbf55f39b0bfdc2e3,0,5,16,16,1
6,PRIME_MERSENNE_61,2305843009213693951,main-6-PRIME_MERSENNE_61-t1,include_01,sha256:fd4907c76cf7c4b9dce831ecb91aef3470df3079a607fe2cbf55f39b0bfdc2e3,0,6,21,21,1
6,PRIME_MERSENNE_61,2305843009213693951,main-6-PRIME_MERSENNE_61-t2,include_01,sha256:861fb053a527e46d82ebe9f4918e9360a53dbb2a598f5edf889f21fcb3fd2e34,0,0,1,1,1
6,PRIME_MERSENNE_61,2305843009213693951,main-6-PRIME_MERSENNE_61-t2,include_01,sha256:861fb053a527e46d82ebe9f4918e9360a53dbb2a598f5edf889f21fcb3fd2e34,0,1,4,4,1
6,PRIME_MERSENNE_61,2305843009213693951,main-6-PRIME_MERSENNE_61-t2,include_01,sha256:861fb053a527e46d82ebe9f4918e9360a53dbb2a598f5edf889f21fcb3fd2e34,0,2,7,7,1
6,PRIME_MERSENNE_61,2305843009213693951,main-6-PRIME_MERSENNE_61-t2,include_01,sha256:861fb053a527e46d82ebe9f4918e9360a53dbb2a598f5edf889f21fcb3fd2e34,0,3,10,10,1
6,PRIME_MERSENNE_61,2305843009213693951,main-6-PRIME_MERSENNE_61-t2,include_01,sha256:861fb053a527e46d82ebe9f4918e9360a53dbb2a598f5edf889f21fcb3fd2e34,0,4,13,13,1
6,PRIME_MERSENNE_61,2305843009213693951,main-6-PRIME_MERSENNE_61-t2,include_01,sha256:861fb053a527e46d82ebe9f4918e9360a53dbb2a598f5edf889f21fcb3fd2e34,0,5,16,16,1
6,PRIME_MERSENNE_61,2305843009213693951,main-6-PRIME_MERSENNE_61-t2,include_01,sha256:861fb053a527e46d82ebe9f4918e9360a53dbb2a598f5edf889f21fcb3fd2e34,0,6,21,21,1
6,PRIME_MERSENNE_61,2305843009213693951,main-6-PRIME_MERSENNE_61-t3,include_01,sha256:c7a1041cee731faa559216ec8b3ac2f4157547dc61acfae16eeff5e0e3b2f9a9,0,0,1,1,1
6,PRIME_MERSENNE_61,2305843009213693951,main-6-PRIME_MERSENNE_61-t3,include_01,sha256:c7a1041cee731faa559216ec8b3ac2f4157547dc61acfae16eeff5e0e3b2f9a9,0,1,4,4,1
6,PRIME_MERSENNE_61,2305843009213693951,main-6-PRIME_MERSENNE_61-t3,include_01,sha256:c7a1041cee731faa559216ec8b3ac2f4157547dc61acfae16eeff5e0e3b2f9a9,0,2,7,7,1
6,PRIME_MERSENNE_61,2305843009213693951,main-6-PRIME_MERSENNE_61-t3,include_01,sha256:c7a1041cee731faa559216ec8b3ac2f4157547dc61acfae16eeff5e0e3b2f9a9,0,3,10,10,1
6,PRIME_MERSENNE_61,2305843009213693951,main-6-PRIME_MERSENNE_61-t3,include_01,sha256:c7a1041cee731faa559216ec8b3ac2f4157547dc61acfae16eeff5e0e3b2f9a9,0,4,13,13,1
6,PRIME_MERSENNE_61,2305843009213693951,main-6-PRIME_MERSENNE_61-t3,include_01,sha256:c7a1041cee731faa559216ec8b3ac2f4157547dc61acfae16eeff5e0e3b2f9a9,0,5,16,16,1
6,PRIME_MERSENNE_61,2305843009213693951,main-6-PRIME_MERSENNE_61-t3,include_01,sha256:c7a1041cee731faa559216ec8b3ac2f4157547dc61acfae16eeff5e0e3b2f9a9,0,6,21,21,1
6,PRIME_MERSENNE_61,2305843009213693951,main-6-PRIME_MERSENNE_61-t4,include_01,sha256:4a9ff88368d9a8d1238a7b14d57893a7763853c63612ba67df6ae36a287d8c22,0,0,1,1,1
6,PRIME_MERSENNE_61,2305843009213693951,main-6-PRIME_MERSENNE_61-t4,include_01,sha256:4a9ff88368d9a8d1238a7b14d57893a7763853c63612ba67df6ae36a287d8c22,0,1,4,4,1
6,PRIME_MERSENNE_61,2305843009213693951,main-6-PRIME_MERSENNE_61-t4,include_01,sha256:4a9ff88368d9a8d1238a7b14d57893a7763853c63612ba67df6ae36a287d8c22,0,2,7,7,1
6,PRIME_MERSENNE_61,2305843009213693951,main-6-PRIME_MERSENNE_61-t4,include_01,sha256:4a9ff88368d9a8d1238a7b14d57893a7763853c63612ba67df6ae36a287d8c22,0,3,10,10,1
6,PRIME_MERSENNE_61,2305843009213693951,main-6-PRIME_MERSENNE_61-t4,include_01,sha256:4a9ff88368d9a8d1238a7b14d57893a7763853c63612ba67df6ae36a287d8c22,0,4,13,13,1
6,PRIME_MERSENNE_61,2305843009213693951,main-6-PRIME_MERSENNE_61-t4,include_01,sha256:4a9ff88368d9a8d1238a7b14d57893a7763853c63612ba67df6ae36a287d8c22,0,5,16,16,1
6,PRIME_MERSENNE_61,2305843009213693951,main-6-PRIME_MERSENNE_61-t4,include_01,sha256:4a9ff88368d9a8d1238a7b14d57893a7763853c63612ba67df6ae36a287d8c22,0,6,21,21,1
6,PRIME_RANDOM_61,2305843009213693967,main-6-PRIME_RANDOM_61-t0,include_01,sha256:df6137a3e1efd5473960c4f32675c851d9f85bddc1499e3d705edbea1fc053c2,0,0,1,1,1
6,PRIME_RANDOM_61,2305843009213693967,main-6-PRIME_RANDOM_61-t0,include_01,sha256:df6137a3e1efd5473960c4f32675c851d9f85bddc1499e3d705edbea1fc053c2,0,1,4,4,1
6,PRIME_RANDOM_61,2305843009213693967,main-6-PRIME_RANDOM_61-t0,include_01,sha256:df6137a3e1efd5473960c4f32675c851d9f85bddc1499e3d705edbea1fc053c2,0,2,7,7,1
6,PRIME_RANDOM_61,2305843009213693967,main-6-PRIME_RANDOM_61-t0,include_01,sha256:df6137a3e1efd5473960c4f32675c851d9f85bddc1499e3d705edbea1fc053c2,0,3,10,10,1
6,PRIME_RANDOM_61,2305843009213693967,main-6-PRIME_RANDOM_61-t0,include_01,sha256:df6137a3e1efd5473960c4f32675c851d9f85bddc1499e3d705edbea1fc053c2,0,4,13,13,1
6,PRIME_RANDOM_61,2305843009213693967,main-6-PRIME_RANDOM_61-t0,include_01,sha256:df6137a3e1efd5473960c4f32675c851d9f85bddc1499e3d705edbea1fc053c2,0,5,16,16,1
6,PRIME_RANDOM_61,2305843009213693967,main-6-PRIME_RANDOM_61-t0,include_01,sha256:df6137a3e1efd5473960c4f32675c851d9f85bddc1499e3d705edbea1fc053c2,0,6,21,21,1
6,PRIME_RANDOM_61,2305843009213693967,main-6-PRIME_RANDOM_61-t1,include_01,sha256:2e523cb180d0ed2278ebacc5a2eb4900eee2f628f7ae216770a0c713bfd7590a,0,0,1,1,1
6,PRIME_RANDOM_61,2305843009213693967,main-6-PRIME_RANDOM_61-t1,include_01,sha256:2e523cb180d0ed2278ebacc5a2eb4900eee2f628f7ae216770a0c713bfd7590a,0,1,4,4,1
6,PRIME_RANDOM_61,2305843009213693967,main-6-PRIME_RANDOM_61-t1,include_01,sha256:2e523cb180d0ed2278ebacc5a2eb4900eee2f628f7ae216770a0c713bfd7590a,0,2,7,7,1
6,PRIME_RANDOM_61,2305843009213693967,main-6-PRIME_RANDOM_61-t1,include_01,sha256:2e523cb180d0ed2278ebacc5a2eb4900eee2f628f7ae216770a0c713bfd7590a,0,3,10,10,1
6,PRIME_RANDOM_61,2305843009213693967,main-6-PRIME_RANDOM_61-t1,include_01,sha256:2e523cb180d0ed2278ebacc5a2eb4900eee2f628f7ae216770a0c713bfd7590a,0,4,13,13,1
6,PRIME_RANDOM_61,2305843009213693967,main-6-PRIME_RANDOM_61-t1,include_01,sha256:2e523cb180d0ed2278ebacc5a2eb4900eee2f628f7ae216770a0c713bfd7590a,0,5,16,16,1
6,PRIME_RANDOM_61,2305843009213693967,main-6-PRIME_RANDOM_61-t1,include_01,sha256:2e523cb180d0ed2278ebacc5a2eb4900eee2f628f7ae216770a0c713bfd7590a,0,6,21,21,1
6,PRIME_RANDOM_61,2305843009213693967,main-6-PRIME_RANDOM_61-t2,include_01,sha256:2607e3f6663d6bfb8c5159c8fe636b62e6f526f44e993fe7c7e960aaddf12302,0,0,1,1,1
6,PRIME_RANDOM_61,2305843009213693967,main-6-PRIME_RANDOM_61-t2,include_01,sha256:2607e3f6663d6bfb8c5159c8fe636b62e6f526f44e993fe7c7e960aaddf12302,0,1,4,4,1
6,PRIME_RANDOM_61,2305843009213693967,main-6-PRIME_RANDOM_61-t2,include_01,sha256:2607e3f6663d6bfb8c5159c8fe636b62e6f526f44e993fe7c7e960aaddf12302,0,2,7,7,1
6,PRIME_RANDOM_61,2305843009213693967,main-6-PRIME_RANDOM_61-t2,include_01,sha256:2607e3f6663d6bfb8c5159c8fe636b62e6f526f44e993fe7c7e960aaddf12302,0,3,10,10,1
6,PRIME_RANDOM_61,2305843009213693967,main-6-PRIME_RANDOM_61-t2,include_01,sha256:2607e3f6663d6bfb8c5159c8fe636b62e6f526f44e993fe7c7e960aaddf12302,0,4,13,13,1
6,PRIME_RANDOM_61,2305843009213693967,main-6-PRIME_RANDOM_61-t2,include_01,sha256:2607e3f6663d6bfb8c5159c8fe636b62e6f526f44e993fe7c7e960aaddf12302,0,5,16,16,1
6,PRIME_RANDOM_61,2305843009213693967,main-6-PRIME_RANDOM_61-t2,include_01,sha256:2607e3f6663d6bfb8c5159c8fe636b62e6f526f44e993fe7c7e960aaddf12302,0,6,21,21,1
6,PRIME_RANDOM_61,2305843009213693967,main-6-PRIME_RANDOM_61-t3,include_01,sha256:fc03546644d1948a0b4208d516dc3ebd48bb36e2998c2431bee7e56eb1a645da,0,0,1,1,1
6,PRIME_RANDOM_61,2305843009213693967,main-6-PRIME_RANDOM_61-t3,include_01,sha256:fc03546644d1948a0b4208d516dc3ebd48bb36e2998c2431bee7e56eb1a645da,0,1,4,4,1
6,PRIME_RANDOM_61,2305843009213693967,main-6-PRIME_RANDOM_61-t3,include_01,sha256:fc03546644d1948a0b4208d516dc3ebd48bb36e2998c2431bee7e56eb1a645da,0,2,7,7,1
6,PRIME_RANDOM_61,2305843009213693967,main-6-PRIME_RANDOM_61-t3,include_01,sha256:fc03546644d1948a0b4208d516dc3ebd48bb36e2998c2431bee7e56eb1a645da,0,3,10,10,1
6,PRIME_RANDOM_61,2305843009213693967,main-6-PRIME_RANDOM_61-t3,include_01,sha256:fc03546644d1948a0b4208d516dc3ebd48bb36e2998c2431bee7e56eb1a645da,0,4,13,13,1
6,PRIME_RANDOM_61,2305843009213693967,main-6-PRIME_RANDOM_61-t3,include_01,sha256:fc03546644d1948a0b4208d516dc3ebd48bb36e2998c2431bee7e56eb1a645da,0,5,16,16,1
6,PRIME_RANDOM_61,2305843009213693967,main-6-PRIME_RANDOM_61-t3,include_01,sha256:fc03546644d1948a0b4208d516dc3ebd48bb36e2998c2431bee7e56eb1a645da,0,6,21,21,1
6,PRIME_RANDOM_61,2305843009213693967,main-6-PRIME_RANDOM_61-t4,include_01,sha256:4ab602dcb3b325a764fc4f378a4d33a70e722cd14070b4aa7147f5d3abac775c,0,0,1,1,1
6,PRIME_RANDOM_61,2305843009213693967,main-6-PRIME_RANDOM_61-t4,include_01,sha256:4ab602dcb3b325a764fc4f378a4d33a70e722cd14070b4aa7147f5d3abac775c,0,1,4,4,1
6,PRIME_RANDOM_61,2305843009213693967,main-6-PRIME_RANDOM_61-t4,include_01,sha256:4ab602dcb3b325a764fc4f378a4d33a70e722cd14070b4aa7147f5d3abac775c,0,2,7,7,1
6,PRIME_RANDOM_61,2305843009213693967,main-6-PRIME_RANDOM_61-t4,include_01,sha256:4ab602dcb3b325a764fc4f378a4d33a70e722cd14070b4aa7147f5d3abac775c,0,3,10,10,1
6,PRIME_RANDOM_61,2305843009213693967,main-6-PRIME_RANDOM_61-t4,include_01,sha256:4ab602dcb3b325a764fc4f378a4d33a70e722cd14070b4aa7147f5d3abac775c,0,4,13,13,1
6,PRIME_RANDOM_61,2305843009213693967,main-6-PRIME_RANDOM_61-t4,include_01,sha256:4ab602dcb3b325a764fc4f378a4d33a70e722cd14070b4aa7147f5d3abac775c,0,5,16,16,1
6,PRIME_RANDOM_61,2305843009213693967,main-6-PRIME_RANDOM_61-t4,include_01,sha256:4ab602dcb3b325a764fc4f378a4d33a70e722cd14070b4aa7147f5d3abac775c,0,6,21,21,1
8,PRIME_TINY,3,main-8-PRIME_TINY-t0,include_01,sha256:2930ed9a1a6dbb10156f795d9a17bd897f9d4e3c8f5461c3a34995b5626c7410,5,0,1,1,1
8,PRIME_TINY,3,main-8-PRIME_TINY-t0,include_01,sha256:2930ed9a1a6dbb10156f795d9a17bd897f9d4e3c8f5461c3a34995b5626c7410,5,1,4,4,1
8,PRIME_TINY,3,main-8-PRIME_TINY-t0,include_01,sha256:2930ed9a1a6dbb10156f795d9a17bd897f9d4e3c8f5461c3a34995b5626c7410,5,2,7,7,1
8,PRIME_TINY,3,main-8-PRIME_TINY-t0,include_01,sha256:2930ed9a1a6dbb10156f795d9a17bd897f9d4e3c8f5461c3a34995b5626c7410,5,3,10,10,1
8,PRIME_TINY,3,main-8-PRIME_TINY-t0,include_01,sha256:2930ed9a1a6dbb10156f795d9a17bd897f9d4e3c8f5461c3a34995b5626c7410,5,4,13,13,1
8,PRIME_TINY,3,main-8-PRIME_TINY-t0,include_01,sha256:2930ed9a1a6dbb10156f795d9a17bd897f9d4e3c8f5461c3a34995b5626c7410,5,5,16,16,1
8,PRIME_TINY,3,main-8-PRIME_TINY-t0,include_01,sha256:2930ed9a1a6dbb10156f795d9a17bd897f9d4e3c8f5461c3a34995b5626c7410,5,6,19,19,1
8,PRIME_TINY,3,main-8-PRIME_TINY-t0,include_01,sha256:2930ed9a1a6dbb10156f795d9a17bd897f9d4e3c8f5461c3a34995b5626c7410,5,7,22,22,1
8,PRIME_TINY,3,main-8-PRIME_TINY-t0,include_01,sha256:2930ed9a1a6dbb10156f795d9a17bd897f9d4e3c8f5461c3a34995b5626c7410,5,8,27,27,1
8,PRIME_TINY,3,main-8-PRIME_TINY-t1,include_01,sha256:217a087de89388ba23039f8dd19d0e8ff3bc0fce2c66607c2611953d38848496,4,0,1,1,1
8,PRIME_TINY,3,main-8-PRIME_TINY-t1,include_01,sha256:217a087de89388ba23039f8dd19d0e8ff3bc0fce2c66607c2611953d38848496,4,1,4,4,1
8,PRIME_TINY,3,main-8-PRIME_TINY-t1,include_01,sha256:217a087de89388ba23039f8dd19d0e8ff3bc0fce2c66607c2611953d38848496,4,2,7,7,1
8,PRIME_TINY,3,main-8-PRIME_TINY-t1,include_01,sha256:217a087de89388ba23039f8dd19d0e8ff3bc0fce2c66607c2611953d38848496,4,3,10,10,1
8,PRIME_TINY,3,main-8-PRIME_TINY-t1,include_01,sha256:217a087de89388ba23039f8dd19d0e8ff3bc0fce2c66607c2611953d38848496,4,4,13,13,1
8,PRIME_TINY,3,main-8-PRIME_TINY-t1,include_01,sha256:217a087de89388ba23039f8dd19d0e8ff3bc0fce2c66607c2611953d38848496,4,5,16,16,1
8,PRIME_TINY,3,main-8-PRIME_TINY-t1,include_01,sha256:217a087de89388ba23039f8dd19d0e8ff3bc0fce2c66607c2611953d38848496,4,6,19,19,1
8,PRIME_TINY,3,main-8-PRIME_TINY-t1,include_01,sha256:217a087de89388ba23039f8dd19d0e8ff3bc0fce2c66607c2611953d38848496,4,7,22,22,1
8,PRIME_TINY,3,main-8-PRIME_TINY-t1,include_01,sha256:217a087de89388ba23039f8dd19d0e8ff3bc0fce2c66607c2611953d38848496,4,8,27,27,1
8,PRIME_TINY,3,main-8-PRIME_TINY-t2,include_01,sha256:a4a590805b102a2ee4fc140b35973bc0ef5e37d3b2274fccfe84da1d3b726d28,6,0,1,1,1
8,PRIME_TINY,3,main-8-PRIME_TINY-t2,include_01,sha256:a4a590805b102a2ee4fc140b35973bc0ef5e37d3b2274fccfe84da1d3b726d28,6,1,4,4,1
8,PRIME_TINY,3,main-8-PRIME_TINY-t2,include_01,sha256:a4a590805b102a2ee4fc140b35973bc0ef5e37d3b2274fccfe84da1d3b726d28,6,2,7,7,1
8,PRIME_TINY,3,main-8-PRIME_TINY-t2,include_01,sha256:a4a590805b102a2ee4fc140b35973bc0ef5e37d3b2274fccfe84da1d3b726d28,6,3,10,10,1
8,PRIME_TINY,3,main-8-PRIME_TINY-t2,include_01,sha256:a4a590805b102a2ee4fc140b35973bc0ef5e37d3b2274fccfe84da1d3b726d28,6,4,13,13,1
8,PRIME_TINY,3,main-8-PRIME_TINY-t2,include_01,sha256:a4a590805b102a2ee4fc140b35973bc0ef5e37d3b2274fccfe84da1d3b726d28,6,5,16,16,1
8,PRIME_TINY,3,main-8-PRIME_TINY-t2,include_01,sha256:a4a590805b102a2ee4fc140b35973bc0ef5e37d3b2274fccfe84da1d3b726d28,6,6,19,19,1
8,PRIME_TINY,3,main-8-PRIME_TINY-t2,include_01,sha256:a4a590805b102a2ee4fc140b35973bc0ef5e37d3b2274fccfe84da1d3b726d28,6,7,22,22,1
8,PRIME_TINY,3,main-8-PRIME_TINY-t2,include_01,sha256:a4a590805b102a2ee4fc140b35973bc0ef5e37d3b2274fccfe84da1d3b726d28,6,8,27,27,1
8,PRIME_TINY,3,main-8-PRIME_TINY-t3,include_01,sha256:b47dda6de818db33375cfe2b1710a17d2b9756f717f3402343b75d8b36e6f0d5,1,0,1,1,1
8,PRIME_TINY,3,main-8-PRIME_TINY-t3,include_01,sha256:b47dda6de818db33375cfe2b1710a17d2b9756f717f3402343b75d8b36e6f0d5,1,1,4,4,1
8,PRIME_TINY,3,main-8-PRIME_TINY-t3,include_01,sha256:b47dda6de818db33375cfe2b1710a17d2b9756f717f3402343b75d8b36e6f0d5,1,2,7,7,1
8,PRIME_TINY,3,main-8-PRIME_TINY-t3,include_01,sha256:b47dda6de818db33375cfe2b1710a17d2b9756f717f3402343b75d8b36e6f0d5,1,3,10,10,1
8,PRIME_TINY,3,main-8-PRIME_TINY-t3,include_01,sha256:b47dda6de818db33375cfe2b1710a17d2b9756f717f3402343b75d8b36e6f0d5,1,4,13,13,1
8,PRIME_TINY,3,main-8-PRIME_TINY-t3,include_01,sha256:b47dda6de818db33375cfe2b1710a17d2b9756f717f3402343b75d8b36e6f0d5,1,5,16,16,1
8,PRIME_TINY,3,main-8-PRIME_TINY-t3,include_01,sha256:b47dda6de818db33375cfe2b1710a17d2b9756f717f3402343b75d8b36e6f0d5,1,6,19,19,1
8,PRIME_TINY,3,main-8-PRIME_TINY-t3,include_01,sha256:b47dda6de818db33375cfe2b1710a17d2b9756f717f3402343b75d8b36e6f0d5,1,7,22,22,1
8,PRIME_TINY,3,main-8-PRIME_TINY-t3,include_01,sha256:b47dda6de818db33375cfe2b1710a17d2b9756f717f3402343b75d8b36e6f0d5,1,8,27,27,1
8,PRIME_TINY,3,main-8-PRIME_TINY-t4,include_01,sha256:77df9b6e4db3f4989bb5c7fb8332f2343ef17b596e0f8da5061e0d45d258f27b,4,0,1,1,1
8,PRIME_TINY,3,main-8-PRIME_TINY-t4,include_01,sha256:77df9b6e4db3f4989bb5c7fb8332f2343ef17b596e0f8da5061e0d45d258f27b,4,1,4,4,1
8,PRIME_TINY,3,main-8-PRIME_TINY-t4,include_01,sha256:77df9b6e4db3f4989bb5c7fb8332f2343ef17b596e0f8da5061e0d45d258f27b,4,2,7,7,1
8,PRIME_TINY,3,main-8-PRIME_TINY-t4,include_01,sha256:77df9b6e4db3f4989bb5c7fb8332f2343ef17b596e0f8da5061e0d45d258f27b,4,3,10,10,1
8,PRIME_TINY,3,main-8-PRIME_TINY-t4,include_01,sha256:77df9b6e4db3f4989bb5c7fb8332f2343ef17b596e0f8da5061e0d45d258f27b,4,4,13,13,1
8,PRIME_TINY,3,main-8-PRIME_TINY-t4,include_01,sha256:77df9b6e4db3f4989bb5c7fb8332f2343ef17b596e0f8da5061e0d45d258f27b,4,5,16,16,1
8,PRIME_TINY,3,main-8-PRIME_TINY-t4,include_01,sha256:77df9b6e4db3f4989bb5c7fb8332f2343ef17b596e0f8da5061e0d45d258f27b,4,6,19,19,1
8,PRIME_TINY,3,main-8-PRIME_TINY-t4,include_01,sha256:77df9b6e4db3f4989bb5c7fb8332f2343ef17b596e0f8da5061e0d45d258f27b,4,7,22,22,1
8,PRIME_TINY,3,main-8-PRIME_TINY-t4,include_01,sha256:77df9b6e4db3f4989bb5c7fb8332f2343ef17b596e0f8da5061e0d45d258f27b,4,8,27,27,1
8,PRIME_MERSENNE_61,2305843009213693951,main-8-PRIME_MERSENNE_61-t0,include_01,sha256:40a838adfd9685a67a6f8d422de0e782294fc2af48c3c73078c472b08379229e,0,0,1,1,1
8,PRIME_MERSENNE_61,2305843009213693951,main-8-PRIME_MERSENNE_61-t0,include_01,sha256:40a838adfd9685a67a6f8d422de0e782294fc2af48c3c73078c472b08379229e,0,1,4,4,1
8,PRIME_MERSENNE_61,2305843009213693951,main-8-PRIME_MERSENNE_61-t0,include_01,sha256:40a838adfd9685a67a6f8d422de0e782294fc2af48c3c73078c472b08379229e,0,2,7,7,1
8,PRIME_MERSENNE_61,2305843009213693951,main-8-PRIME_MERSENNE_61-t0,include_01,sha256:40a838adfd9685a67a6f8d422de0e782294fc2af48c3c73078c472b08379229e,0,3,10,10,1
8,PRIME_MERSENNE_61,2305843009213693951,main-8-PRIME_MERSENNE_61-t0,include_01,sha256:40a838adfd9685a67a6f8d422de0e782294fc2af48c3c73078c472b08379229e,0,4,13,13,1
8,PRIME_MERSENNE_61,2305843009213693951,main-8-PRIME_MERSENNE_61-t0,include_01,sha256:40a838adfd9685a67a6f8d422de0e782294fc2af48c3c73078c472b08379229e,0,5,16,16,1
8,PRIME_MERSENNE_61,2305843009213693951,main-8-PRIME_MERSENNE_61-t0,include_01,sha256:40a838adfd9685a67a6f8d422de0e782294fc2af48c3c73078c472b08379229e,0,6,19,19,1
8,PRIME_MERSENNE_61,2305843009213693951,main-8-PRIME_MERSENNE_61-t0,include_01,sha256:40a838adfd9685a67a6f8d422de0e782294fc2af48c3c73078c472b08379229e,0,7,22,22,1
8,PRIME_MERSENNE_61,2305843009213693951,main-8-PRIME_MERSENNE_61-t0,include_01,sha256:40a838adfd9685a67a6f8d422de0e782294fc2af48c3c73078c472b08379229e,0,8,27,27,1
8,PRIME_MERSENNE_61,2305843009213693951,main-8-PRIME_MERSENNE_61-t1,include_01,sha256:81656f905b4039d9be0700cc61d0911c0b6df30eb710e4df0118940d86df50e1,0,0,1,1,1
8,PRIME_MERSENNE_61,2305843009213693951,main-8-PRIME_MERSENNE_61-t1,include_01,sha256:81656f905b4039d9be0700cc61d0911c0b6df30eb710e4df0118940d86df50e1,0,1,4,4,1
8,PRIME_MERSENNE_61,2305843009213693951,main-8-PRIME_MERSENNE_61-t1,include_01,sha256:81656f905b4039d9be0700cc61d0911c0b6df30eb710e4df0118940d86df50e1,0,2,7,7,1
8,PRIME_MERSENNE_61,2305843009213693951,main-8-PRIME_MERSENNE_61-t1,include_01,sha256:81656f905b4039d9be0700cc61d0911c0b6df30eb710e4df0118940d86df50e1,0,3,10,10,1
8,PRIME_MERSENNE_61,2305843009213693951,main-8-PRIME_MERSENNE_61-t1,include_01,sha256:81656f905b4039d9be0700cc61d0911c0b6df30eb710e4df0118940d86df50e1,0,4,13,13,1
8,PRIME_MERSENNE_61,2305843009213693951,main-8-PRIME_MERSENNE_61-t1,include_01,sha256:81656f905b4039d9be0700cc61d0911c0b6df30eb710e4df0118940d86df50e1,0,5,16,16,1
8,PRIME_MERSENNE_61,2305843009213693951,main-8-PRIME_MERSENNE_61-t1,include_01,sha256:81656f905b4039d9be0700cc61d0911c0b6df30eb710e4df0118940d86df50e1,0,6,19,19,1
8,PRIME_MERSENNE_61,2305843009213693951,main-8-PRIME_MERSENNE_61-t1,include_01,sha256:81656f905b4039d9be0700cc61d0911c0b6df30eb710e4df0118940d86df50e1,0,7,22,22,1
8,PRIME_MERSENNE_61,2305843009213693951,main-8-PRIME_MERSENNE_61-t1,include_01,sha256:81656f905b4039d9be0700cc61d0911c0b6df30eb710e4df0118940d86df50e1,0,8,27,27,1
8,PRIME_MERSENNE_61,2305843009213693951,main-8-PRIME_MERSENNE_61-t2,include_01,sha256:f74e66dcafe88c942184e1dd378a51f131eaf3e97e7a1ce431cdcda4cf9b0dba,0,0,1,1,1
8,PRIME_MERSENNE_61,2305843009213693951,main-8-PRIME_MERSENNE_61-t2,include_01,sha256:f74e66dcafe88c942184e1dd378a51f131eaf3e97e7a1ce431cdcda4cf9b0dba,0,1,4,4,1
8,PRIME_MERSENNE_61,2305843009213693951,main-8-PRIME_MERSENNE_61-t2,include_01,sha256:f74e66dcafe88c942184e1dd378a51f131eaf3e97e7a1ce431cdcda4cf9b0dba,0,2,7,7,1
8,PRIME_MERSENNE_61,2305843009213693951,main-8-PRIME_MERSENNE_61-t2,include_01,sha256:f74e66dcafe88c942184e1dd378a51f131eaf3e97e7a1ce431cdcda4cf9b0dba,0,3,10,10,1
8,PRIME_MERSENNE_61,2305843009213693951,main-8-PRIME_MERSENNE_61-t2,include_01,sha256:f74e66dcafe88c942184e1dd378a51f131eaf3e97e7a1ce431cdcda4cf9b0dba,0,4,13,13,1
8,PRIME_MERSENNE_61,2305843009213693951,main-8-PRIME_MERSENNE_61-t2,include_01,sha256:f74e66dcafe88c942184e1dd378a51f131eaf3e97e7a1ce431cdcda4cf9b0dba,0,5,16,16,1
8,PRIME_MERSENNE_61,2305843009213693951,main-8-PRIME_MERSENNE_61-t2,include_01,sha256:f74e66dcafe88c942184e1dd378a51f131eaf3e97e7a1ce431cdcda4cf9b0dba,0,6,19,19,1
8,PRIME_MERSENNE_61,2305843009213693951,main-8-PRIME_MERSENNE_61-t2,include_01,sha256:f74e66dcafe88c942184e1dd378a51f131eaf3e97e7a1ce431cdcda4cf9b0dba,0,7,22,22,1
8,PRIME_MERSENNE_61,2305843009213693951,main-8-PRIME_MERSENNE_61-t2,include_01,sha256:f74e66dcafe88c942184e1dd378a51f131eaf3e97e7a1ce431cdcda4cf9b0dba,0,8,27,27,1
8,PRIME_MERSENNE_61,2305843009213693951,main-8-PRIME_MERSENNE_61-t3,include_01,sha256:fd03b79af933fdaff370887e17a885acc41b603626592bc02a2f0a5ac79b05ef,0,0,1,1,1
8,PRIME_MERSENNE_61,2305843009213693951,main-8-PRIME_MERSENNE_61-t3,include_01,sha256:fd03b79af933fdaff370887e17a885acc41b603626592bc02a2f0a5ac79b05ef,0,1,4,4,1
8,PRIME_MERSENNE_61,2305843009213693951,main-8-PRIME_MERSENNE_61-t3,include_01,sha256:fd03b79af933fdaff370887e17a885acc41b603626592bc02a2f0a5ac79b05ef,0,2,7,7,1
8,PRIME_MERSENNE_61,2305843009213693951,main-8-PRIME_MERSENNE_61-t3,include_01,sha256:fd03b79af933fdaff370887e17a885acc41b603626592bc02a2f0a5ac79b05ef,0,3,10,10,1
8,PRIME_MERSENNE_61,2305843009213693951,main-8-PRIME_MERSENNE_61-t3,include_01,sha256:fd03b79af933fdaff370887e17a885acc41b603626592bc02a2f0a5ac79b05ef,0,4,13,13,1
8,PRIME_MERSENNE_61,2305843009213693951,main-8-PRIME_MERSENNE_61-t3,include_01,sha256:fd03b79af933fdaff370887e17a885acc41b603626592bc02a2f0a5ac79b05ef,0,5,16,16,1
8,PRIME_MERSENNE_61,2305843009213693951,main-8-PRIME_MERSENNE_61-t3,include_01,sha256:fd03b79af933fdaff370887e17a885acc41b603626592bc02a2f0a5ac79b05ef,0,6,19,19,1
8,PRIME_MERSENNE_61,2305843009213693951,main-8-PRIME_MERSENNE_61-t3,include_01,sha256:fd03b79af933fdaff370887e17a885acc41b603626592bc02a2f0a5ac79b05ef,0,7,22,22,1
8,PRIME_MERSENNE_61,2305843009213693951,main-8-PRIME_MERSENNE_61-t3,include_01,sha256:fd03b79af933fdaff370887e17a885acc41b603626592bc02a2f0a5ac79b05ef,0,8,27,27,1
8,PRIME_MERSENNE_61,2305843009213693951,main-8-PRIME_MERSENNE_61-t4,include_01,sha256:922ad53dd5c7ca7be6b4c0e26e83e062afef2e57b5831012515d6bfcb9db5450,0,0,1,1,1
8,PRIME_MERSENNE_61,2305843009213693951,main-8-PRIME_MERSENNE_61-t4,include_01,sha256:922ad53dd5c7ca7be6b4c0e26e83e062afef2e57b5831012515d6bfcb9db5450,0,1,4,4,1
8,PRIME_MERSENNE_61,2305843009213693951,main-8-PRIME_MERSENNE_61-t4,include_01,sha256:922ad53dd5c7ca7be6b4c0e26e83e062afef2e57b5831012515d6bfcb9db5450,0,2,7,7,1
8,PRIME_MERSENNE_61,2305843009213693951,main-8-PRIME_MERSENNE_61-t4,include_01,sha256:922ad53dd5c7ca7be6b4c0e26e83e062afef2e57b5831012515d6bfcb9db5450,0,3,10,10,1
8,PRIME_MERSENNE_61,2305843009213693951,main-8-PRIME_MERSENNE_61-t4,include_01,sha256:922ad53dd5c7ca7be6b4c0e26e83e062afef2e57b5831012515d6bfcb9db5450,0,4,13,13,1
8,PRIME_MERSENNE_61,2305843009213693951,main-8-PRIME_MERSENNE_61-t4,include_01,sha256:922ad53dd5c7ca7be6b4c0e26e83e062afef2e57b5831012515d6bfcb9db5450,0,5,16,16,1
8,PRIME_MERSENNE_61,2305843009213693951,main-8-PRIME_MERSENNE_61-t4,include_01,sha256:922ad53dd5c7ca7be6b4c0e26e83e062afef2e57b5831012515d6bfcb9db5450,0,6,19,19,1
8,PRIME_MERSENNE_61,2305843009213693951,main-8-PRIME_MERSENNE_61-t4,include_01,sha256:922ad53dd5c7ca7be6b4c0e26e83e062afef2e57b5831012515d6bfcb9db5450,0,7,22,22,1
8,PRIME_MERSENNE_61,2305843009213693951,main-8-PRIME_MERSENNE_61-t4,include_01,sha256:922ad53dd5c7ca7be6b4c0e26e83e062afef2e57b5831012515d6bfcb9db5450,0,8,27,27,1
8,PRIME_RANDOM_61,2305843009213693967,main-8-PRIME_RANDOM_61-t0,include_01,sha256:06eb5424dcdf6edca73422462cceb8250609e1a6c74e6b4df965901f93fd4eeb,0,0,1,1,1
8,PRIME_RANDOM_61,2305843009213693967,main-8-PRIME_RANDOM_61-t0,include_01,sha256:06eb5424dcdf6edca73422462cceb8250609e1a6c74e6b4df965901f93fd4eeb,0,1,4,4,1
8,PRIME_RANDOM_61,2305843009213693967,main-8-PRIME_RANDOM_61-t0,include_01,sha256:06eb5424dcdf6edca73422462cceb8250609e1a6c74e6b4df965901f93fd4eeb,0,2,7,7,1
8,PRIME_RANDOM_61,2305843009213693967,main-8-PRIME_RANDOM_61-t0,include_01,sha256:06eb5424dcdf6edca73422462cceb8250609e1a6c74e6b4df965901f93fd4eeb,0,3,10,10,1
8,PRIME_RANDOM_61,2305843009213693967,main-8-PRIME_RANDOM_61-t0,include_01,sha256:06eb5424dcdf6edca73422462cceb8250609e1a6c74e6b4df965901f93fd4eeb,0,4,13,13,1
8,PRIME_RANDOM_61,2305843009213693967,main-8-PRIME_RANDOM_61-t0,include_01,sha256:06eb5424dcdf6edca73422462cceb8250609e1a6c74e6b4df965901f93fd4eeb,0,5,16,16,1
8,PRIME_RANDOM_61,2305843009213693967,main-8-PRIME_RANDOM_61-t0,include_01,sha256:06eb5424dcdf6edca73422462cceb8250609e1a6c74e6b4df965901f93fd4eeb,0,6,19,19,1
8,PRIME_RANDOM_61,2305843009213693967,main-8-PRIME_RANDOM_61-t0,include_01,sha256:06eb5424dcdf6edca73422462cceb8250609e1a6c74e6b4df965901f93fd4eeb,0,7,22,22,1
8,PRIME_RANDOM_61,2305843009213693967,main-8-PRIME_RANDOM_61-t0,include_01,sha256:06eb5424dcdf6edca73422462cceb8250609e1a6c74e6b4df965901f93fd4eeb,0,8,27,27,1
8,PRIME_RANDOM_61,2305843009213693967,main-8-PRIME_RANDOM_61-t1,include_01,sha256:9b03ebea1f5e872fb91d4de65dee97529eac55757646c3510647ae840e0ce768,0,0,1,1,1
8,PRIME_RANDOM_61,2305843009213693967,main-8-PRIME_RANDOM_61-t1,include_01,sha256:9b03ebea1f5e872fb91d4de65dee97529eac55757646c3510647ae840e0ce768,0,1,4,4,1
8,PRIME_RANDOM_61,2305843009213693967,main-8-PRIME_RANDOM_61-t1,include_01,sha256:9b03ebea1f5e872fb91d4de65dee97529eac55757646c3510647ae840e0ce768,0,2,7,7,1
8,PRIME_RANDOM_61,2305843009213693967,main-8-PRIME_RANDOM_61-t1,include_01,sha256:9b03ebea1f5e872fb91d4de65dee97529eac55757646c3510647ae840e0ce768,0,3,10,10,1
8,PRIME_RANDOM_61,2305843009213693967,main-8-PRIME_RANDOM_61-t1,include_01,sha256:9b03ebea1f5e872fb91d4de65dee97529eac55757646c3510647ae840e0ce768,0,4,13,13,1
8,PRIME_RANDOM_61,2305843009213693967,main-8-PRIME_RANDOM_61-t1,include_01,sha256:9b03ebea1f5e872fb91d4de65dee97529eac55757646c3510647ae840e0ce768,0,5,16,16,1
8,PRIME_RANDOM_61,2305843009213693967,main-8-PRIME_RANDOM_61-t1,include_01,sha256:9b03ebea1f5e872fb91d4de65dee97529eac55757646c3510647ae840e0ce768,0,6,19,19,1
8,PRIME_RANDOM_61,2305843009213693967,main-8-PRIME_RANDOM_61-t1,include_01,sha256:9b03ebea1f5e872fb91d4de65dee97529eac55757646c3510647ae840e0ce768,0,7,22,22,1
8,PRIME_RANDOM_61,2305843009213693967,main-8-PRIME_RANDOM_61-t1,include_01,sha256:9b03ebea1f5e872fb91d4de65dee97529eac55757646c3510647ae840e0ce768,0,8,27,27,1
8,PRIME_RANDOM_61,2305843009213693967,main-8-PRIME_RANDOM_61-t2,include_01,sha256:fb4a220085ec3b5c50ad8d4edd89f252304d5dcd696d6eb24a88952828530a0c,0,0,1,1,1
8,PRIME_RANDOM_61,2305843009213693967,main-8-PRIME_RANDOM_61-t2,include_01,sha256:fb4a220085ec3b5c50ad8d4edd89f252304d5dcd696d6eb24a88952828530a0c,0,1,4,4,1
8,PRIME_RANDOM_61,2305843009213693967,main-8-PRIME_RANDOM_61-t2,include_01,sha256:fb4a220085ec3b5c50ad8d4edd89f252304d5dcd696d6eb24a88952828530a0c,0,2,7,7,1
8,PRIME_RANDOM_61,2305843009213693967,main-8-PRIME_RANDOM_61-t2,include_01,sha256:fb4a220085ec3b5c50ad8d4edd89f252304d5dcd696d6eb24a88952828530a0c,0,3,10,10,1
8,PRIME_RANDOM_61,2305843009213693967,main-8-PRIME_RANDOM_61-t2,include_01,sha256:fb4a220085ec3b5c50ad8d4edd89f252304d5dcd696d6eb24a88952828530a0c,0,4,13,13,1
8,PRIME_RANDOM_61,2305843009213693967,main-8-PRIME_RANDOM_61-t2,include_01,sha256:fb4a220085ec3b5c50ad8d4edd89f252304d5dcd696d6eb24a88952828530a0c,0,5,16,16,1
8,PRIME_RANDOM_61,2305843009213693967,main-8-PRIME_RANDOM_61-t2,include_01,sha256:fb4a220085ec3b5c50ad8d4edd89f252304d5dcd696d6eb24a88952828530a0c,0,6,19,19,1
8,PRIME_RANDOM_61,2305843009213693967,main-8-PRIME_RANDOM_61-t2,include_01,sha256:fb4a220085ec3b5c50ad8d4edd89f252304d5dcd696d6eb24a88952828530a0c,0,7,22,22,1
8,PRIME_RANDOM_61,2305843009213693967,main-8-PRIME_RANDOM_61-t2,include_01,sha256:fb4a220085ec3b5c50ad8d4edd89f252304d5dcd696d6eb24a88952828530a0c,0,8,27,27,1
8,PRIME_RANDOM_61,2305843009213693967,main-8-PRIME_RANDOM_61-t3,include_01,sha256:73bba4f8b1e988dc5d04f7a4e827bb30164a2e1038defc155a3c1fc122e3735f,0,0,1,1,1
8,PRIME_RANDOM_61,2305843009213693967,main-8-PRIME_RANDOM_61-t3,include_01,sha256:73bba4f8b1e988dc5d04f7a4e827bb30164a2e1038defc155a3c1fc122e3735f,0,1,4,4,1
8,PRIME_RANDOM_61,2305843009213693967,main-8-PRIME_RANDOM_61-t3,include_01,sha256:73bba4f8b1e988dc5d04f7a4e827bb30164a2e1038defc155a3c1fc122e3735f,0,2,7,7,1
8,PRIME_RANDOM_61,2305843009213693967,main-8-PRIME_RANDOM_61-t3,include_01,sha256:73bba4f8b1e988dc5d04f7a4e827bb30164a2e1038defc155a3c1fc122e3735f,0,3,10,10,1
8,PRIME_RANDOM_61,2305843009213693967,main-8-PRIME_RANDOM_61-t3,include_01,sha256:73bba4f8b1e988dc5d04f7a4e827bb30164a2e1038defc155a3c1fc122e3735f,0,4,13,13,1
8,PRIME_RANDOM_61,2305843009213693967,main-8-PRIME_RANDOM_61-t3,include_01,sha256:73bba4f8b1e988dc5d04f7a4e827bb30164a2e1038defc155a3c1fc122e3735f,0,5,16,16,1
8,PRIME_RANDOM_61,2305843009213693967,main-8-PRIME_RANDOM_61-t3,include_01,sha256:73bba4f8b1e988dc5d04f7a4e827bb30164a2e1038defc155a3c1fc122e3735f,0,6,19,19,1
8,PRIME_RANDOM_61,2305843009213693967,main-8-PRIME_RANDOM_61-t3,include_01,sha256:73bba4f8b1e988dc5d04f7a4e827bb30164a2e1038defc155a3c1fc122e3735f,0,7,22,22,1
8,PRIME_RANDOM_61,2305843009213693967,main-8-PRIME_RANDOM_61-t3,include_01,sha256:73bba4f8b1e988dc5d04f7a4e827bb30164a2e1038defc155a3c1fc122e3735f,0,8,27,27,1
8,PRIME_RANDOM_61,2305843009213693967,main-8-PRIME_RANDOM_61-t4,include_01,sha256:d6a1b6f219f970fa6faff01163fa25e55af85d28577bbab5de883ef916830fda,0,0,1,1,1
8,PRIME_RANDOM_61,2305843009213693967,main-8-PRIME_RANDOM_61-t4,include_01,sha256:d6a1b6f219f970fa6faff01163fa25e55af85d28577bbab5de883ef916830fda,0,1,4,4,1
8,PRIME_RANDOM_61,2305843009213693967,main-8-PRIME_RANDOM_61-t4,include_01,sha256:d6a1b6f219f970fa6faff01163fa25e55af85d28577bbab5de883ef916830fda,0,2,7,7,1
8,PRIME_RANDOM_61,2305843009213693967,main-8-PRIME_RANDOM_61-t4,include_01,sha256:d6a1b6f219f970fa6faff01163fa25e55af85d28577bbab5de883ef916830fda,0,3,10,10,1
8,PRIME_RANDOM_61,2305843009213693967,main-8-PRIME_RANDOM_61-t4,include_01,sha256:d6a1b6f219f970fa6faff01163fa25e55af85d28577bbab5de883ef916830fda,0,4,13,13,1
8,PRIME_RANDOM_61,2305843009213693967,main-8-PRIME_RANDOM_61-t4,include_01,sha256:d6a1b6f219f970fa6faff01163fa25e55af85d28577bbab5de883ef916830fda,0,5,16,16,1
8,PRIME_RANDOM_61,2305843009213693967,main-8-PRIME_RANDOM_61-t4,include_01,sha256:d6a1b6f219f970fa6faff01163fa25e55af85d28577bbab5de883ef916830fda,0,6,19,19,1
8,PRIME_RANDOM_61,2305843009213693967,main-8-PRIME_RANDOM_61-t4,include_01,sha256:d6a1b6f219f970fa6faff01163fa25e55af85d28577bbab5de883ef916830fda,0,7,22,22,1
8,PRIME_RANDOM_61,2305843009213693967,main-8-PRIME_RANDOM_61-t4,include_01,sha256:d6a1b6f219f970fa6faff01163fa25e55af85d28577bbab5de883ef916830fda,0,8,27,27,1
10,PRIME_TINY,3,main-10-PRIME_TINY-t0,include_01,sha256:f35b98eaf6569efa1ec44a46804887a1fc876400fe5f5abac52e3d4ee27b3e77,7,0,1,1,1
10,PRIME_TINY,3,main-10-PRIME_TINY-t0,include_01,sha256:f35b98eaf6569efa1ec44a46804887a1fc876400fe5f5abac52e3d4ee27b3e77,7,1,4,4,1
10,PRIME_TINY,3,main-10-PRIME_TINY-t0,include_01,sha256:f35b98eaf6569efa1ec44a46804887a1fc876400fe5f5abac52e3d4ee27b3e77,7,2,7,7,1
10,PRIME_TINY,3,main-10-PRIME_TINY-t0,include_01,sha256:f35b98eaf6569efa1ec44a46804887a1fc876400fe5f5abac52e3d4ee27b3e77,7,3,10,10,1
10,PRIME_TINY,3,main-10-PRIME_TINY-t0,include_01,sha256:f35b98eaf6569efa1ec44a46804887a1fc876400fe5f5abac52e3d4ee27b3e77,7,4,13,13,1
10,PRIME_TINY,3,main-10-PRIME_TINY-t0,include_01,sha256:f35b98eaf6569efa1ec44a46804887a1fc876400fe5f5abac52e3d4ee27b3e77,7,5,16,16,1
10,PRIME_TINY,3,main-10-PRIME_TINY-t0,include_01,sha256:f35b98eaf6569efa1ec44a46804887a1fc876400fe5f5abac52e3d4ee27b3e77,7,6,19,19,1
10,PRIME_TINY,3,main-10-PRIME_TINY-t0,include_01,sha256:f35b98eaf6569efa1ec44a46804887a1fc876400fe5f5abac52e3d4ee27b3e77,7,7,22,22,1
10,PRIME_TINY,3,main-10-PRIME_TINY-t0,include_01,sha256:f35b98eaf6569efa1ec44a46804887a1fc876400fe5f5abac52e3d4ee27b3e77,7,8,25,25,1
10,PRIME_TINY,3,main-10-PRIME_TINY-t0,include_01,sha256:f35b98eaf6569efa1ec44a46804887a1fc876400fe5f5abac52e3d4ee27b3e77,7,9,28,28,1
10,PRIME_TINY,3,main-10-PRIME_TINY-t0,include_01,sha256:f35b98eaf6569efa1ec44a46804887a1fc876400fe5f5abac52e3d4ee27b3e77,7,10,33,33,1
10,PRIME_TINY,3,main-10-PRIME_TINY-t1,include_01,sha256:6f788cf16ad729801c517ab83622aecc0b3b1788bf203d60b4229b5b34b0b14c,9,0,1,1,1
10,PRIME_TINY,3,main-10-PRIME_TINY-t1,include_01,sha256:6f788cf16ad729801c517ab83622aecc0b3b1788bf203d60b4229b5b34b0b14c,9,1,4,4,1
10,PRIME_TINY,3,main-10-PRIME_TINY-t1,include_01,sha256:6f788cf16ad729801c517ab83622aecc0b3b1788bf203d60b4229b5b34b0b14c,9,2,7,7,1
10,PRIME_TINY,3,main-10-PRIME_TINY-t1,include_01,sha256:6f788cf16ad729801c517ab83622aecc0b3b1788bf203d60b4229b5b34b0b14c,9,3,10,10,1
10,PRIME_TINY,3,main-10-PRIME_TINY-t1,include_01,sha256:6f788cf16ad729801c517ab83622aecc0b3b1788bf203d60b4229b5b34b0b14c,9,4,13,13,1
10,PRIME_TINY,3,main-10-PRIME_TINY-t1,include_01,sha256:6f788cf16ad729801c517ab83622aecc0b3b1788bf203d60b4229b5b34b0b14c,9,5,16,16,1
10,PRIME_TINY,3,main-10-PRIME_TINY-t1,include_01,sha256:6f788cf16ad729801c517ab83622aecc0b3b1788bf203d60b4229b5b34b0b14c,9,6,19,19,1
10,PRIME_TINY,3,main-10-PRIME_TINY-t1,include_01,sha256:6f788cf16ad729801c517ab83622aecc0b3b1788bf203d60b4229b5b34b0b14c,9,7,22,22,1
10,PRIME_TINY,3,main-10-PRIME_TINY-t1,include_01,sha256:6f788cf16ad729801c517ab83622aecc0b3b1788bf203d60b4229b5b34b0b14c,9,8,25,25,1
10,PRIME_TINY,3,main-10-PRIME_TINY-t1,include_01,sha256:6f788cf16ad729801c517ab83622aecc0b3b1788bf203d60b4229b5b34b0b14c,9,9,28,28,1
10,PRIME_TINY,3,main-10-PRIME_TINY-t1,include_01,sha256:6f788cf16ad729801c517ab83622aecc0b3b1788bf203d60b4229b5b34b0b14c,9,10,33,33,1
10,PRIME_TINY,3,main-10-PRIME_TINY-t2,include_01,sha256:d317822333f95659a22e0a84fc06e800017cbbdf07f84f7b6793e4daf90c56d2,7,0,1,1,1
10,PRIME_TINY,3,main-10-PRIME_TINY-t2,include_01,sha256:d317822333f95659a22e0a84fc06e800017cbbdf07f84f7b6793e4daf90c56d2,7,1,4,4,1
10,PRIME_TINY,3,main-10-PRIME_TINY-t2,include_01,sha256:d317822333f95659a22e0a84fc06e800017cbbdf07f84f7b6793e4daf90c56d2,7,2,7,7,1
10,PRIME_TINY,3,main-10-PRIME_TINY-t2,include_01,sha256:d317822333f95659a22e0a84fc06e800017cbbdf07f84f7b6793e4daf90c56d2,7,3,10,10,1
10,PRIME_TINY,3,main-10-PRIME_TINY-t2,include_01,sha256:d317822333f95659a22e0a84fc06e800017cbbdf07f84f7b6793e4daf90c56d2,7,4,13,13,1
10,PRIME_TINY,3,main-10-PRIME_TINY-t2,include_01,sha256:d317822333f95659a22e0a84fc06e800017cbbdf07f84f7b6793e4daf90c56d2,7,5,16,16,1
10,PRIME_TINY,3,main-10-PRIME_TINY-t2,include_01,sha256:d317822333f95659a22e0a84fc06e800017cbbdf07f84f7b6793e4daf90c56d2,7,6,19,19,1
10,PRIME_TINY,3,main-10-PRIME_TINY-t2,include_01,sha256:d317822333f95659a22e0a84fc06e800017cbbdf07f84f7b6793e4daf90c56d2,7,7,22,22,1
10,PRIME_TINY,3,main-10-PRIME_TINY-t2,include_01,sha256:d317822333f95659a22e0a84fc06e800017cbbdf07f84f7b6793e4daf90c56d2,7,8,25,25,1
10,PRIME_TINY,3,main-10-PRIME_TINY-t2,include_01,sha256:d317822333f95659a22e0a84fc06e800017cbbdf07f84f7b6793e4daf90c56d2,7,9,28,28,1
10,PRIME_TINY,3,main-10-PRIME_TINY-t2,include_01,sha256:d317822333f95659a22e0a84fc06e800017cbbdf07f84f7b6793e4daf90c56d2,7,10,33,33,1
10,PRIME_TINY,3,main-10-PRIME_TINY-t3,include_01,sha256:e75d75dabc4d90db7ce70d7793ff97cba8400914d3ecbd61088a63bdc694a22e,7,0,1,1,1
10,PRIME_TINY,3,main-10-PRIME_TINY-t3,include_01,sha256:e75d75dabc4d90db7ce70d7793ff97cba8400914d3ecbd61088a63bdc694a22e,7,1,4,4,1
10,PRIME_TINY,3,main-10-PRIME_TINY-t3,include_01,sha256:e75d75dabc4d90db7ce70d7793ff97cba8400914d3ecbd61088a63bdc694a22e,7,2,7,7,1
10,PRIME_TINY,3,main-10-PRIME_TINY-t3,include_01,sha256:e75d75dabc4d90db7ce70d7793ff97cba8400914d3ecbd61088a63bdc694a22e,7,3,10,10,1
10,PRIME_TINY,3,main-10-PRIME_TINY-t3,include_01,sha256:e75d75dabc4d90db7ce70d7793ff97cba8400914d3ecbd61088a63bdc694a22e,7,4,13,13,1
10,PRIME_TINY,3,main-10-PRIME_TINY-t3,include_01,sha256:e75d75dabc4d90db7ce70d7793ff97cba8400914d3ecbd61088a63bdc694a22e,7,5,16,16,1
10,PRIME_TINY,3,main-10-PRIME_TINY-t3,include_01,sha256:e75d75dabc4d90db7ce70d7793ff97cba8400914d3ecbd61088a63bdc694a22e,7,6,19,19,1
10,PRIME_TINY,3,main-10-PRIME_TINY-t3,include_01,sha256:e75d75dabc4d90db7ce70d7793ff97cba8400914d3ecbd61088a63bdc694a22e,7,7,22,22,1
10,PRIME_TINY,3,main-10-PRIME_TINY-t3,include_01,sha256:e75d75dabc4d90db7ce70d7793ff97cba8400914d3ecbd61088a63bdc694a22e,7,8,25,25,1
10,PRIME_TINY,3,main-10-PRIME_TINY-t3,include_01,sha256:e75d75dabc4d90db7ce70d7793ff97cba8400914d3ecbd61088a63bdc694a22e,7,9,28,28,1
10,PRIME_TINY,3,main-10-PRIME_TINY-t3,include_01,sha256:e75d75dabc4d90db7ce70d7793ff97cba8400914d3ecbd61088a63bdc694a22e,7,10,33,33,1
10,PRIME_TINY,3,main-10-PRIME_TINY-t4,include_01,sha256:f6c84c01d6b21485e0c26e3d3a6c01f349256f9d6944b6ade8356714bac28d65,6,0,1,1,1
10,PRIME_TINY,3,main-10-PRIME_TINY-t4,include_01,sha256:f6c84c01d6b21485e0c26e3d3a6c01f349256f9d6944b6ade8356714bac28d65,6,1,4,4,1
10,PRIME_TINY,3,main-10-PRIME_TINY-t4,include_01,sha256:f6c84c01d6b21485e0c26e3d3a6c01f349256f9d6944b6ade8356714bac28d65,6,2,7,7,1
10,PRIME_TINY,3,main-10-PRIME_TINY-t4,include_01,sha256:f6c84c01d6b21485e0c26e3d3a6c01f349256f9d6944b6ade8356714bac28d65,6,3,10,10,1
10,PRIME_TINY,3,main-10-PRIME_TINY-t4,include_01,sha256:f6c84c01d6b21485e0c26e3d3a6c01f349256f9d6944b6ade8356714bac28d65,6,4,13,13,1
10,PRIME_TINY,3,main-10-PRIME_TINY-t4,include_01,sha256:f6c84c01d6b21485e0c26e3d3a6c01f349256f9d6944b6ade8356714bac28d65,6,5,16,16,1
10,PRIME_TINY,3,main-10-PRIME_TINY-t4,include_01,sha256:f6c84c01d6b21485e0c26e3d3a6c01f349256f9d6944b6ade8356714bac28d65,6,6,19,19,1
10,PRIME_TINY,3,main-10-PRIME_TINY-t4,include_01,sha256:f6c84c01d6b21485e0c26e3d3a6c01f349256f9d6944b6ade8356714bac28d65,6,7,22,22,1
10,PRIME_TINY,3,main-10-PRIME_TINY-t4,include_01,sha256:f6c84c01d6b21485e0c26e3d3a6c01f349256f9d6944b6ade8356714bac28d65,6,8,25,25,1
10,PRIME_TINY,3,main-10-PRIME_TINY-t4,include_01,sha256:f6c84c01d6b21485e0c26e3d3a6c01f349256f9d6944b6ade8356714bac28d65,6,9,28,28,1
10,PRIME_TINY,3,main-10-PRIME_TINY-t4,include_01,sha256:f6c84c01d6b21485e0c26e3d3a6c01f349256f9d6944b6ade8356714bac28d65,6,10,33,33,1
10,PRIME_MERSENNE_61,2305843009213693951,main-10-PRIME_MERSENNE_61-t0,include_01,sha256:91236d6de57ebac0ff09a558ea784e1251f11851c2c4fbb8315ea3d73e2adc00,0,0,1,1,1
10,PRIME_MERSENNE_61,2305843009213693951,main-10-PRIME_MERSENNE_61-t0,include_01,sha256:91236d6de57ebac0ff09a558ea784e1251f11851c2c4fbb8315ea3d73e2adc00,0,1,4,4,1
10,PRIME_MERSENNE_61,2305843009213693951,main-10-PRIME_MERSENNE_61-t0,include_01,sha256:91236d6de57ebac0ff09a558ea784e1251f11851c2c4fbb8315ea3d73e2adc00,0,2,7,7,1
10,PRIME_MERSENNE_61,2305843009213693951,main-10-PRIME_MERSENNE_61-t0,include_01,sha256:91236d6de57ebac0ff09a558ea784e1251f11851c2c4fbb8315ea3d73e2adc00,0,3,10,10,1
10,PRIME_MERSENNE_61,2305843009213693951,main-10-PRIME_MERSENNE_61-t0,include_01,sha256:91236d6de57ebac0ff09a558ea784e1251f11851c2c4fbb8315ea3d73e2adc00,0,4,13,13,1
10,PRIME_MERSENNE_61,2305843009213693951,main-10-PRIME_MERSENNE_61-t0,include_01,sha256:91236d6de57ebac0ff09a558ea784e1251f11851c2c4fbb8315ea3d73e2adc00,0,5,16,16,1
10,PRIME_MERSENNE_61,2305843009213693951,main-10-PRIME_MERSENNE_61-t0,include_01,sha256:91236d6de57ebac0ff09a558ea784e1251f11851c2c4fbb8315ea3d73e2adc00,0,6,19,19,1
10,PRIME_MERSENNE_61,2305843009213693951,main-10-PRIME_MERSENNE_61-t0,include_01,sha256:91236d6de57ebac0ff09a558ea784e1251f11851c2c4fbb8315ea3d73e2adc00,0,7,22,22,1
10,PRIME_MERSENNE_61,2305843009213693951,main-10-PRIME_MERSENNE_61-t0,include_01,sha256:91236d6de57ebac0ff09a558ea784e1251f11851c2c4fbb8315ea3d73e2adc00,0,8,25,25,1
10,PRIME_MERSENNE_61,2305843009213693951,main-10-PRIME_MERSENNE_61-t0,include_01,sha256:91236d6de57ebac0ff09a558ea784e1251f11851c2c4fbb8315ea3d73e2adc00,0,9,28,28,1
10,PRIME_MERSENNE_61,2305843009213693951,main-10-PRIME_MERSENNE_61-t0,include_01,sha256:91236d6de57ebac0ff09a558ea784e1251f11851c2c4fbb8315ea3d73e2adc00,0,10,33,33,1
10,PRIME_MERSENNE_61,2305843009213693951,main-10-PRIME_MERSENNE_61-t1,include_01,sha256:7203c971ff213aad6553daa4c5ca09febe2a7c5a9c5cba936e86f3b252225f2d,0,0,1,1,1
10,PRIME_MERSENNE_61,2305843009213693951,main-10-PRIME_MERSENNE_61-t1,include_01,sha256:7203c971ff213aad6553daa4c5ca09febe2a7c5a9c5cba936e86f3b252225f2d,0,1,4,4,1
10,PRIME_MERSENNE_61,2305843009213693951,main-10-PRIME_MERSENNE_61-t1,include_01,sha256:7203c971ff213aad6553daa4c5ca09febe2a7c5a9c5cba936e86f3b252225f2d,0,2,7,7,1
10,PRIME_MERSENNE_61,2305843009213693951,main-10-PRIME_MERSENNE_61-t1,include_01,sha256:7203c971ff213aad6553daa4c5ca09febe2a7c5a9c5cba936e86f3b252225f2d,0,3,10,10,1
10,PRIME_MERSENNE_61,2305843009213693951,main-10-PRIME_MERSENNE_61-t1,include_01,sha256:7203c971ff213aad6553daa4c5ca09febe2a7c5a9c5cba936e86f3b252225f2d,0,4,13,13,1
10,PRIME_MERSENNE_61,2305843009213693951,main-10-PRIME_MERSENNE_61-t1,include_01,sha256:7203c971ff213aad6553daa4c5ca09febe2a7c5a9c5cba936e86f3b252225f2d,0,5,16,16,1
10,PRIME_MERSENNE_61,2305843009213693951,main-10-PRIME_MERSENNE_61-t1,include_01,sha256:7203c971ff213aad6553daa4c5ca09febe2a7c5a9c5cba936e86f3b252225f2d,0,6,19,19,1
10,PRIME_MERSENNE_61,2305843009213693951,main-10-PRIME_MERSENNE_61-t1,include_01,sha256:7203c971ff213aad6553daa4c5ca09febe2a7c5a9c5cba936e86f3b252225f2d,0,7,22,22,1
10,PRIME_MERSENNE_61,2305843009213693951,main-10-PRIME_MERSENNE_61-t1,include_01,sha256:7203c971ff213aad6553daa4c5ca09febe2a7c5a9c5cba936e86f3b252225f2d,0,8,25,25,1
10,PRIME_MERSENNE_61,2305843009213693951,main-10-PRIME_MERSENNE_61-t1,include_01,sha256:7203c971ff213aad6553daa4c5ca09febe2a7c5a9c5cba936e86f3b252225f2d,0,9,28,28,1
10,PRIME_MERSENNE_61,2305843009213693951,main-10-PRIME_MERSENNE_61-t1,include_01,sha256:7203c971ff213aad6553daa4c5ca09febe2a7c5a9c5cba936e86f3b252225f2d,0,10,33,33,1
10,PRIME_MERSENNE_61,2305843009213693951,main-10-PRIME_MERSENNE_61-t2,include_01,sha256:ef95034a034b7ee5f04ffd84cb46f8431ca571ce0bed33b4bc3e00a1247d1af2,0,0,1,1,1
10,PRIME_MERSENNE_61,2305843009213693951,main-10-PRIME_MERSENNE_61-t2,include_01,sha256:ef95034a034b7ee5f04ffd84cb46f8431ca571ce0bed33b4bc3e00a1247d1af2,0,1,4,4,1
10,PRIME_MERSENNE_61,2305843009213693951,main-10-PRIME_MERSENNE_61-t2,include_01,sha256:ef95034a034b7ee5f04ffd84cb46f8431ca571ce0bed33b4bc3e00a1247d1af2,0,2,7,7,1
10,PRIME_MERSENNE_61,2305843009213693951,main-10-PRIME_MERSENNE_61-t2,include_01,sha256:ef95034a034b7ee5f04ffd84cb46f8431ca571ce0bed33b4bc3e00a1247d1af2,0,3,10,10,1
10,PRIME_MERSENNE_61,2305843009213693951,main-10-PRIME_MERSENNE_61-t2,include_01,sha256:ef95034a034b7ee5f04ffd84cb46f8431ca571ce0bed33b4bc3e00a1247d1af2,0,4,13,13,1
10,PRIME_MERSENNE_61,2305843009213693951,main-10-PRIME_MERSENNE_61-t2,include_01,sha256:ef95034a034b7ee5f04ffd84cb46f8431ca571ce0bed33b4bc3e00a1247d1af2,0,5,16,16,1
10,PRIME_MERSENNE_61,2305843009213693951,main-10-PRIME_MERSENNE_61-t2,include_01,sha256:ef95034a034b7ee5f04ffd84cb46f8431ca571ce0bed33b4bc3e00a1247d1af2,0,6,19,19,1
10,PRIME_MERSENNE_61,2305843009213693951,main-10-PRIME_MERSENNE_61-t2,include_01,sha256:ef95034a034b7ee5f04ffd84cb46f8431ca571ce0bed33b4bc3e00a1247d1af2,0,7,22,22,1
10,PRIME_MERSENNE_61,2305843009213693951,main-10-PRIME_MERSENNE_61-t2,include_01,sha256:ef95034a034b7ee5f04ffd84cb46f8431ca571ce0bed33b4bc3e00a1247d1af2,0,8,25,25,1
10,PRIME_MERSENNE_61,2305843009213693951,main-10-PRIME_MERSENNE_61-t2,include_01,sha256:ef95034a034b7ee5f04ffd84cb46f8431ca571ce0bed33b4bc3e00a1247d1af2,0,9,28,28,1
10,PRIME_MERSENNE_61,2305843009213693951,main-10-PRIME_MERSENNE_61-t2,include_01,sha256:ef95034a034b7ee5f04ffd84cb46f8431ca571ce0bed33b4bc3e00a1247d1af2,0,10,33,33,1
10,PRIME_MERSENNE_61,2305843009213693951,main-10-PRIME_MERSENNE_61-t3,include_01,sha256:235af93ef4dfb2dfca8739820b6bf9077e2fe920c58e9e32a4ed831be032ed58,0,0,1,1,1
10,PRIME_MERSENNE_61,2305843009213693951,main-10-PRIME_MERSENNE_61-t3,include_01,sha256:235af93ef4dfb2dfca8739820b6bf9077e2fe920c58e9e32a4ed831be032ed58,0,1,4,4,1
10,PRIME_MERSENNE_61,2305843009213693951,main-10-PRIME_MERSENNE_61-t3,include_01,sha256:235af93ef4dfb2dfca8739820b6bf9077e2fe920c58e9e32a4ed831be032ed58,0,2,7,7,1
10,PRIME_MERSENNE_61,2305843009213693951,main-10-PRIME_MERSENNE_61-t3,include_01,sha256:235af93ef4dfb2dfca8739820b6bf9077e2fe920c58e9e32a4ed831be032ed58,0,3,10,10,1
10,PRIME_MERSENNE_61,2305843009213693951,main-10-PRIME_MERSENNE_61-t3,include_01,sha256:235af93ef4dfb2dfca8739820b6bf9077e2fe920c58e9e32a4ed831be032ed58,0,4,13,13,1
10,PRIME_MERSENNE_61,2305843009213693951,main-10-PRIME_MERSENNE_61-t3,include_01,sha256:235af93ef4dfb2dfca8739820b6bf9077e2fe920c58e9e32a4ed831be032ed58,0,5,16,16,1
10,PRIME_MERSENNE_61,2305843009213693951,main-10-PRIME_MERSENNE_61-t3,include_01,sha256:235af93ef4dfb2dfca8739820b6bf9077e2fe920c58e9e32a4ed831be032ed58,0,6,19,19,1
10,PRIME_MERSENNE_61,2305843009213693951,main-10-PRIME_MERSENNE_61-t3,include_01,sha256:235af93ef4dfb2dfca8739820b6bf9077e2fe920c58e9e32a4ed831be032ed58,0,7,22,22,1
10,PRIME_MERSENNE_61,2305843009213693951,main-10-PRIME_MERSENNE_61-t3,include_01,sha256:235af93ef4dfb2dfca8739820b6bf9077e2fe920c58e9e32a4ed831be032ed58,0,8,25,25,1
10,PRIME_MERSENNE_61,2305843009213693951,main-10-PRIME_MERSENNE_61-t3,include_01,sha256:235af93ef4dfb2dfca8739820b6bf9077e2fe920c58e9e32a4ed831be032ed58,0,9,28,28,1
10,PRIME_MERSENNE_61,2305843009213693951,main-10-PRIME_MERSENNE_61-t3,include_01,sha256:235af93ef4dfb2dfca8739820b6bf9077e2fe920c58e9e32a4ed831be032ed58,0,10,33,33,1
10,PRIME_MERSENNE_61,2305843009213693951,main-10-PRIME_MERSENNE_61-t4,include_01,sha256:93a7b131af72c9cba1097e4478e26cf7c8b190c47371d71d5037dffb6f19fedc,0,0,1,1,1
10,PRIME_MERSENNE_61,2305843009213693951,main-10-PRIME_MERSENNE_61-t4,include_01,sha256:93a7b131af72c9cba1097e4478e26cf7c8b190c47371d71d5037dffb6f19fedc,0,1,4,4,1
10,PRIME_MERSENNE_61,2305843009213693951,main-10-PRIME_MERSENNE_61-t4,include_01,sha256:93a7b131af72c9cba1097e4478e26cf7c8b190c47371d71d5037dffb6f19fedc,0,2,7,7,1
10,PRIME_MERSENNE_61,2305843009213693951,main-10-PRIME_MERSENNE_61-t4,include_01,sha256:93a7b131af72c9cba1097e4478e26cf7c8b190c47371d71d5037dffb6f19fedc,0,3,10,10,1
10,PRIME_MERSENNE_61,2305843009213693951,main-10-PRIME_MERSENNE_61-t4,include_01,sha256:93a7b131af72c9cba1097e4478e26cf7c8b190c47371d71d5037dffb6f19fedc,0,4,13,13,1
10,PRIME_MERSENNE_61,2305843009213693951,main-10-PRIME_MERSENNE_61-t4,include_01,sha256:93a7b131af72c9cba1097e4478e26cf7c8b190c47371d71d5037dffb6f19fedc,0,5,16,16,1
10,PRIME_MERSENNE_61,2305843009213693951,main-10-PRIME_MERSENNE_61-t4,include_01,sha256:93a7b131af72c9cba1097e4478e26cf7c8b190c47371d71d5037dffb6f19fedc,0,6,19,19,1
10,PRIME_MERSENNE_61,2305843009213693951,main-10-PRIME_MERSENNE_61-t4,include_01,sha256:93a7b131af72c9cba1097e4478e26cf7c8b190c47371d71d5037dffb6f19fedc,0,7,22,22,1
10,PRIME_MERSENNE_61,2305843009213693951,main-10-PRIME_MERSENNE_61-t4,include_01,sha256:93a7b131af72c9cba1097e4478e26cf7c8b190c47371d71d5037dffb6f19fedc,0,8,25,25,1
10,PRIME_MERSENNE_61,2305843009213693951,main-10-PRIME_MERSENNE_61-t4,include_01,sha256:93a7b131af72c9cba1097e4478e26cf7c8b190c47371d71d5037dffb6f19fedc,0,9,28,28,1
10,PRIME_MERSENNE_61,2305843009213693951,main-10-PRIME_MERSENNE_61-t4,include_01,sha256:93a7b131af72c9cba1097e4478e26cf7c8b190c47371d71d5037dffb6f19fedc,0,10,33,33,1
10,PRIME_RANDOM_61,2305843009213693967,main-10-PRIME_RANDOM_61-t0,include_01,sha256:06265f5c5161e0e5f5dc3692f848692e98f198975d24f428a1d016fe4e7eeedf,0,0,1,1,1
10,PRIME_RANDOM_61,2305843009213693967,main-10-PRIME_RANDOM_61-t0,include_01,sha256:06265f5c5161e0e5f5dc3692f848692e98f198975d24f428a1d016fe4e7eeedf,0,1,4,4,1
10,PRIME_RANDOM_61,2305843009213693967,main-10-PRIME_RANDOM_61-t0,include_01,sha256:06265f5c5161e0e5f5dc3692f848692e98f198975d24f428a1d016fe4e7eeedf,0,2,7,7,1
10,PRIME_RANDOM_61,2305843009213693967,main-10-PRIME_RANDOM_61-t0,include_01,sha256:06265f5c5161e0e5f5dc3692f848692e98f198975d24f428a1d016fe4e7eeedf,0,3,10,10,1
10,PRIME_RANDOM_61,2305843009213693967,main-10-PRIME_RANDOM_61-t0,include_01,sha256:06265f5c5161e0e5f5dc3692f848692e98f198975d24f428a1d016fe4e7eeedf,0,4,13,13,1
10,PRIME_RANDOM_61,2305843009213693967,main-10-PRIME_RANDOM_61-t0,include_01,sha256:06265f5c5161e0e5f5dc3692f848692e98f198975d24f428a1d016fe4e7eeedf,0,5,16,16,1
10,PRIME_RANDOM_61,2305843009213693967,main-10-PRIME_RANDOM_61-t0,include_01,sha256:06265f5c5161e0e5f5dc3692f848692e98f198975d24f428a1d016fe4e7eeedf,0,6,19,19,1
10,PRIME_RANDOM_61,2305843009213693967,main-10-PRIME_RANDOM_61-t0,include_01,sha256:06265f5c5161e0e5f5dc3692f848692e98f198975d24f428a1d016fe4e7eeedf,0,7,22,22,1
10,PRIME_RANDOM_61,2305843009213693967,main-10-PRIME_RANDOM_61-t0,include_01,sha256:06265f5c5161e0e5f5dc3692f848692e98f198975d24f428a1d016fe4e7eeedf,0,8,25,25,1
10,PRIME_RANDOM_61,2305843009213693967,main-10-PRIME_RANDOM_61-t0,include_01,sha256:06265f5c5161e0e5f5dc3692f848692e98f198975d24f428a1d016fe4e7eeedf,0,9,28,28,1
10,PRIME_RANDOM_61,2305843009213693967,main-10-PRIME_RANDOM_61-t0,include_01,sha256:06265f5c5161e0e5f5dc3692f848692e98f198975d24f428a1d016fe4e7eeedf,0,10,33,33,1
10,PRIME_RANDOM_61,2305843009213693967,main-10-PRIME_RANDOM_61-t1,include_01,sha256:8e5ee3f7f64de500a30040c601ef555df32f9e1935dcfd622dfa0776958fe51e,0,0,1,1,1
10,PRIME_RANDOM_61,2305843009213693967,main-10-PRIME_RANDOM_61-t1,include_01,sha256:8e5ee3f7f64de500a30040c601ef555df32f9e1935dcfd622dfa0776958fe51e,0,1,4,4,1
10,PRIME_RANDOM_61,2305843009213693967,main-10-PRIME_RANDOM_61-t1,include_01,sha256:8e5ee3f7f64de500a30040c601ef555df32f9e1935dcfd622dfa0776958fe51e,0,2,7,7,1
10,PRIME_RANDOM_61,2305843009213693967,main-10-PRIME_RANDOM_61-t1,include_01,sha256:8e5ee3f7f64de500a30040c601ef555df32f9e1935dcfd622dfa0776958fe51e,0,3,10,10,1
10,PRIME_RANDOM_61,2305843009213693967,main-10-PRIME_RANDOM_61-t1,include_01,sha256:8e5ee3f7f64de500a30040c601ef555df32f9e1935dcfd622dfa0776958fe51e,0,4,13,13,1
10,PRIME_RANDOM_61,2305843009213693967,main-10-PRIME_RANDOM_61-t1,include_01,sha256:8e5ee3f7f64de500a30040c601ef555df32f9e1935dcfd622dfa0776958fe51e,0,5,16,16,1
10,PRIME_RANDOM_61,2305843009213693967,main-10-PRIME_RANDOM_61-t1,include_01,sha256:8e5ee3f7f64de500a30040c601ef555df32f9e1935dcfd622dfa0776958fe51e,0,6,19,19,1
10,PRIME_RANDOM_61,2305843009213693967,main-10-PRIME_RANDOM_61-t1,include_01,sha256:8e5ee3f7f64de500a30040c601ef555df32f9e1935dcfd622dfa0776958fe51e,0,7,22,22,1
10,PRIME_RANDOM_61,2305843009213693967,main-10-PRIME_RANDOM_61-t1,include_01,sha256:8e5ee3f7f64de500a30040c601ef555df32f9e1935dcfd622dfa0776958fe51e,0,8,25,25,1
10,PRIME_RANDOM_61,2305843009213693967,main-10-PRIME_RANDOM_61-t1,include_01,sha256:8e5ee3f7f64de500a30040c601ef555df32f9e1935dcfd622dfa0776958fe51e,0,9,28,28,1
10,PRIME_RANDOM_61,2305843009213693967,main-10-PRIME_RANDOM_61-t1,include_01,sha256:8e5ee3f7f64de500a30040c601ef555df32f9e1935dcfd622dfa0776958fe51e,0,10,33,33,1
10,PRIME_RANDOM_61,2305843009213693967,main-10-PRIME_RANDOM_61-t2,include_01,sha256:20794691c8a1545c9d270e8edafe1a8f65bec24b442eed6cba81668813e93289,0,0,1,1,1
10,PRIME_RANDOM_61,2305843009213693967,main-10-PRIME_RANDOM_61-t2,include_01,sha256:20794691c8a1545c9d270e8edafe1a8f65bec24b442eed6cba81668813e93289,0,1,4,4,1
10,PRIME_RANDOM_61,2305843009213693967,main-10-PRIME_RANDOM_61-t2,include_01,sha256:20794691c8a1545c9d270e8edafe1a8f65bec24b442eed6cba81668813e93289,0,2,7,7,1
10,PRIME_RANDOM_61,2305843009213693967,main-10-PRIME_RANDOM_61-t2,include_01,sha256:20794691c8a1545c9d270e8edafe1a8f65bec24b442eed6cba81668813e93289,0,3,10,10,1
10,PRIME_RANDOM_61,2305843009213693967,main-10-PRIME_RANDOM_61-t2,include_01,sha256:20794691c8a1545c9d270e8edafe1a8f65bec24b442eed6cba81668813e93289,0,4,13,13,1
10,PRIME_RANDOM_61,2305843009213693967,main-10-PRIME_RANDOM_61-t2,include_01,sha256:20794691c8a1545c9d270e8edafe1a8f65bec24b442eed6cba81668813e93289,0,5,16,16,1
10,PRIME_RANDOM_61,2305843009213693967,main-10-PRIME_RANDOM_61-t2,include_01,sha256:20794691c8a1545c9d270e8edafe1a8f65bec24b442eed6cba81668813e93289,0,6,19,19,1
10,PRIME_RANDOM_61,2305843009213693967,main-10-PRIME_RANDOM_61-t2,include_01,sha256:20794691c8a1545c9d270e8edafe1a8f65bec24b442eed6cba81668813e93289,0,7,22,22,1
10,PRIME_RANDOM_61,2305843009213693967,main-10-PRIME_RANDOM_61-t2,include_01,sha256:20794691c8a1545c9d270e8edafe1a8f65bec24b442eed6cba81668813e93289,0,8,25,25,1
10,PRIME_RANDOM_61,2305843009213693967,main-10-PRIME_RANDOM_61-t2,include_01,sha256:20794691c8a1545c9d270e8edafe1a8f65bec24b442eed6cba81668813e93289,0,9,28,28,1
10,PRIME_RANDOM_61,2305843009213693967,main-10-PRIME_RANDOM_61-t2,include_01,sha256:20794691c8a1545c9d270e8edafe1a8f65bec24b442eed6cba81668813e93289,0,10,33,33,1
10,PRIME_RANDOM_61,2305843009213693967,main-10-PRIME_RANDOM_61-t3,include_01,sha256:f58b87dc0c77e168ed9a6c36c6e2b1688bcdf3201413c45cb04ab2b2f07e6348,0,0,1,1,1
10,PRIME_RANDOM_61,2305843009213693967,main-10-PRIME_RANDOM_61-t3,include_01,sha256:f58b87dc0c77e168ed9a6c36c6e2b1688bcdf3201413c45cb04ab2b2f07e6348,0,1,4,4,1
10,PRIME_RANDOM_61,2305843009213693967,main-10-PRIME_RANDOM_61-t3,include_01,sha256:f58b87dc0c77e168ed9a6c36c6e2b1688bcdf3201413c45cb04ab2b2f07e6348,0,2,7,7,1
10,PRIME_RANDOM_61,2305843009213693967,main-10-PRIME_RANDOM_61-t3,include_01,sha256:f58b87dc0c77e168ed9a6c36c6e2b1688bcdf3201413c45cb04ab2b2f07e6348,0,3,10,10,1
10,PRIME_RANDOM_61,2305843009213693967,main-10-PRIME_RANDOM_61-t3,include_01,sha256:f58b87dc0c77e168ed9a6c36c6e2b1688bcdf3201413c45cb04ab2b2f07e6348,0,4,13,13,1
10,PRIME_RANDOM_61,2305843009213693967,main-10-PRIME_RANDOM_61-t3,include_01,sha256:f58b87dc0c77e168ed9a6c36c6e2b1688bcdf3201413c45cb04ab2b2f07e6348,0,5,16,16,1
10,PRIME_RANDOM_61,2305843009213693967,main-10-PRIME_RANDOM_61-t3,include_01,sha256:f58b87dc0c77e168ed9a6c36c6e2b1688bcdf3201413c45cb04ab2b2f07e6348,0,6,19,19,1
10,PRIME_RANDOM_61,2305843009213693967,main-10-PRIME_RANDOM_61-t3,include_01,sha256:f58b87dc0c77e168ed9a6c36c6e2b1688bcdf3201413c45cb04ab2b2f07e6348,0,7,22,22,1
10,PRIME_RANDOM_61,2305843009213693967,main-10-PRIME_RANDOM_61-t3,include_01,sha256:f58b87dc0c77e168ed9a6c36c6e2b1688bcdf3201413c45cb04ab2b2f07e6348,0,8,25,25,1
10,PRIME_RANDOM_61,2305843009213693967,main-10-PRIME_RANDOM_61-t3,include_01,sha256:f58b87dc0c77e168ed9a6c36c6e2b1688bcdf3201413c45cb04ab2b2f07e6348,0,9,28,28,1
10,PRIME_RANDOM_61,2305843009213693967,main-10-PRIME_RANDOM_61-t3,include_01,sha256:f58b87dc0c77e168ed9a6c36c6e2b1688bcdf3201413c45cb04ab2b2f07e6348,0,10,33,33,1
10,PRIME_RANDOM_61,2305843009213693967,main-10-PRIME_RANDOM_61-t4,include_01,sha256:77d5dbd663d6e0522c902dde02b37324bb06de3cb54371e9e721f5718e89eaef,0,0,1,1,1
10,PRIME_RANDOM_61,2305843009213693967,main-10-PRIME_RANDOM_61-t4,include_01,sha256:77d5dbd663d6e0522c902dde02b37324bb06de3cb54371e9e721f5718e89eaef,0,1,4,4,1
10,PRIME_RANDOM_61,2305843009213693967,main-10-PRIME_RANDOM_61-t4,include_01,sha256:77d5dbd663d6e0522c902dde02b37324bb06de3cb54371e9e721f5718e89eaef,0,2,7,7,1
10,PRIME_RANDOM_61,2305843009213693967,main-10-PRIME_RANDOM_61-t4,include_01,sha256:77d5dbd663d6e0522c902dde02b37324bb06de3cb54371e9e721f5718e89eaef,0,3,10,10,1
10,PRIME_RANDOM_61,2305843009213693967,main-10-PRIME_RANDOM_61-t4,include_01,sha256:77d5dbd663d6e0522c902dde02b37324bb06de3cb54371e9e721f5718e89eaef,0,4,13,13,1
10,PRIME_RANDOM_61,2305843009213693967,main-10-PRIME_RANDOM_61-t4,include_01,sha256:77d5dbd663d6e0522c902dde02b37324bb06de3cb54371e9e721f5718e89eaef,0,5,16,16,1
10,PRIME_RANDOM_61,2305843009213693967,main-10-PRIME_RANDOM_61-t4,include_01,sha256:77d5dbd663d6e0522c902dde02b37324bb06de3cb54371e9e721f5718e89eaef,0,6,19,19,1
10,PRIME_RANDOM_61,2305843009213693967,main-10-PRIME_RANDOM_61-t4,include_01,sha256:77d5dbd663d6e0522c902dde02b37324bb06de3cb54371e9e721f5718e89eaef,0,7,22,22,1
10,PRIME_RANDOM_61,2305843009213693967,main-10-PRIME_RANDOM_61-t4,include_01,sha256:77d5dbd663d6e0522c902dde02b37324bb06de3cb54371e9e721f5718e89eaef,0,8,25,25,1
10,PRIME_RANDOM_61,2305843009213693967,main-10-PRIME_RANDOM_61-t4,include_01,sha256:77d5dbd663d6e0522c902dde02b37324bb06de3cb54371e9e721f5718e89eaef,0,9,28,28,1
10,PRIME_RANDOM_61,2305843009213693967,main-10-PRIME_RANDOM_61-t4,include_01,sha256:77d5dbd663d6e0522c902dde02b37324bb06de3cb54371e9e721f5718e89eaef,0,10,33,33,1
12,PRIME_TINY,3,main-12-PRIME_TINY-t0,include_01,sha256:af05a0d5b10685ab497fcf844f21c3c23ef5a0ce4232c8877e4807bdb87f9ad6,7,0,1,1,1
12,PRIME_TINY,3,main-12-PRIME_TINY-t0,include_01,sha256:af05a0d5b10685ab497fcf844f21c3c23ef5a0ce4232c8877e4807bdb87f9ad6,7,1,4,4,1
12,PRIME_TINY,3,main-12-PRIME_TINY-t0,include_01,sha256:af05a0d5b10685ab497fcf844f21c3c23ef5a0ce4232c8877e4807bdb87f9ad6,7,2,7,7,1
12,PRIME_TINY,3,main-12-PRIME_TINY-t0,include_01,sha256:af05a0d5b10685ab497fcf844f21c3c23ef5a0ce4232c8877e4807bdb87f9ad6,7,3,10,10,1
12,PRIME_TINY,3,main-12-PRIME_TINY-t0,include_01,sha256:af05a0d5b10685ab497fcf844f21c3c23ef5a0ce4232c8877e4807bdb87f9ad6,7,4,13,13,1
12,PRIME_TINY,3,main-12-PRIME_TINY-t0,include_01,sha256:af05a0d5b10685ab497fcf844f21c3c23ef5a0ce4232c8877e4807bdb87f9ad6,7,5,16,16,1
12,PRIME_TINY,3,main-12-PRIME_TINY-t0,include_01,sha256:af05a0d5b10685ab497fcf844f21c3c23ef5a0ce4232c8877e4807bdb87f9ad6,7,6,19,19,1
12,PRIME_TINY,3,main-12-PRIME_TINY-t0,include_01,sha256:af05a0d5b10685ab497fcf844f21c3c23ef5a0ce4232c8877e4807bdb87f9ad6,7,7,22,22,1
12,PRIME_TINY,3,main-12-PRIME_TINY-t0,include_01,sha256:af05a0d5b10685ab497fcf844f21c3c23ef5a0ce4232c8877e4807bdb87f9ad6,7,8,25,25,1
12,PRIME_TINY,3,main-12-PRIME_TINY-t0,include_01,sha256:af05a0d5b10685ab497fcf844f21c3c23ef5a0ce4232c8877e4807bdb87f9ad6,7,9,28,28,1
12,PRIME_TINY,3,main-12-PRIME_TINY-t0,include_01,sha256:af05a0d5b10685ab497fcf844f21c3c23ef5a0ce4232c8877e4807bdb87f9ad6,7,10,31,31,1
12,PRIME_TINY,3,main-12-PRIME_TINY-t0,include_01,sha256:af05a0d5b10685ab497fcf844f21c3c23ef5a0ce4232c8877e4807bdb87f9ad6,7,11,34,34,1
12,PRIME_TINY,3,main-12-PRIME_TINY-t0,include_01,sha256:af05a0d5b10685ab497fcf844f21c3c23ef5a0ce4232c8877e4807bdb87f9ad6,7,12,39,39,1
12,PRIME_TINY,3,main-12-PRIME_TINY-t1,include_01,sha256:276f3d554db9c1a310cab4f2fb1463f9c41474931d9afbcc90351a4f3469071b,10,0,1,1,1
12,PRIME_TINY,3,main-12-PRIME_TINY-t1,include_01,sha256:276f3d554db9c1a310cab4f2fb1463f9c41474931d9afbcc90351a4f3469071b,10,1,4,4,1
12,PRIME_TINY,3,main-12-PRIME_TINY-t1,include_01,sha256:276f3d554db9c1a310cab4f2fb1463f9c41474931d9afbcc90351a4f3469071b,10,2,7,7,1
12,PRIME_TINY,3,main-12-PRIME_TINY-t1,include_01,sha256:276f3d554db9c1a310cab4f2fb1463f9c41474931d9afbcc90351a4f3469071b,10,3,10,10,1
12,PRIME_TINY,3,main-12-PRIME_TINY-t1,include_01,sha256:276f3d554db9c1a310cab4f2fb1463f9c41474931d9afbcc90351a4f3469071b,10,4,13,13,1
12,PRIME_TINY,3,main-12-PRIME_TINY-t1,include_01,sha256:276f3d554db9c1a310cab4f2fb1463f9c41474931d9afbcc90351a4f3469071b,10,5,16,16,1
12,PRIME_TINY,3,main-12-PRIME_TINY-t1,include_01,sha256:276f3d554db9c1a310cab4f2fb1463f9c41474931d9afbcc90351a4f3469071b,10,6,19,19,1
12,PRIME_TINY,3,main-12-PRIME_TINY-t1,include_01,sha256:276f3d554db9c1a310cab4f2fb1463f9c41474931d9afbcc90351a4f3469071b,10,7,22,22,1
12,PRIME_TINY,3,main-12-PRIME_TINY-t1,include_01,sha256:276f3d554db9c1a310cab4f2fb1463f9c41474931d9afbcc90351a4f3469071b,10,8,25,25,1
12,PRIME_TINY,3,main-12-PRIME_TINY-t1,include_01,sha256:276f3d554db9c1a310cab4f2fb1463f9c41474931d9afbcc90351a4f3469071b,10,9,28,28,1
12,PRIME_TINY,3,main-12-PRIME_TINY-t1,include_01,sha256:276f3d554db9c1a310cab4f2fb1463f9c41474931d9afbcc90351a4f3469071b,10,10,31,31,1
12,PRIME_TINY,3,main-12-PRIME_TINY-t1,include_01,sha256:276f3d554db9c1a310cab4f2fb1463f9c41474931d9afbcc90351a4f3469071b,10,11,34,34,1
12,PRIME_TINY,3,main-12-PRIME_TINY-t1,include_01,sha256:276f3d554db9c1a310cab4f2fb1463f9c41474931d9afbcc90351a4f3469071b,10,12,39,39,1
12,PRIME_TINY,3,main-12-PRIME_TINY-t2,include_01,sha256:82482f079da55744003ee8f4d9a8e0cb1869739b05be96d621d9379b4fef9deb,8,0,1,1,1
12,PRIME_TINY,3,main-12-PRIME_TINY-t2,include_01,sha256:82482f079da55744003ee8f4d9a8e0cb1869739b05be96d621d9379b4fef9deb,8,1,4,4,1
12,PRIME_TINY,3,main-12-PRIME_TINY-t2,include_01,sha256:82482f079da55744003ee8f4d9a8e0cb1869739b05be96d621d9379b4fef9deb,8,2,7,7,1
12,PRIME_TINY,3,main-12-PRIME_TINY-t2,include_01,sha256:82482f079da55744003ee8f4d9a8e0cb1869739b05be96d621d9379b4fef9deb,8,3,10,10,1
12,PRIME_TINY,3,main-12-PRIME_TINY-t2,include_01,sha256:82482f079da55744003ee8f4d9a8e0cb1869739b05be96d621d9379b4fef9deb,8,4,13,13,1
12,PRIME_TINY,3,main-12-PRIME_TINY-t2,include_01,sha256:82482f079da55744003ee8f4d9a8e0cb1869739b05be96d621d9379b4fef9deb,8,5,16,16,1
12,PRIME_TINY,3,main-12-PRIME_TINY-t2,include_01,sha256:82482f079da55744003ee8f4d9a8e0cb1869739b05be96d621d9379b4fef9deb,8,6,19,19,1
12,PRIME_TINY,3,main-12-PRIME_TINY-t2,include_01,sha256:82482f079da55744003ee8f4d9a8e0cb1869739b05be96d621d9379b4fef9deb,8,7,22,22,1
12,PRIME_TINY,3,main-12-PRIME_TINY-t2,include_01,sha256:82482f079da55744003ee8f4d9a8e0cb1869739b05be96d621d9379b4fef9deb,8,8,25,25,1
12,PRIME_TINY,3,main-12-PRIME_TINY-t2,include_01,sha256:82482f079da55744003ee8f4d9a8e0cb1869739b05be96d621d9379b4fef9deb,8,9,28,28,1
12,PRIME_TINY,3,main-12-PRIME_TINY-t2,include_01,sha256:82482f079da55744003ee8f4d9a8e0cb1869739b05be96d621d9379b4fef9deb,8,10,31,31,1
12,PRIME_TINY,3,main-12-PRIME_TINY-t2,include_01,sha256:82482f079da55744003ee8f4d9a8e0cb1869739b05be96d621d9379b4fef9deb,8,11,34,34,1
12,PRIME_TINY,3,main-12-PRIME_TINY-t2,include_01,sha256:82482f079da55744003ee8f4d9a8e0cb1869739b05be96d621d9379b4fef9deb,8,12,39,39,1
12,PRIME_TINY,3,main-12-PRIME_TINY-t3,include_01,sha256:4be983c638b70a3da9abd39c8b50703f5dc0c78bf74caea17cc808b91e91b775,9,0,1,1,1
12,PRIME_TINY,3,main-12-PRIME_TINY-t3,include_01,sha256:4be983c638b70a3da9abd39c8b50703f5dc0c78bf74caea17cc808b91e91b775,9,1,4,4,1
12,PRIME_TINY,3,main-12-PRIME_TINY-t3,include_01,sha256:4be983c638b70a3da9abd39c8b50703f5dc0c78bf74caea17cc808b91e91b775,9,2,7,7,1
12,PRIME_TINY,3,main-12-PRIME_TINY-t3,include_01,sha256:4be983c638b70a3da9abd39c8b50703f5dc0c78bf74caea17cc808b91e91b775,9,3,10,10,1
12,PRIME_TINY,3,main-12-PRIME_TINY-t3,include_01,sha256:4be983c638b70a3da9abd39c8b50703f5dc0c78bf74caea17cc808b91e91b775,9,4,13,13,1
12,PRIME_TINY,3,main-12-PRIME_TINY-t3,include_01,sha256:4be983c638b70a3da9abd39c8b50703f5dc0c78bf74caea17cc808b91e91b775,9,5,16,16,1
12,PRIME_TINY,3,main-12-PRIME_TINY-t3,include_01,sha256:4be983c638b70a3da9abd39c8b50703f5dc0c78bf74caea17cc808b91e91b775,9,6,19,19,1
12,PRIME_TINY,3,main-12-PRIME_TINY-t3,include_01,sha256:4be983c638b70a3da9abd39c8b50703f5dc0c78bf74caea17cc808b91e91b775,9,7,22,22,1
12,PRIME_TINY,3,main-12-PRIME_TINY-t3,include_01,sha256:4be983c638b70a3da9abd39c8b50703f5dc0c78bf74caea17cc808b91e91b775,9,8,25,25,1
12,PRIME_TINY,3,main-12-PRIME_TINY-t3,include_01,sha256:4be983c638b70a3da9abd39c8b50703f5dc0c78bf74caea17cc808b91e91b775,9,9,28,28,1
12,PRIME_TINY,3,main-12-PRIME_TINY-t3,include_01,sha256:4be983c638b70a3da9abd39c8b50703f5dc0c78bf74caea17cc808b91e91b775,9,10,31,31,1
12,PRIME_TINY,3,main-12-PRIME_TINY-t3,include_01,sha256:4be983c638b70a3da9abd39c8b50703f5dc0c78bf74caea17cc808b91e91b775,9,11,34,34,1
12,PRIME_TINY,3,main-12-PRIME_TINY-t3,include_01,sha256:4be983c638b70a3da9abd39c8b50703f5dc0c78bf74caea17cc808b91e91b775,9,12,39,39,1
12,PRIME_TINY,3,main-12-PRIME_TINY-t4,include_01,sha256:9a928e13b798077bec9fc6788bb6e8727eccfa02cc7cdb6a4aec136aedd2c28e,7,0,1,1,1
12,PRIME_TINY,3,main-12-PRIME_TINY-t4,include_01,sha256:9a928e13b798077bec9fc6788bb6e8727eccfa02cc7cdb6a4aec136aedd2c28e,7,1,4,4,1
12,PRIME_TINY,3,main-12-PRIME_TINY-t4,include_01,sha256:9a928e13b798077bec9fc6788bb6e8727eccfa02cc7cdb6a4aec136aedd2c28e,7,2,7,7,1
12,PRIME_TINY,3,main-12-PRIME_TINY-t4,include_01,sha256:9a928e13b798077bec9fc6788bb6e8727eccfa02cc7cdb6a4aec136aedd2c28e,7,3,10,10,1
12,PRIME_TINY,3,main-12-PRIME_TINY-t4,include_01,sha256:9a928e13b798077bec9fc6788bb6e8727eccfa02cc7cdb6a4aec136aedd2c28e,7,4,13,13,1
12,PRIME_TINY,3,main-12-PRIME_TINY-t4,include_01,sha256:9a928e13b798077bec9fc6788bb6e8727eccfa02cc7cdb6a4aec136aedd2c28e,7,5,16,16,1
12,PRIME_TINY,3,main-12-PRIME_TINY-t4,include_01,sha256:9a928e13b798077bec9fc6788bb6e8727eccfa02cc7cdb6a4aec136aedd2c28e,7,6,19,19,1
12,PRIME_TINY,3,main-12-PRIME_TINY-t4,include_01,sha256:9a928e13b798077bec9fc6788bb6e8727eccfa02cc7cdb6a4aec136aedd2c28e,7,7,22,22,1
12,PRIME_TINY,3,main-12-PRIME_TINY-t4,include_01,sha256:9a928e13b798077bec9fc6788bb6e8727eccfa02cc7cdb6a4aec136aedd2c28e,7,8,25,25,1
12,PRIME_TINY,3,main-12-PRIME_TINY-t4,include_01,sha256:9a928e13b798077bec9fc6788bb6e8727eccfa02cc7cdb6a4aec136aedd2c28e,7,9,28,28,1
12,PRIME_TINY,3,main-12-PRIME_TINY-t4,include_01,sha256:9a928e13b798077bec9fc6788bb6e8727eccfa02cc7cdb6a4aec136aedd2c28e,7,10,31,31,1
12,PRIME_TINY,3,main-12-PRIME_TINY-t4,include_01,sha256:9a928e13b798077bec9fc6788bb6e8727eccfa02cc7cdb6a4aec136aedd2c28e,7,11,34,34,1
12,PRIME_TINY,3,main-12-PRIME_TINY-t4,include_01,sha256:9a928e13b798077bec9fc6788bb6e8727eccfa02cc7cdb6a4aec136aedd2c28e,7,12,39,39,1
12,PRIME_MERSENNE_61,2305843009213693951,main-12-PRIME_MERSENNE_61-t0,include_01,sha256:dc6a81a0ce50fcc6e0947feb06023cfea421d829c50e889d8effd77e873f7d61,0,0,1,1,1
12,PRIME_MERSENNE_61,2305843009213693951,main-12-PRIME_MERSENNE_61-t0,include_01,sha256:dc6a81a0ce50fcc6e0947feb06023cfea421d829c50e889d8effd77e873f7d61,0,1,4,4,1
12,PRIME_MERSENNE_61,2305843009213693951,main-12-PRIME_MERSENNE_61-t0,include_01,sha256:dc6a81a0ce50fcc6e0947feb06023cfea421d829c50e889d8effd77e873f7d61,0,2,7,7,1
12,PRIME_MERSENNE_61,2305843009213693951,main-12-PRIME_MERSENNE_61-t0,include_01,sha256:dc6a81a0ce50fcc6e0947feb06023cfea421d829c50e889d8effd77e873f7d61,0,3,10,10,1
12,PRIME_MERSENNE_61,2305843009213693951,main-12-PRIME_MERSENNE_61-t0,include_01,sha256:dc6a81a0ce50fcc6e0947feb06023cfea421d829c50e889d8effd77e873f7d61,0,4,13,13,1
12,PRIME_MERSENNE_61,2305843009213693951,main-12-PRIME_MERSENNE_61-t0,include_01,sha256:dc6a81a0ce50fcc6e0947feb06023cfea421d829c50e889d8effd77e873f7d61,0,5,16,16,1
12,PRIME_MERSENNE_61,2305843009213693951,main-12-PRIME_MERSENNE_61-t0,include_01,sha256:dc6a81a0ce50fcc6e0947feb06023cfea421d829c50e889d8effd77e873f7d61,0,6,19,19,1
12,PRIME_MERSENNE_61,2305843009213693951,main-12-PRIME_MERSENNE_61-t0,include_01,sha256:dc6a81a0ce50fcc6e0947feb06023cfea421d829c50e889d8effd77e873f7d61,0,7,22,22,1
12,PRIME_MERSENNE_61,2305843009213693951,main-12-PRIME_MERSENNE_61-t0,include_01,sha256:dc6a81a0ce50fcc6e0947feb06023cfea421d829c50e889d8effd77e873f7d61,0,8,25,25,1
12,PRIME_MERSENNE_61,2305843009213693951,main-12-PRIME_MERSENNE_61-t0,include_01,sha256:dc6a81a0ce50fcc6e0947feb06023cfea421d829c50e889d8effd77e873f7d61,0,9,28,28,1
12,PRIME_MERSENNE_61,2305843009213693951,main-12-PRIME_MERSENNE_61-t0,include_01,sha256:dc6a81a0ce50fcc6e0947feb06023cfea421d829c50e889d8effd77e873f7d61,0,10,31,31,1
12,PRIME_MERSENNE_61,2305843009213693951,main-12-PRIME_MERSENNE_61-t0,include_01,sha256:dc6a81a0ce50fcc6e0947feb06023cfea421d829c50e889d8effd77e873f7d61,0,11,34,34,1
12,PRIME_MERSENNE_61,2305843009213693951,main-12-PRIME_MERSENNE_61-t0,include_01,sha256:dc6a81a0ce50fcc6e0947feb06023cfea421d829c50e889d8effd77e873f7d61,0,12,39,39,1
12,PRIME_MERSENNE_61,2305843009213693951,main-12-PRIME_MERSENNE_61-t1,include_01,sha256:86bed049c0f1354f44b9dc857c57aa86fc0c6dc6117c9578a0246548cbc4daba,0,0,1,1,1
12,PRIME_MERSENNE_61,2305843009213693951,main-12-PRIME_MERSENNE_61-t1,include_01,sha256:86bed049c0f1354f44b9dc857c57aa86fc0c6dc6117c9578a0246548cbc4daba,0,1,4,4,1
12,PRIME_MERSENNE_61,2305843009213693951,main-12-PRIME_MERSENNE_61-t1,include_01,sha256:86bed049c0f1354f44b9dc857c57aa86fc0c6dc6117c9578a0246548cbc4daba,0,2,7,7,1
12,PRIME_MERSENNE_61,2305843009213693951,main-12-PRIME_MERSENNE_61-t1,include_01,sha256:86bed049c0f1354f44b9dc857c57aa86fc0c6dc6117c9578a0246548cbc4daba,0,3,10,10,1
12,PRIME_MERSENNE_61,2305843009213693951,main-12-PRIME_MERSENNE_61-t1,include_01,sha256:86bed049c0f1354f44b9dc857c57aa86fc0c6dc6117c9578a0246548cbc4daba,0,4,13,13,1
12,PRIME_MERSENNE_61,2305843009213693951,main-12-PRIME_MERSENNE_61-t1,include_01,sha256:86bed049c0f1354f44b9dc857c57aa86fc0c6dc6117c9578a0246548cbc4daba,0,5,16,16,1
12,PRIME_MERSENNE_61,2305843009213693951,main-12-PRIME_MERSENNE_61-t1,include_01,sha256:86bed049c0f1354f44b9dc857c57aa86fc0c6dc6117c9578a0246548cbc4daba,0,6,19,19,1
12,PRIME_MERSENNE_61,2305843009213693951,main-12-PRIME_MERSENNE_61-t1,include_01,sha256:86bed049c0f1354f44b9dc857c57aa86fc0c6dc6117c9578a0246548cbc4daba,0,7,22,22,1
12,PRIME_MERSENNE_61,2305843009213693951,main-12-PRIME_MERSENNE_61-t1,include_01,sha256:86bed049c0f1354f44b9dc857c57aa86fc0c6dc6117c9578a0246548cbc4daba,0,8,25,25,1
12,PRIME_MERSENNE_61,2305843009213693951,main-12-PRIME_MERSENNE_61-t1,include_01,sha256:86bed049c0f1354f44b9dc857c57aa86fc0c6dc6117c9578a0246548cbc4daba,0,9,28,28,1
12,PRIME_MERSENNE_61,2305843009213693951,main-12-PRIME_MERSENNE_61-t1,include_01,sha256:86bed049c0f1354f44b9dc857c57aa86fc0c6dc6117c9578a0246548cbc4daba,0,10,31,31,1
12,PRIME_MERSENNE_61,2305843009213693951,main-12-PRIME_MERSENNE_61-t1,include_01,sha256:86bed049c0f1354f44b9dc857c57aa86fc0c6dc6117c9578a0246548cbc4daba,0,11,34,34,1
12,PRIME_MERSENNE_61,2305843009213693951,main-12-PRIME_MERSENNE_61-t1,include_01,sha256:86bed049c0f1354f44b9dc857c57aa86fc0c6dc6117c9578a0246548cbc4daba,0,12,39,39,1
12,PRIME_MERSENNE_61,2305843009213693951,main-12-PRIME_MERSENNE_61-t2,include_01,sha256:eed0437227665168ad5dc5b99a2e5da3df0ffbcee689fa3d1d2b9cee4473ed01,0,0,1,1,1
12,PRIME_MERSENNE_61,2305843009213693951,main-12-PRIME_MERSENNE_61-t2,include_01,sha256:eed0437227665168ad5dc5b99a2e5da3df0ffbcee689fa3d1d2b9cee4473ed01,0,1,4,4,1
12,PRIME_MERSENNE_61,2305843009213693951,main-12-PRIME_MERSENNE_61-t2,include_01,sha256:eed0437227665168ad5dc5b99a2e5da3df0ffbcee689fa3d1d2b9cee4473ed01,0,2,7,7,1
12,PRIME_MERSENNE_61,2305843009213693951,main-12-PRIME_MERSENNE_61-t2,include_01,sha256:eed0437227665168ad5dc5b99a2e5da3df0ffbcee689fa3d1d2b9cee4473ed01,0,3,10,10,1
12,PRIME_MERSENNE_61,2305843009213693951,main-12-PRIME_MERSENNE_61-t2,include_01,sha256:eed0437227665168ad5dc5b99a2e5da3df0ffbcee689fa3d1d2b9cee4473ed01,0,4,13,13,1
12,PRIME_MERSENNE_61,2305843009213693951,main-12-PRIME_MERSENNE_61-t2,include_01,sha256:eed0437227665168ad5dc5b99a2e5da3df0ffbcee689fa3d1d2b9cee4473ed01,0,5,16,16,1
12,PRIME_MERSENNE_61,2305843009213693951,main-12-PRIME_MERSENNE_61-t2,include_01,sha256:eed0437227665168ad5dc5b99a2e5da3df0ffbcee689fa3d1d2b9cee4473ed01,0,6,19,19,1
12,PRIME_MERSENNE_61,2305843009213693951,main-12-PRIME_MERSENNE_61-t2,include_01,sha256:eed0437227665168ad5dc5b99a2e5da3df0ffbcee689fa3d1d2b9cee4473ed01,0,7,22,22,1
12,PRIME_MERSENNE_61,2305843009213693951,main-12-PRIME_MERSENNE_61-t2,include_01,sha256:eed0437227665168ad5dc5b99a2e5da3df0ffbcee689fa3d1d2b9cee4473ed01,0,8,25,25,1
12,PRIME_MERSENNE_61,2305843009213693951,main-12-PRIME_MERSENNE_61-t2,include_01,sha256:eed0437227665168ad5dc5b99a2e5da3df0ffbcee689fa3d1d2b9cee4473ed01,0,9,28,28,1
12,PRIME_MERSENNE_61,2305843009213693951,main-12-PRIME_MERSENNE_61-t2,include_01,sha256:eed0437227665168ad5dc5b99a2e5da3df0ffbcee689fa3d1d2b9cee4473ed01,0,10,31,31,1
12,PRIME_MERSENNE_61,2305843009213693951,main-12-PRIME_MERSENNE_61-t2,include_01,sha256:eed0437227665168ad5dc5b99a2e5da3df0ffbcee689fa3d1d2b9cee4473ed01,0,11,34,34,1
12,PRIME_MERSENNE_61,2305843009213693951,main-12-PRIME_MERSENNE_61-t2,include_01,sha256:eed0437227665168ad5dc5b99a2e5da3df0ffbcee689fa3d1d2b9cee4473ed01,0,12,39,39,1
12,PRIME_MERSENNE_61,2305843009213693951,main-12-PRIME_MERSENNE_61-t3,include_01,sha256:7caad9382a6ed6cf3336c7f61c2bf7e6c5d2e4d97395785d9cc2894207ad6a5f,0,0,1,1,1
12,PRIME_MERSENNE_61,2305843009213693951,main-12-PRIME_MERSENNE_61-t3,include_01,sha256:7caad9382a6ed6cf3336c7f61c2bf7e6c5d2e4d97395785d9cc2894207ad6a5f,0,1,4,4,1
12,PRIME_MERSENNE_61,2305843009213693951,main-12-PRIME_MERSENNE_61-t3,include_01,sha256:7caad9382a6ed6cf3336c7f61c2bf7e6c5d2e4d97395785d9cc2894207ad6a5f,0,2,7,7,1
12,PRIME_MERSENNE_61,2305843009213693951,main-12-PRIME_MERSENNE_61-t3,include_01,sha256:7caad9382a6ed6cf3336c7f61c2bf7e6c5d2e4d97395785d9cc2894207ad6a5f,0,3,10,10,1
12,PRIME_MERSENNE_61,2305843009213693951,main-12-PRIME_MERSENNE_61-t3,include_01,sha256:7caad9382a6ed6cf3336c7f61c2bf7e6c5d2e4d97395785d9cc2894207ad6a5f,0,4,13,13,1
12,PRIME_MERSENNE_61,2305843009213693951,main-12-PRIME_MERSENNE_61-t3,include_01,sha256:7caad9382a6ed6cf3336c7f61c2bf7e6c5d2e4d97395785d9cc2894207ad6a5f,0,5,16,16,1
12,PRIME_MERSENNE_61,2305843009213693951,main-12-PRIME_MERSENNE_61-t3,include_01,sha256:7caad9382a6ed6cf3336c7f61c2bf7e6c5d2e4d97395785d9cc2894207ad6a5f,0,6,19,19,1
12,PRIME_MERSENNE_61,2305843009213693951,main-12-PRIME_MERSENNE_61-t3,include_01,sha256:7caad9382a6ed6cf3336c7f61c2bf7e6c5d2e4d97395785d9cc2894207ad6a5f,0,7,22,22,1
12,PRIME_MERSENNE_61,2305843009213693951,main-12-PRIME_MERSENNE_61-t3,include_01,sha256:7caad9382a6ed6cf3336c7f61c2bf7e6c5d2e4d97395785d9cc2894207ad6a5f,0,8,25,25,1
12,PRIME_MERSENNE_61,2305843009213693951,main-12-PRIME_MERSENNE_61-t3,include_01,sha256:7caad9382a6ed6cf3336c7f61c2bf7e6c5d2e4d97395785d9cc2894207ad6a5f,0,9,28,28,1
12,PRIME_MERSENNE_61,2305843009213693951,main-12-PRIME_MERSENNE_61-t3,include_01,sha256:7caad9382a6ed6cf3336c7f61c2bf7e6c5d2e4d97395785d9cc2894207ad6a5f,0,10,31,31,1
12,PRIME_MERSENNE_61,2305843009213693951,main-12-PRIME_MERSENNE_61-t3,include_01,sha256:7caad9382a6ed6cf3336c7f61c2bf7e6c5d2e4d97395785d9cc2894207ad6a5f,0,11,34,34,1
12,PRIME_MERSENNE_61,2305843009213693951,main-12-PRIME_MERSENNE_61-t3,include_01,sha256:7caad9382a6ed6cf3336c7f61c2bf7e6c5d2e4d97395785d9cc2894207ad6a5f,0,12,39,39,1
12,PRIME_MERSENNE_61,2305843009213693951,main-12-PRIME_MERSENNE_61-t4,include_01,sha256:3682ff22f40cb1258d7a7d3ec74e8e4d7acd71aa9238f9cbda8faa5c4a4977c1,0,0,1,1,1
12,PRIME_MERSENNE_61,2305843009213693951,main-12-PRIME_MERSENNE_61-t4,include_01,sha256:3682ff22f40cb1258d7a7d3ec74e8e4d7acd71aa9238f9cbda8faa5c4a4977c1,0,1,4,4,1
12,PRIME_MERSENNE_61,2305843009213693951,main-12-PRIME_MERSENNE_61-t4,include_01,sha256:3682ff22f40cb1258d7a7d3ec74e8e4d7acd71aa9238f9cbda8faa5c4a4977c1,0,2,7,7,1
12,PRIME_MERSENNE_61,2305843009213693951,main-12-PRIME_MERSENNE_61-t4,include_01,sha256:3682ff22f40cb1258d7a7d3ec74e8e4d7acd71aa9238f9cbda8faa5c4a4977c1,0,3,10,10,1
12,PRIME_MERSENNE_61,2305843009213693951,main-12-PRIME_MERSENNE_61-t4,include_01,sha256:3682ff22f40cb1258d7a7d3ec74e8e4d7acd71aa9238f9cbda8faa5c4a4977c1,0,4,13,13,1
12,PRIME_MERSENNE_61,2305843009213693951,main-12-PRIME_MERSENNE_61-t4,include_01,sha256:3682ff22f40cb1258d7a7d3ec74e8e4d7acd71aa9238f9cbda8faa5c4a4977c1,0,5,16,16,1
12,PRIME_MERSENNE_61,2305843009213693951,main-12-PRIME_MERSENNE_61-t4,include_01,sha256:3682ff22f40cb1258d7a7d3ec74e8e4d7acd71aa9238f9cbda8faa5c4a4977c1,0,6,19,19,1
12,PRIME_MERSENNE_61,2305843009213693951,main-12-PRIME_MERSENNE_61-t4,include_01,sha256:3682ff22f40cb1258d7a7d3ec74e8e4d7acd71aa9238f9cbda8faa5c4a4977c1,0,7,22,22,1
12,PRIME_MERSENNE_61,2305843009213693951,main-12-PRIME_MERSENNE_61-t4,include_01,sha256:3682ff22f40cb1258d7a7d3ec74e8e4d7acd71aa9238f9cbda8faa5c4a4977c1,0,8,25,25,1
12,PRIME_MERSENNE_61,2305843009213693951,main-12-PRIME_MERSENNE_61-t4,include_01,sha256:3682ff22f40cb1258d7a7d3ec74e8e4d7acd71aa9238f9cbda8faa5c4a4977c1,0,9,28,28,1
12,PRIME_MERSENNE_61,2305843009213693951,main-12-PRIME_MERSENNE_61-t4,include_01,sha256:3682ff22f40cb1258d7a7d3ec74e8e4d7acd71aa9238f9cbda8faa5c4a4977c1,0,10,31,31,1
12,PRIME_MERSENNE_61,2305843009213693951,main-12-PRIME_MERSENNE_61-t4,include_01,sha256:3682ff22f40cb1258d7a7d3ec74e8e4d7acd71aa9238f9cbda8faa5c4a4977c1,0,11,34,34,1
12,PRIME_MERSENNE_61,2305843009213693951,main-12-PRIME_MERSENNE_61-t4,include_01,sha256:3682ff22f40cb1258d7a7d3ec74e8e4d7acd71aa9238f9cbda8faa5c4a4977c1,0,12,39,39,1
12,PRIME_RANDOM_61,2305843009213693967,main-12-PRIME_RANDOM_61-t0,include_01,sha256:b38ccf9c05782a85a549c7d4e8cbed25593c9d8a9e55a5211361edbdaf254321,0,0,1,1,1
12,PRIME_RANDOM_61,2305843009213693967,main-12-PRIME_RANDOM_61-t0,include_01,sha256:b38ccf9c05782a85a549c7d4e8cbed25593c9d8a9e55a5211361edbdaf254321,0,1,4,4,1
12,PRIME_RANDOM_61,2305843009213693967,main-12-PRIME_RANDOM_61-t0,include_01,sha256:b38ccf9c05782a85a549c7d4e8cbed25593c9d8a9e55a5211361edbdaf254321,0,2,7,7,1
12,PRIME_RANDOM_61,2305843009213693967,main-12-PRIME_RANDOM_61-t0,include_01,sha256:b38ccf9c05782a85a549c7d4e8cbed25593c9d8a9e55a5211361edbdaf254321,0,3,10,10,1
12,PRIME_RANDOM_61,2305843009213693967,main-12-PRIME_RANDOM_61-t0,include_01,sha256:b38ccf9c05782a85a549c7d4e8cbed25593c9d8a9e55a5211361edbdaf254321,0,4,13,13,1
12,PRIME_RANDOM_61,2305843009213693967,main-12-PRIME_RANDOM_61-t0,include_01,sha256:b38ccf9c05782a85a549c7d4e8cbed25593c9d8a9e55a5211361edbdaf254321,0,5,16,16,1
12,PRIME_RANDOM_61,2305843009213693967,main-12-PRIME_RANDOM_61-t0,include_01,sha256:b38ccf9c05782a85a549c7d4e8cbed25593c9d8a9e55a5211361edbdaf254321,0,6,19,19,1
12,PRIME_RANDOM_61,2305843009213693967,main-12-PRIME_RANDOM_61-t0,include_01,sha256:b38ccf9c05782a85a549c7d4e8cbed25593c9d8a9e55a5211361edbdaf254321,0,7,22,22,1
12,PRIME_RANDOM_61,2305843009213693967,main-12-PRIME_RANDOM_61-t0,include_01,sha256:b38ccf9c05782a85a549c7d4e8cbed25593c9d8a9e55a5211361edbdaf254321,0,8,25,25,1
12,PRIME_RANDOM_61,2305843009213693967,main-12-PRIME_RANDOM_61-t0,include_01,sha256:b38ccf9c05782a85a549c7d4e8cbed25593c9d8a9e55a5211361edbdaf254321,0,9,28,28,1
12,PRIME_RANDOM_61,2305843009213693967,main-12-PRIME_RANDOM_61-t0,include_01,sha256:b38ccf9c05782a85a549c7d4e8cbed25593c9d8a9e55a5211361edbdaf254321,0,10,31,31,1
12,PRIME_RANDOM_61,2305843009213693967,main-12-PRIME_RANDOM_61-t0,include_01,sha256:b38ccf9c05782a85a549c7d4e8cbed25593c9d8a9e55a5211361edbdaf254321,0,11,34,34,1
12,PRIME_RANDOM_61,2305843009213693967,main-12-PRIME_RANDOM_61-t0,include_01,sha256:b38ccf9c05782a85a549c7d4e8cbed25593c9d8a9e55a5211361edbdaf254321,0,12,39,39,1
12,PRIME_RANDOM_61,2305843009213693967,main-12-PRIME_RANDOM_61-t1,include_01,sha256:0fbea495211f98bbc17c76c11af72889574773a53bc48b23d12d7a8597850fbe,0,0,1,1,1
12,PRIME_RANDOM_61,2305843009213693967,main-12-PRIME_RANDOM_61-t1,include_01,sha256:0fbea495211f98bbc17c76c11af72889574773a53bc48b23d12d7a8597850fbe,0,1,4,4,1
12,PRIME_RANDOM_61,2305843009213693967,main-12-PRIME_RANDOM_61-t1,include_01,sha256:0fbea495211f98bbc17c76c11af72889574773a53bc48b23d12d7a8597850fbe,0,2,7,7,1
12,PRIME_RANDOM_61,2305843009213693967,main-12-PRIME_RANDOM_61-t1,include_01,sha256:0fbea495211f98bbc17c76c11af72889574773a53bc48b23d12d7a8597850fbe,0,3,10,10,1
12,PRIME_RANDOM_61,2305843009213693967,main-12-PRIME_RANDOM_61-t1,include_01,sha256:0fbea495211f98bbc17c76c11af72889574773a53bc48b23d12d7a8597850fbe,0,4,13,13,1
12,PRIME_RANDOM_61,2305843009213693967,main-12-PRIME_RANDOM_61-t1,include_01,sha256:0fbea495211f98bbc17c76c11af72889574773a53bc48b23d12d7a8597850fbe,0,5,16,16,1
12,PRIME_RANDOM_61,2305843009213693967,main-12-PRIME_RANDOM_61-t1,include_01,sha256:0fbea495211f98bbc17c76c11af72889574773a53bc48b23d12d7a8597850fbe,0,6,19,19,1
12,PRIME_RANDOM_61,2305843009213693967,main-12-PRIME_RANDOM_61-t1,include_01,sha256:0fbea495211f98bbc17c76c11af72889574773a53bc48b23d12d7a8597850fbe,0,7,22,22,1
12,PRIME_RANDOM_61,2305843009213693967,main-12-PRIME_RANDOM_61-t1,include_01,sha256:0fbea495211f98bbc17c76c11af72889574773a53bc48b23d12d7a8597850fbe,0,8,25,25,1
12,PRIME_RANDOM_61,2305843009213693967,main-12-PRIME_RANDOM_61-t1,include_01,sha256:0fbea495211f98bbc17c76c11af72889574773a53bc48b23d12d7a8597850fbe,0,9,28,28,1
12,PRIME_RANDOM_61,2305843009213693967,main-12-PRIME_RANDOM_61-t1,include_01,sha256:0fbea495211f98bbc17c76c11af72889574773a53bc48b23d12d7a8597850fbe,0,10,31,31,1
12,PRIME_RANDOM_61,2305843009213693967,main-12-PRIME_RANDOM_61-t1,include_01,sha256:0fbea495211f98bbc17c76c11af72889574773a53bc48b23d12d7a8597850fbe,0,11,34,34,1
12,PRIME_RANDOM_61,2305843009213693967,main-12-PRIME_RANDOM_61-t1,include_01,sha256:0fbea495211f98bbc17c76c11af72889574773a53bc48b23d12d7a8597850fbe,0,12,39,39,1
12,PRIME_RANDOM_61,2305843009213693967,main-12-PRIME_RANDOM_61-t2,include_01,sha256:e9eda01c1038e8b1679b53ca33f510c1721079ad19fba29cf65cb418e21cd0f8,0,0,1,1,1
12,PRIME_RANDOM_61,2305843009213693967,main-12-PRIME_RANDOM_61-t2,include_01,sha256:e9eda01c1038e8b1679b53ca33f510c1721079ad19fba29cf65cb418e21cd0f8,0,1,4,4,1
12,PRIME_RANDOM_61,2305843009213693967,main-12-PRIME_RANDOM_61-t2,include_01,sha256:e9eda01c1038e8b1679b53ca33f510c1721079ad19fba29cf65cb418e21cd0f8,0,2,7,7,1
12,PRIME_RANDOM_61,2305843009213693967,main-12-PRIME_RANDOM_61-t2,include_01,sha256:e9eda01c1038e8b1679b53ca33f510c1721079ad19fba29cf65cb418e21cd0f8,0,3,10,10,1
12,PRIME_RANDOM_61,2305843009213693967,main-12-PRIME_RANDOM_61-t2,include_01,sha256:e9eda01c1038e8b1679b53ca33f510c1721079ad19fba29cf65cb418e21cd0f8,0,4,13,13,1
12,PRIME_RANDOM_61,2305843009213693967,main-12-PRIME_RANDOM_61-t2,include_01,sha256:e9eda01c1038e8b1679b53ca33f510c1721079ad19fba29cf65cb418e21cd0f8,0,5,16,16,1
12,PRIME_RANDOM_61,2305843009213693967,main-12-PRIME_RANDOM_61-t2,include_01,sha256:e9eda01c1038e8b1679b53ca33f510c1721079ad19fba29cf65cb418e21cd0f8,0,6,19,19,1
12,PRIME_RANDOM_61,2305843009213693967,main-12-PRIME_RANDOM_61-t2,include_01,sha256:e9eda01c1038e8b1679b53ca33f510c1721079ad19fba29cf65cb418e21cd0f8,0,7,22,22,1
12,PRIME_RANDOM_61,2305843009213693967,main-12-PRIME_RANDOM_61-t2,include_01,sha256:e9eda01c1038e8b1679b53ca33f510c1721079ad19fba29cf65cb418e21cd0f8,0,8,25,25,1
12,PRIME_RANDOM_61,2305843009213693967,main-12-PRIME_RANDOM_61-t2,include_01,sha256:e9eda01c1038e8b1679b53ca33f510c1721079ad19fba29cf65cb418e21cd0f8,0,9,28,28,1
12,PRIME_RANDOM_61,2305843009213693967,main-12-PRIME_RANDOM_61-t2,include_01,sha256:e9eda01c1038e8b1679b53ca33f510c1721079ad19fba29cf65cb418e21cd0f8,0,10,31,31,1
12,PRIME_RANDOM_61,2305843009213693967,main-12-PRIME_RANDOM_61-t2,include_01,sha256:e9eda01c1038e8b1679b53ca33f510c1721079ad19fba29cf65cb418e21cd0f8,0,11,34,34,1
12,PRIME_RANDOM_61,2305843009213693967,main-12-PRIME_RANDOM_61-t2,include_01,sha256:e9eda01c1038e8b1679b53ca33f510c1721079ad19fba29cf65cb418e21cd0f8,0,12,39,39,1
12,PRIME_RANDOM_61,2305843009213693967,main-12-PRIME_RANDOM_61-t3,include_01,sha256:bd43f48e98b8d59c01a158aff9aea7f340c70370a2cf74b1993852947165d5d3,0,0,1,1,1
12,PRIME_RANDOM_61,2305843009213693967,main-12-PRIME_RANDOM_61-t3,include_01,sha256:bd43f48e98b8d59c01a158aff9aea7f340c70370a2cf74b1993852947165d5d3,0,1,4,4,1
12,PRIME_RANDOM_61,2305843009213693967,main-12-PRIME_RANDOM_61-t3,include_01,sha256:bd43f48e98b8d59c01a158aff9aea7f340c70370a2cf74b1993852947165d5d3,0,2,7,7,1
12,PRIME_RANDOM_61,2305843009213693967,main-12-PRIME_RANDOM_61-t3,include_01,sha256:bd43f48e98b8d59c01a158aff9aea7f340c70370a2cf74b1993852947165d5d3,0,3,10,10,1
12,PRIME_RANDOM_61,2305843009213693967,main-12-PRIME_RANDOM_61-t3,include_01,sha256:bd43f48e98b8d59c01a158aff9aea7f340c70370a2cf74b1993852947165d5d3,0,4,13,13,1
12,PRIME_RANDOM_61,2305843009213693967,main-12-PRIME_RANDOM_61-t3,include_01,sha256:bd43f48e98b8d59c01a158aff9aea7f340c70370a2cf74b1993852947165d5d3,0,5,16,16,1
12,PRIME_RANDOM_61,2305843009213693967,main-12-PRIME_RANDOM_61-t3,include_01,sha256:bd43f48e98b8d59c01a158aff9aea7f340c70370a2cf74b1993852947165d5d3,0,6,19,19,1
12,PRIME_RANDOM_61,2305843009213693967,main-12-PRIME_RANDOM_61-t3,include_01,sha256:bd43f48e98b8d59c01a158aff9aea7f340c70370a2cf74b1993852947165d5d3,0,7,22,22,1
12,PRIME_RANDOM_61,2305843009213693967,main-12-PRIME_RANDOM_61-t3,include_01,sha256:bd43f48e98b8d59c01a158aff9aea7f340c70370a2cf74b1993852947165d5d3,0,8,25,25,1
12,PRIME_RANDOM_61,2305843009213693967,main-12-PRIME_RANDOM_61-t3,include_01,sha256:bd43f48e98b8d59c01a158aff9aea7f340c70370a2cf74b1993852947165d5d3,0,9,28,28,1
12,PRIME_RANDOM_61,2305843009213693967,main-12-PRIME_RANDOM_61-t3,include_01,sha256:bd43f48e98b8d59c01a158aff9aea7f340c70370a2cf74b1993852947165d5d3,0,10,31,31,1
12,PRIME_RANDOM_61,2305843009213693967,main-12-PRIME_RANDOM_61-t3,include_01,sha256:bd43f48e98b8d59c01a158aff9aea7f340c70370a2cf74b1993852947165d5d3,0,11,34,34,1
12,PRIME_RANDOM_61,2305843009213693967,main-12-PRIME_RANDOM_61-t3,include_01,sha256:bd43f48e98b8d59c01a158aff9aea7f340c70370a2cf74b1993852947165d5d3,0,12,39,39,1
12,PRIME_RANDOM_61,2305843009213693967,main-12-PRIME_RANDOM_61-t4,include_01,sha256:d7ed05ba436f08d172d7a8047c0415a6a42f64387e093df5b8632645eb0c7559,0,0,1,1,1
12,PRIME_RANDOM_61,2305843009213693967,main-12-PRIME_RANDOM_61-t4,include_01,sha256:d7ed05ba436f08d172d7a8047c0415a6a42f64387e093df5b8632645eb0c7559,0,1,4,4,1
12,PRIME_RANDOM_61,2305843009213693967,main-12-PRIME_RANDOM_61-t4,include_01,sha256:d7ed05ba436f08d172d7a8047c0415a6a42f64387e093df5b8632645eb0c7559,0,2,7,7,1
12,PRIME_RANDOM_61,2305843009213693967,main-12-PRIME_RANDOM_61-t4,include_01,sha256:d7ed05ba436f08d172d7a8047c0415a6a42f64387e093df5b8632645eb0c7559,0,3,10,10,1
12,PRIME_RANDOM_61,2305843009213693967,main-12-PRIME_RANDOM_61-t4,include_01,sha256:d7ed05ba436f08d172d7a8047c0415a6a42f64387e093df5b8632645eb0c7559,0,4,13,13,1
12,PRIME_RANDOM_61,2305843009213693967,main-12-PRIME_RANDOM_61-t4,include_01,sha256:d7ed05ba436f08d172d7a8047c0415a6a42f64387e093df5b8632645eb0c7559,0,5,16,16,1
12,PRIME_RANDOM_61,2305843009213693967,main-12-PRIME_RANDOM_61-t4,include_01,sha256:d7ed05ba436f08d172d7a8047c0415a6a42f64387e093df5b8632645eb0c7559,0,6,19,19,1
12,PRIME_RANDOM_61,2305843009213693967,main-12-PRIME_RANDOM_61-t4,include_01,sha256:d7ed05ba436f08d172d7a8047c0415a6a42f64387e093df5b8632645eb0c7559,0,7,22,22,1
12,PRIME_RANDOM_61,2305843009213693967,main-12-PRIME_RANDOM_61-t4,include_01,sha256:d7ed05ba436f08d172d7a8047c0415a6a42f64387e093df5b8632645eb0c7559,0,8,25,25,1
12,PRIME_RANDOM_61,2305843009213693967,main-12-PRIME_RANDOM_61-t4,include_01,sha256:d7ed05ba436f08d172d7a8047c0415a6a42f64387e093df5b8632645eb0c7559,0,9,28,28,1
12,PRIME_RANDOM_61,2305843009213693967,main-12-PRIME_RANDOM_61-t4,include_01,sha256:d7ed05ba436f08d172d7a8047c0415a6a42f64387e093df5b8632645eb0c7559,0,10,31,31,1
12,PRIME_RANDOM_61,2305843009213693967,main-12-PRIME_RANDOM_61-t4,include_01,sha256:d7ed05ba436f08d172d7a8047c0415a6a42f64387e093df5b8632645eb0c7559,0,11,34,34,1
12,PRIME_RANDOM_61,2305843009213693967,main-12-PRIME_RANDOM_61-t4,include_01,sha256:d7ed05ba436f08d172d7a8047c0415a6a42f64387e093df5b8632645eb0c7559,0,12,39,39,1
2,PRIME_TINY,3,stress-2-PRIME_TINY-t0,forced_01,sha256:87115b5fab33683faa5689f44ae9643207781261e8bc2ffcaa6c676900e23f72,2,0,1,1,1
2,PRIME_TINY,3,stress-2-PRIME_TINY-t0,forced_01,sha256:87115b5fab33683faa5689f44ae9643207781261e8bc2ffcaa6c676900e23f72,2,1,4,4,1
2,PRIME_TINY,3,stress-2-PRIME_TINY-t0,forced_01,sha256:87115b5fab33683faa5689f44ae9643207781261e8bc2ffcaa6c676900e23f72,2,2,9,9,1
2,PRIME_TINY,3,stress-2-PRIME_TINY-t1,forced_01,sha256:047fc282096a442032f388eeb56b7f1521bcf4167b870f96544495610d92cc61,2,0,1,1,1
2,PRIME_TINY,3,stress-2-PRIME_TINY-t1,forced_01,sha256:047fc282096a442032f388eeb56b7f1521bcf4167b870f96544495610d92cc61,2,1,4,4,1
2,PRIME_TINY,3,stress-2-PRIME_TINY-t1,forced_01,sha256:047fc282096a442032f388eeb56b7f1521bcf4167b870f96544495610d92cc61,2,2,9,9,1
2,PRIME_TINY,3,stress-2-PRIME_TINY-t2,forced_01,sha256:95152d5c281e23aebdda097449b709616daf4272a53d87ae83987bf4cd27bca0,2,0,1,1,1
2,PRIME_TINY,3,stress-2-PRIME_TINY-t2,forced_01,sha256:95152d5c281e23aebdda097449b709616daf4272a53d87ae83987bf4cd27bca0,2,1,4,4,1
2,PRIME_TINY,3,stress-2-PRIME_TINY-t2,forced_01,sha256:95152d5c281e23aebdda097449b709616daf4272a53d87ae83987bf4cd27bca0,2,2,9,9,1
2,PRIME_TINY,3,stress-2-PRIME_TINY-t3,forced_01,sha256:95152d5c281e23aebdda097449b709616daf4272a53d87ae83987bf4cd27bca0,2,0,1,1,1
2,PRIME_TINY,3,stress-2-PRIME_TINY-t3,forced_01,sha256:95152d5c281e23aebdda097449b709616daf4272a53d87ae83987bf4cd27bca0,2,1,4,4,1
2,PRIME_TINY,3,stress-2-PRIME_TINY-t3,forced_01,sha256:95152d5c281e23aebdda097449b709616daf4272a53d87ae83987bf4cd27bca0,2,2,9,9,1
2,PRIME_TINY,3,stress-2-PRIME_TINY-t4,forced_01,sha256:047fc282096a442032f388eeb56b7f1521bcf4167b870f96544495610d92cc61,2,0,1,1,1
2,PRIME_TINY,3,stress-2-PRIME_TINY-t4,forced_01,sha256:047fc282096a442032f388eeb56b7f1521bcf4167b870f96544495610d92cc61,2,1,4,4,1
2,PRIME_TINY,3,stress-2-PRIME_TINY-t4,forced_01,sha256:047fc282096a442032f388eeb56b7f1521bcf4167b870f96544495610d92cc61,2,2,9,9,1
2,PRIME_MERSENNE_61,2305843009213693951,stress-2-PRIME_MERSENNE_61-t0,forced_01,sha256:d63665962296ab3cf9782e315cfb308e2f3d91be519f00af9e10774179964ac2,2,0,1,1,1
2,PRIME_MERSENNE_61,2305843009213693951,stress-2-PRIME_MERSENNE_61-t0,forced_01,sha256:d63665962296ab3cf9782e315cfb308e2f3d91be519f00af9e10774179964ac2,2,1,4,4,1
2,PRIME_MERSENNE_61,2305843009213693951,stress-2-PRIME_MERSENNE_61-t0,forced_01,sha256:d63665962296ab3cf9782e315cfb308e2f3d91be519f00af9e10774179964ac2,2,2,9,9,1
2,PRIME_MERSENNE_61,2305843009213693951,stress-2-PRIME_MERSENNE_61-t1,forced_01,sha256:affd44e216fc436dd706e5731929c294dea3736b408196b0bdb5451e66f9982a,2,0,1,1,1
2,PRIME_MERSENNE_61,2305843009213693951,stress-2-PRIME_MERSENNE_61-t1,forced_01,sha256:affd44e216fc436dd706e5731929c294dea3736b408196b0bdb5451e66f9982a,2,1,4,4,1
2,PRIME_MERSENNE_61,2305843009213693951,stress-2-PRIME_MERSENNE_61-t1,forced_01,sha256:affd44e216fc436dd706e5731929c294dea3736b408196b0bdb5451e66f9982a,2,2,9,9,1
2,PRIME_MERSENNE_61,2305843009213693951,stress-2-PRIME_MERSENNE_61-t2,forced_01,sha256:7cb014bdeb91b94de968f8cfc9caf3d0daacb90a4e8bec7143a9b18b263d13ec,2,0,1,1,1
2,PRIME_MERSENNE_61,2305843009213693951,stress-2-PRIME_MERSENNE_61-t2,forced_01,sha256:7cb014bdeb91b94de968f8cfc9caf3d0daacb90a4e8bec7143a9b18b263d13ec,2,1,4,4,1
2,PRIME_MERSENNE_61,2305843009213693951,stress-2-PRIME_MERSENNE_61-t2,forced_01,sha256:7cb014bdeb91b94de968f8cfc9caf3d0daacb90a4e8bec7143a9b18b263d13ec,2,2,9,9,1
2,PRIME_MERSENNE_61,2305843009213693951,stress-2-PRIME_MERSENNE_61-t3,forced_01,sha256:affd44e216fc436dd706e5731929c294dea3736b408196b0bdb5451e66f9982a,2,0,1,1,1
2,PRIME_MERSENNE_61,2305843009213693951,stress-2-PRIME_MERSENNE_61-t3,forced_01,sha256:affd44e216fc436dd706e5731929c294dea3736b408196b0bdb5451e66f9982a,2,1,4,4,1
2,PRIME_MERSENNE_61,2305843009213693951,stress-2-PRIME_MERSENNE_61-t3,forced_01,sha256:affd44e216fc436dd706e5731929c294dea3736b408196b0bdb5451e66f9982a,2,2,9,9,1
2,PRIME_MERSENNE_61,2305843009213693951,stress-2-PRIME_MERSENNE_61-t4,forced_01,sha256:d63665962296ab3cf9782e315cfb308e2f3d91be519f00af9e10774179964ac2,2,0,1,1,1
2,PRIME_MERSENNE_61,2305843009213693951,stress-2-PRIME_MERSENNE_61-t4,forced_01,sha256:d63665962296ab3cf9782e315cfb308e2f3d91be519f00af9e10774179964ac2,2,1,4,4,1
2,PRIME_MERSENNE_61,2305843009213693951,stress-2-PRIME_MERSENNE_61-t4,forced_01,sha256:d63665962296ab3cf9782e315cfb308e2f3d91be519f00af9e10774179964ac2,2,2,9,9,1
2,PRIME_RANDOM_61,2305843009213693967,stress-2-PRIME_RANDOM_61-t0,forced_01,sha256:9f1c754335973575648e96daaf742dbf880f65ee98a3fbc5baecf90ea68d2fd0,2,0,1,1,1
2,PRIME_RANDOM_61,2305843009213693967,stress-2-PRIME_RANDOM_61-t0,forced_01,sha256:9f1c754335973575648e96daaf742dbf880f65ee98a3fbc5baecf90ea68d2fd0,2,1,4,4,1
2,PRIME_RANDOM_61,2305843009213693967,stress-2-PRIME_RANDOM_61-t0,forced_01,sha256:9f1c754335973575648e96daaf742dbf880f65ee98a3fbc5baecf90ea68d2fd0,2,2,9,9,1
2,PRIME_RANDOM_61,2305843009213693967,stress-2-PRIME_RANDOM_61-t1,forced_01,sha256:93ecdf60475f2e005047c95676f3a89650329f0c915e6a1a3fe1676f42d70cd6,2,0,1,1,1
2,PRIME_RANDOM_61,2305843009213693967,stress-2-PRIME_RANDOM_61-t1,forced_01,sha256:93ecdf60475f2e005047c95676f3a89650329f0c915e6a1a3fe1676f42d70cd6,2,1,4,4,1
2,PRIME_RANDOM_61,2305843009213693967,stress-2-PRIME_RANDOM_61-t1,forced_01,sha256:93ecdf60475f2e005047c95676f3a89650329f0c915e6a1a3fe1676f42d70cd6,2,2,9,9,1
2,PRIME_RANDOM_61,2305843009213693967,stress-2-PRIME_RANDOM_61-t2,forced_01,sha256:93ecdf60475f2e005047c95676f3a89650329f0c915e6a1a3fe1676f42d70cd6,2,0,1,1,1
2,PRIME_RANDOM_61,2305843009213693967,stress-2-PRIME_RANDOM_61-t2,forced_01,sha256:93ecdf60475f2e005047c95676f3a89650329f0c915e6a1a3fe1676f42d70cd6,2,1,4,4,1
2,PRIME_RANDOM_61,2305843009213693967,stress-2-PRIME_RANDOM_61-t2,forced_01,sha256:93ecdf60475f2e005047c95676f3a89650329f0c915e6a1a3fe1676f42d70cd6,2,2,9,9,1
2,PRIME_RANDOM_61,2305843009213693967,stress-2-PRIME_RANDOM_61-t3,forced_01,sha256:7f39acd8f013effa891dc85b12d0b83db2ac95bc4543f6fb4fe4e3e3218af289,2,0,1,1,1
2,PRIME_RANDOM_61,2305843009213693967,stress-2-PRIME_RANDOM_61-t3,forced_01,sha256:7f39acd8f013effa891dc85b12d0b83db2ac95bc4543f6fb4fe4e3e3218af289,2,1,4,4,1
2,PRIME_RANDOM_61,2305843009213693967,stress-2-PRIME_RANDOM_61-t3,forced_01,sha256:7f39acd8f013effa891dc85b12d0b83db2ac95bc4543f6fb4fe4e3e3218af289,2,2,9,9,1
2,PRIME_RANDOM_61,2305843009213693967,stress-2-PRIME_RANDOM_61-t4,forced_01,sha256:7f39acd8f013effa891dc85b12d0b83db2ac95bc4543f6fb4fe4e3e3218af289,2,0,1,1,1
2,PRIME_RANDOM_61,2305843009213693967,stress-2-PRIME_RANDOM_61-t4,forced_01,sha256:7f39acd8f013effa891dc85b12d0b83db2ac95bc4543f6fb4fe4e3e3218af289,2,1,4,4,1
2,PRIME_RANDOM_61,2305843009213693967,stress-2-PRIME_RANDOM_61-t4,forced_01,sha256:7f39acd8f013effa891dc85b12d0b83db2ac95bc4543f6fb4fe4e3e3218af289,2,2,9,9,1
3,PRIME_TINY,3,stress-3-PRIME_TINY-t0,forced_01,sha256:384da5bd6f9599c681021700cb24f28d6686d649b5449cd47661db635586d519,3,0,1,1,1
3,PRIME_TINY,3,stress-3-PRIME_TINY-t0,forced_01,sha256:384da5bd6f9599c681021700cb24f28d6686d649b5449cd47661db635586d519,3,1,4,4,1
3,PRIME_TINY,3,stress-3-PRIME_TINY-t0,forced_01,sha256:384da5bd6f9599c681021700cb24f28d6686d649b5449cd47661db635586d519,3,2,7,7,1
3,PRIME_TINY,3,stress-3-PRIME_TINY-t0,forced_01,sha256:384da5bd6f9599c681021700cb24f28d6686d649b5449cd47661db635586d519,3,3,12,12,1
3,PRIME_TINY,3,stress-3-PRIME_TINY-t1,forced_01,sha256:9ed60c1960bd60a778b364b639641ec05833a8b8f6c681b9a2ea0cb296a0a52b,3,0,1,1,1
3,PRIME_TINY,3,stress-3-PRIME_TINY-t1,forced_01,sha256:9ed60c1960bd60a778b364b639641ec05833a8b8f6c681b9a2ea0cb296a0a52b,3,1,4,4,1
3,PRIME_TINY,3,stress-3-PRIME_TINY-t1,forced_01,sha256:9ed60c1960bd60a778b364b639641ec05833a8b8f6c681b9a2ea0cb296a0a52b,3,2,7,7,1
3,PRIME_TINY,3,stress-3-PRIME_TINY-t1,forced_01,sha256:9ed60c1960bd60a778b364b639641ec05833a8b8f6c681b9a2ea0cb296a0a52b,3,3,12,12,1
3,PRIME_TINY,3,stress-3-PRIME_TINY-t2,forced_01,sha256:525bd4f9166ae7f050d001417f805ac4c7666943c5fbd4032addb704ab76eaee,3,0,1,1,1
3,PRIME_TINY,3,stress-3-PRIME_TINY-t2,forced_01,sha256:525bd4f9166ae7f050d001417f805ac4c7666943c5fbd4032addb704ab76eaee,3,1,4,4,1
3,PRIME_TINY,3,stress-3-PRIME_TINY-t2,forced_01,sha256:525bd4f9166ae7f050d001417f805ac4c7666943c5fbd4032addb704ab76eaee,3,2,7,7,1
3,PRIME_TINY,3,stress-3-PRIME_TINY-t2,forced_01,sha256:525bd4f9166ae7f050d001417f805ac4c7666943c5fbd4032addb704ab76eaee,3,3,12,12,1
3,PRIME_TINY,3,stress-3-PRIME_TINY-t3,forced_01,sha256:f541c1e5d9e281aa6dab42559342bb1c01169dd31a5af1bc4703f22c9ce3fad6,3,0,1,1,1
3,PRIME_TINY,3,stress-3-PRIME_TINY-t3,forced_01,sha256:f541c1e5d9e281aa6dab42559342bb1c01169dd31a5af1bc4703f22c9ce3fad6,3,1,4,4,1
3,PRIME_TINY,3,stress-3-PRIME_TINY-t3,forced_01,sha256:f541c1e5d9e281aa6dab42559342bb1c01169dd31a5af1bc4703f22c9ce3fad6,3,2,7,7,1
3,PRIME_TINY,3,stress-3-PRIME_TINY-t3,forced_01,sha256:f541c1e5d9e281aa6dab42559342bb1c01169dd31a5af1bc4703f22c9ce3fad6,3,3,12,12,1
3,PRIME_TINY,3,stress-3-PRIME_TINY-t4,forced_01,sha256:525bd4f9166ae7f050d001417f805ac4c7666943c5fbd4032addb704ab76eaee,3,0,1,1,1
3,PRIME_TINY,3,stress-3-PRIME_TINY-t4,forced_01,sha256:525bd4f9166ae7f050d001417f805ac4c7666943c5fbd4032addb704ab76eaee,3,1,4,4,1
3,PRIME_TINY,3,stress-3-PRIME_TINY-t4,forced_01,sha256:525bd4f9166ae7f050d001417f805ac4c7666943c5fbd4032addb704ab76eaee,3,2,7,7,1
3,PRIME_TINY,3,stress-3-PRIME_TINY-t4,forced_01,sha256:525bd4f9166ae7f050d001417f805ac4c7666943c5fbd4032addb704ab76eaee,3,3,12,12,1
3,PRIME_MERSENNE_61,2305843009213693951,stress-3-PRIME_MERSENNE_61-t0,forced_01,sha256:fa6c187f77043d979f1bccc25e1a843e315f7f1577835a37e42ea1e2aef88805,3,0,1,1,1
3,PRIME_MERSENNE_61,2305843009213693951,stress-3-PRIME_MERSENNE_61-t0,forced_01,sha256:fa6c187f77043d979f1bccc25e1a843e315f7f1577835a37e42ea1e2aef88805,3,1,4,4,1
3,PRIME_MERSENNE_61,2305843009213693951,stress-3-PRIME_MERSENNE_61-t0,forced_01,sha256:fa6c187f77043d979f1bccc25e1a843e315f7f1577835a37e42ea1e2aef88805,3,2,7,7,1
3,PRIME_MERSENNE_61,2305843009213693951,stress-3-PRIME_MERSENNE_61-t0,forced_01,sha256:fa6c187f77043d979f1bccc25e1a843e315f7f1577835a37e42ea1e2aef88805,3,3,12,12,1
3,PRIME_MERSENNE_61,2305843009213693951,stress-3-PRIME_MERSENNE_61-t1,forced_01,sha256:408abae932660ae3eadea31d9a3ed61e4a1e524d37dceee4ff7706d22dc51f03,3,0,1,1,1
3,PRIME_MERSENNE_61,2305843009213693951,stress-3-PRIME_MERSENNE_61-t1,forced_01,sha256:408abae932660ae3eadea31d9a3ed61e4a1e524d37dceee4ff7706d22dc51f03,3,1,4,4,1
3,PRIME_MERSENNE_61,2305843009213693951,stress-3-PRIME_MERSENNE_61-t1,forced_01,sha256:408abae932660ae3eadea31d9a3ed61e4a1e524d37dceee4ff7706d22dc51f03,3,2,7,7,1
3,PRIME_MERSENNE_61,2305843009213693951,stress-3-PRIME_MERSENNE_61-t1,forced_01,sha256:408abae932660ae3eadea31d9a3ed61e4a1e524d37dceee4ff7706d22dc51f03,3,3,12,12,1
3,PRIME_MERSENNE_61,2305843009213693951,stress-3-PRIME_MERSENNE_61-t2,forced_01,sha256:fa6c187f77043d979f1bccc25e1a843e315f7f1577835a37e42ea1e2aef88805,3,0,1,1,1
3,PRIME_MERSENNE_61,2305843009213693951,stress-3-PRIME_MERSENNE_61-t2,forced_01,sha256:fa6c187f77043d979f1bccc25e1a843e315f7f1577835a37e42ea1e2aef88805,3,1,4,4,1
3,PRIME_MERSENNE_61,2305843009213693951,stress-3-PRIME_MERSENNE_61-t2,forced_01,sha256:fa6c187f77043d979f1bccc25e1a843e315f7f1577835a37e42ea1e2aef88805,3,2,7,7,1
3,PRIME_MERSENNE_61,2305843009213693951,stress-3-PRIME_MERSENNE_61-t2,forced_01,sha256:fa6c187f77043d979f1bccc25e1a843e315f7f1577835a37e42ea1e2aef88805,3,3,12,12,1
3,PRIME_MERSENNE_61,2305843009213693951,stress-3-PRIME_MERSENNE_61-t3,forced_01,sha256:13945632ef28e3b26477bcf65bbccb6b99870fd09724202110406f70a8a18eeb,3,0,1,1,1
3,PRIME_MERSENNE_61,2305843009213693951,stress-3-PRIME_MERSENNE_61-t3,forced_01,sha256:13945632ef28e3b26477bcf65bbccb6b99870fd09724202110406f70a8a18eeb,3,1,4,4,1
3,PRIME_MERSENNE_61,2305843009213693951,stress-3-PRIME_MERSENNE_61-t3,forced_01,sha256:13945632ef28e3b26477bcf65bbccb6b99870fd09724202110406f70a8a18eeb,3,2,7,7,1
3,PRIME_MERSENNE_61,2305843009213693951,stress-3-PRIME_MERSENNE_61-t3,forced_01,sha256:13945632ef28e3b26477bcf65bbccb6b99870fd09724202110406f70a8a18eeb,3,3,12,12,1
3,PRIME_MERSENNE_61,2305843009213693951,stress-3-PRIME_MERSENNE_61-t4,forced_01,sha256:514bbbdf7b985ff017c142b6dcfa9eec74c3dad3e5df7c600836c5e8dbc4476d,3,0,1,1,1
3,PRIME_MERSENNE_61,2305843009213693951,stress-3-PRIME_MERSENNE_61-t4,forced_01,sha256:514bbbdf7b985ff017c142b6dcfa9eec74c3dad3e5df7c600836c5e8dbc4476d,3,1,4,4,1
3,PRIME_MERSENNE_61,2305843009213693951,stress-3-PRIME_MERSENNE_61-t4,forced_01,sha256:514bbbdf7b985ff017c142b6dcfa9eec74c3dad3e5df7c600836c5e8dbc4476d,3,2,7,7,1
3,PRIME_MERSENNE_61,2305843009213693951,stress-3-PRIME_MERSENNE_61-t4,forced_01,sha256:514bbbdf7b985ff017c142b6dcfa9eec74c3dad3e5df7c600836c5e8dbc4476d,3,3,12,12,1
3,PRIME_RANDOM_61,2305843009213693967,stress-3-PRIME_RANDOM_61-t0,forced_01,sha256:38effb828df25802dfdb5e084e199ef28b2f2bd71755dcd6269b315fe8c35137,3,0,1,1,1
3,PRIME_RANDOM_61,2305843009213693967,stress-3-PRIME_RANDOM_61-t0,forced_01,sha256:38effb828df25802dfdb5e084e199ef28b2f2bd71755dcd6269b315fe8c35137,3,1,4,4,1
3,PRIME_RANDOM_61,2305843009213693967,stress-3-PRIME_RANDOM_61-t0,forced_01,sha256:38effb828df25802dfdb5e084e199ef28b2f2bd71755dcd6269b315fe8c35137,3,2,7,7,1
3,PRIME_RANDOM_61,2305843009213693967,stress-3-PRIME_RANDOM_61-t0,forced_01,sha256:38effb828df25802dfdb5e084e199ef28b2f2bd71755dcd6269b315fe8c35137,3,3,12,12,1
3,PRIME_RANDOM_61,2305843009213693967,stress-3-PRIME_RANDOM_61-t1,forced_01,sha256:2140677b2fc9460cfda86aabdce1c74d839cb2d879c07b37e94decf14ed2b56d,3,0,1,1,1
3,PRIME_RANDOM_61,2305843009213693967,stress-3-PRIME_RANDOM_61-t1,forced_01,sha256:2140677b2fc9460cfda86aabdce1c74d839cb2d879c07b37e94decf14ed2b56d,3,1,4,4,1
3,PRIME_RANDOM_61,2305843009213693967,stress-3-PRIME_RANDOM_61-t1,forced_01,sha256:2140677b2fc9460cfda86aabdce1c74d839cb2d879c07b37e94decf14ed2b56d,3,2,7,7,1
3,PRIME_RANDOM_61,2305843009213693967,stress-3-PRIME_RANDOM_61-t1,forced_01,sha256:2140677b2fc9460cfda86aabdce1c74d839cb2d879c07b37e94decf14ed2b56d,3,3,12,12,1
3,PRIME_RANDOM_61,2305843009213693967,stress-3-PRIME_RANDOM_61-t2,forced_01,sha256:2140677b2fc9460cfda86aabdce1c74d839cb2d879c07b37e94decf14ed2b56d,3,0,1,1,1
3,PRIME_RANDOM_61,2305843009213693967,stress-3-PRIME_RANDOM_61-t2,forced_01,sha256:2140677b2fc9460cfda86aabdce1c74d839cb2d879c07b37e94decf14ed2b56d,3,1,4,4,1
3,PRIME_RANDOM_61,2305843009213693967,stress-3-PRIME_RANDOM_61-t2,forced_01,sha256:2140677b2fc9460cfda86aabdce1c74d839cb2d879c07b37e94decf14ed2b56d,3,2,7,7,1
3,PRIME_RANDOM_61,2305843009213693967,stress-3-PRIME_RANDOM_61-t2,forced_01,sha256:2140677b2fc9460cfda86aabdce1c74d839cb2d879c07b37e94decf14ed2b56d,3,3,12,12,1
3,PRIME_RANDOM_61,2305843009213693967,stress-3-PRIME_RANDOM_61-t3,forced_01,sha256:c28d264b2d6891fefe74aea25aa50a11a7eb68cc9c2201e6a77d07449fa9d91e,3,0,1,1,1
3,PRIME_RANDOM_61,2305843009213693967,stress-3-PRIME_RANDOM_61-t3,forced_01,sha256:c28d264b2d6891fefe74aea25aa50a11a7eb68cc9c2201e6a77d07449fa9d91e,3,1,4,4,1
3,PRIME_RANDOM_61,2305843009213693967,stress-3-PRIME_RANDOM_61-t3,forced_01,sha256:c28d264b2d6891fefe74aea25aa50a11a7eb68cc9c2201e6a77d07449fa9d91e,3,2,7,7,1
3,PRIME_RANDOM_61,2305843009213693967,stress-3-PRIME_RANDOM_61-t3,forced_01,sha256:c28d264b2d6891fefe74aea25aa50a11a7eb68cc9c2201e6a77d07449fa9d91e,3,3,12,12,1
3,PRIME_RANDOM_61,2305843009213693967,stress-3-PRIME_RANDOM_61-t4,forced_01,sha256:3ee63d1be3f71434526c927971c00217cc323c20785efc9fe4c4ed0dea23e303,3,0,1,1,1
3,PRIME_RANDOM_61,2305843009213693967,stress-3-PRIME_RANDOM_61-t4,forced_01,sha256:3ee63d1be3f71434526c927971c00217cc323c20785efc9fe4c4ed0dea23e303,3,1,4,4,1
3,PRIME_RANDOM_61,2305843009213693967,stress-3-PRIME_RANDOM_61-t4,forced_01,sha256:3ee63d1be3f71434526c927971c00217cc323c20785efc9fe4c4ed0dea23e303,3,2,7,7,1
3,PRIME_RANDOM_61,2305843009213693967,stress-3-PRIME_RANDOM_61-t4,forced_01,sha256:3ee63d1be3f71434526c927971c00217cc323c20785efc9fe4c4ed0dea23e303,3,3,12,12,1
4,PRIME_TINY,3,stress-4-PRIME_TINY-t0,forced_01,sha256:7ebc0ccb4ada3cb1a969bb1091b0377bacf192ae84b02de85cd15a759a8ab87a,4,0,1,1,1
4,PRIME_TINY,3,stress-4-PRIME_TINY-t0,forced_01,sha256:7ebc0ccb4ada3cb1a969bb1091b0377bacf192ae84b02de85cd15a759a8ab87a,4,1,4,4,1
4,PRIME_TINY,3,stress-4-PRIME_TINY-t0,forced_01,sha256:7ebc0ccb4ada3cb1a969bb1091b0377bacf192ae84b02de85cd15a759a8ab87a,4,2,7,7,1
4,PRIME_TINY,3,stress-4-PRIME_TINY-t0,forced_01,sha256:7ebc0ccb4ada3cb1a969bb1091b0377bacf192ae84b02de85cd15a759a8ab87a,4,3,10,10,1
4,PRIME_TINY,3,stress-4-PRIME_TINY-t0,forced_01,sha256:7ebc0ccb4ada3cb1a969bb1091b0377bacf192ae84b02de85cd15a759a8ab87a,4,4,15,15,1
4,PRIME_TINY,3,stress-4-PRIME_TINY-t1,forced_01,sha256:308411a8529bad39a6122599d4391178c479fae04e9786abca5c01597472fb9f,4,0,1,1,1
4,PRIME_TINY,3,stress-4-PRIME_TINY-t1,forced_01,sha256:308411a8529bad39a6122599d4391178c479fae04e9786abca5c01597472fb9f,4,1,4,4,1
4,PRIME_TINY,3,stress-4-PRIME_TINY-t1,forced_01,sha256:308411a8529bad39a6122599d4391178c479fae04e9786abca5c01597472fb9f,4,2,7,7,1
4,PRIME_TINY,3,stress-4-PRIME_TINY-t1,forced_01,sha256:308411a8529bad39a6122599d4391178c479fae04e9786abca5c01597472fb9f,4,3,10,10,1
4,PRIME_TINY,3,stress-4-PRIME_TINY-t1,forced_01,sha256:308411a8529bad39a6122599d4391178c479fae04e9786abca5c01597472fb9f,4,4,15,15,1
4,PRIME_TINY,3,stress-4-PRIME_TINY-t2,forced_01,sha256:c02c6669f40eca3acad5161c68657ea01c6d3c66a000235ade648e4b5c06a1b5,4,0,1,1,1
4,PRIME_TINY,3,stress-4-PRIME_TINY-t2,forced_01,sha256:c02c6669f40eca3acad5161c68657ea01c6d3c66a000235ade648e4b5c06a1b5,4,1,4,4,1
4,PRIME_TINY,3,stress-4-PRIME_TINY-t2,forced_01,sha256:c02c6669f40eca3acad5161c68657ea01c6d3c66a000235ade648e4b5c06a1b5,4,2,7,7,1
4,PRIME_TINY,3,stress-4-PRIME_TINY-t2,forced_01,sha256:c02c6669f40eca3acad5161c68657ea01c6d3c66a000235ade648e4b5c06a1b5,4,3,10,10,1
4,PRIME_TINY,3,stress-4-PRIME_TINY-t2,forced_01,sha256:c02c6669f40eca3acad5161c68657ea01c6d3c66a000235ade648e4b5c06a1b5,4,4,15,15,1
4,PRIME_TINY,3,stress-4-PRIME_TINY-t3,forced_01,sha256:64ce3dcda9e4eb90e7fea3d09adb9ada50f530474b44de7fa0413e7efa2abeb3,4,0,1,1,1
4,PRIME_TINY,3,stress-4-PRIME_TINY-t3,forced_01,sha256:64ce3dcda9e4eb90e7fea3d09adb9ada50f530474b44de7fa0413e7efa2abeb3,4,1,4,4,1
4,PRIME_TINY,3,stress-4-PRIME_TINY-t3,forced_01,sha256:64ce3dcda9e4eb90e7fea3d09adb9ada50f530474b44de7fa0413e7efa2abeb3,4,2,7,7,1
4,PRIME_TINY,3,stress-4-PRIME_TINY-t3,forced_01,sha256:64ce3dcda9e4eb90e7fea3d09adb9ada50f530474b44de7fa0413e7efa2abeb3,4,3,10,10,1
4,PRIME_TINY,3,stress-4-PRIME_TINY-t3,forced_01,sha256:64ce3dcda9e4eb90e7fea3d09adb9ada50f530474b44de7fa0413e7efa2abeb3,4,4,15,15,1
4,PRIME_TINY,3,stress-4-PRIME_TINY-t4,forced_01,sha256:84822a50aeb8cb6d83233313476834985efa25468aa5a09c0acf8f3c7dcf56fb,4,0,1,1,1
4,PRIME_TINY,3,stress-4-PRIME_TINY-t4,forced_01,sha256:84822a50aeb8cb6d83233313476834985efa25468aa5a09c0acf8f3c7dcf56fb,4,1,4,4,1
4,PRIME_TINY,3,stress-4-PRIME_TINY-t4,forced_01,sha256:84822a50aeb8cb6d83233313476834985efa25468aa5a09c0acf8f3c7dcf56fb,4,2,7,7,1
4,PRIME_TINY,3,stress-4-PRIME_TINY-t4,forced_01,sha256:84822a50aeb8cb6d83233313476834985efa25468aa5a09c0acf8f3c7dcf56fb,4,3,10,10,1
4,PRIME_TINY,3,stress-4-PRIME_TINY-t4,forced_01,sha256:84822a50aeb8cb6d83233313476834985efa25468aa5a09c0acf8f3c7dcf56fb,4,4,15,15,1
4,PRIME_MERSENNE_61,2305843009213693951,stress-4-PRIME_MERSENNE_61-t0,forced_01,sha256:48aae12be23f95c1b6147ee89db51541a15045c1c5d1d87fa165bde4d7b5f845,4,0,1,1,1
4,PRIME_MERSENNE_61,2305843009213693951,stress-4-PRIME_MERSENNE_61-t0,forced_01,sha256:48aae12be23f95c1b6147ee89db51541a15045c1c5d1d87fa165bde4d7b5f845,4,1,4,4,1
4,PRIME_MERSENNE_61,2305843009213693951,stress-4-PRIME_MERSENNE_61-t0,forced_01,sha256:48aae12be23f95c1b6147ee89db51541a15045c1c5d1d87fa165bde4d7b5f845,4,2,7,7,1
4,PRIME_MERSENNE_61,2305843009213693951,stress-4-PRIME_MERSENNE_61-t0,forced_01,sha256:48aae12be23f95c1b6147ee89db51541a15045c1c5d1d87fa165bde4d7b5f845,4,3,10,10,1
4,PRIME_MERSENNE_61,2305843009213693951,stress-4-PRIME_MERSENNE_61-t0,forced_01,sha256:48aae12be23f95c1b6147ee89db51541a15045c1c5d1d87fa165bde4d7b5f845,4,4,15,15,1
4,PRIME_MERSENNE_61,2305843009213693951,stress-4-PRIME_MERSENNE_61-t1,forced_01,sha256:4d79f054fb7050a58a20ef790a3fd049b6154d55edfd5a707506a2241d4fddfb,4,0,1,1,1
4,PRIME_MERSENNE_61,2305843009213693951,stress-4-PRIME_MERSENNE_61-t1,forced_01,sha256:4d79f054fb7050a58a20ef790a3fd049b6154d55edfd5a707506a2241d4fddfb,4,1,4,4,1
4,PRIME_MERSENNE_61,2305843009213693951,stress-4-PRIME_MERSENNE_61-t1,forced_01,sha256:4d79f054fb7050a58a20ef790a3fd049b6154d55edfd5a707506a2241d4fddfb,4,2,7,7,1
4,PRIME_MERSENNE_61,2305843009213693951,stress-4-PRIME_MERSENNE_61-t1,forced_01,sha256:4d79f054fb7050a58a20ef790a3fd049b6154d55edfd5a707506a2241d4fddfb,4,3,10,10,1
4,PRIME_MERSENNE_61,2305843009213693951,stress-4-PRIME_MERSENNE_61-t1,forced_01,sha256:4d79f054fb7050a58a20ef790a3fd049b6154d55edfd5a707506a2241d4fddfb,4,4,15,15,1
4,PRIME_MERSENNE_61,2305843009213693951,stress-4-PRIME_MERSENNE_61-t2,forced_01,sha256:260d44b908b03c9c811329147bf74cefb9ca88273f48fdd7e162bca9f273ed95,4,0,1,1,1
4,PRIME_MERSENNE_61,2305843009213693951,stress-4-PRIME_MERSENNE_61-t2,forced_01,sha256:260d44b908b03c9c811329147bf74cefb9ca88273f48fdd7e162bca9f273ed95,4,1,4,4,1
4,PRIME_MERSENNE_61,2305843009213693951,stress-4-PRIME_MERSENNE_61-t2,forced_01,sha256:260d44b908b03c9c811329147bf74cefb9ca88273f48fdd7e162bca9f273ed95,4,2,7,7,1
4,PRIME_MERSENNE_61,2305843009213693951,stress-4-PRIME_MERSENNE_61-t2,forced_01,sha256:260d44b908b03c9c811329147bf74cefb9ca88273f48fdd7e162bca9f273ed95,4,3,10,10,1
4,PRIME_MERSENNE_61,2305843009213693951,stress-4-PRIME_MERSENNE_61-t2,forced_01,sha256:260d44b908b03c9c811329147bf74cefb9ca88273f48fdd7e162bca9f273ed95,4,4,15,15,1
4,PRIME_MERSENNE_61,2305843009213693951,stress-4-PRIME_MERSENNE_61-t3,forced_01,sha256:cde58dd0598f770d255062424aed46eca92c434c8f9cd97812957f71be24ee54,4,0,1,1,1
4,PRIME_MERSENNE_61,2305843009213693951,stress-4-PRIME_MERSENNE_61-t3,forced_01,sha256:cde58dd0598f770d255062424aed46eca92c434c8f9cd97812957f71be24ee54,4,1,4,4,1
4,PRIME_MERSENNE_61,2305843009213693951,stress-4-PRIME_MERSENNE_61-t3,forced_01,sha256:cde58dd0598f770d255062424aed46eca92c434c8f9cd97812957f71be24ee54,4,2,7,7,1
4,PRIME_MERSENNE_61,2305843009213693951,stress-4-PRIME_MERSENNE_61-t3,forced_01,sha256:cde58dd0598f770d255062424aed46eca92c434c8f9cd97812957f71be24ee54,4,3,10,10,1
4,PRIME_MERSENNE_61,2305843009213693951,stress-4-PRIME_MERSENNE_61-t3,forced_01,sha256:cde58dd0598f770d255062424aed46eca92c434c8f9cd97812957f71be24ee54,4,4,15,15,1
4,PRIME_MERSENNE_61,2305843009213693951,stress-4-PRIME_MERSENNE_61-t4,forced_01,sha256:acd0c22a8dc1594c0be46568d4020a1e2586a46d59674b03c2257ab5118b2b4d,4,0,1,1,1
4,PRIME_MERSENNE_61,2305843009213693951,stress-4-PRIME_MERSENNE_61-t4,forced_01,sha256:acd0c22a8dc1594c0be46568d4020a1e2586a46d59674b03c2257ab5118b2b4d,4,1,4,4,1
4,PRIME_MERSENNE_61,2305843009213693951,stress-4-PRIME_MERSENNE_61-t4,forced_01,sha256:acd0c22a8dc1594c0be46568d4020a1e2586a46d59674b03c2257ab5118b2b4d,4,2,7,7,1
4,PRIME_MERSENNE_61,2305843009213693951,stress-4-PRIME_MERSENNE_61-t4,forced_01,sha256:acd0c22a8dc1594c0be46568d4020a1e2586a46d59674b03c2257ab5118b2b4d,4,3,10,10,1
4,PRIME_MERSENNE_61,2305843009213693951,stress-4-PRIME_MERSENNE_61-t4,forced_01,sha256:acd0c22a8dc1594c0be46568d4020a1e2586a46d59674b03c2257ab5118b2b4d,4,4,15,15,1
4,PRIME_RANDOM_61,2305843009213693967,stress-4-PRIME_RANDOM_61-t0,forced_01,sha256:c91e779cda3b534efca7abd4c6dcc00dfefa319b314b3662e855ed6a405c14ae,4,0,1,1,1
4,PRIME_RANDOM_61,2305843009213693967,stress-4-PRIME_RANDOM_61-t0,forced_01,sha256:c91e779cda3b534efca7abd4c6dcc00dfefa319b314b3662e855ed6a405c14ae,4,1,4,4,1
4,PRIME_RANDOM_61,2305843009213693967,stress-4-PRIME_RANDOM_61-t0,forced_01,sha256:c91e779cda3b534efca7abd4c6dcc00dfefa319b314b3662e855ed6a405c14ae,4,2,7,7,1
4,PRIME_RANDOM_61,2305843009213693967,stress-4-PRIME_RANDOM_61-t0,forced_01,sha256:c91e779cda3b534efca7abd4c6dcc00dfefa319b314b3662e855ed6a405c14ae,4,3,10,10,1
4,PRIME_RANDOM_61,2305843009213693967,stress-4-PRIME_RANDOM_61-t0,forced_01,sha256:c91e779cda3b534efca7abd4c6dcc00dfefa319b314b3662e855ed6a405c14ae,4,4,15,15,1
4,PRIME_RANDOM_61,2305843009213693967,stress-4-PRIME_RANDOM_61-t1,forced_01,sha256:eb20cfe037fc36955a215d99457246798149672f72cdab6f6b33f5821243b318,4,0,1,1,1
4,PRIME_RANDOM_61,2305843009213693967,stress-4-PRIME_RANDOM_61-t1,forced_01,sha256:eb20cfe037fc36955a215d99457246798149672f72cdab6f6b33f5821243b318,4,1,4,4,1
4,PRIME_RANDOM_61,2305843009213693967,stress-4-PRIME_RANDOM_61-t1,forced_01,sha256:eb20cfe037fc36955a215d99457246798149672f72cdab6f6b33f5821243b318,4,2,7,7,1
4,PRIME_RANDOM_61,2305843009213693967,stress-4-PRIME_RANDOM_61-t1,forced_01,sha256:eb20cfe037fc36955a215d99457246798149672f72cdab6f6b33f5821243b318,4,3,10,10,1
4,PRIME_RANDOM_61,2305843009213693967,stress-4-PRIME_RANDOM_61-t1,forced_01,sha256:eb20cfe037fc36955a215d99457246798149672f72cdab6f6b33f5821243b318,4,4,15,15,1
4,PRIME_RANDOM_61,2305843009213693967,stress-4-PRIME_RANDOM_61-t2,forced_01,sha256:21f6e7c971444b91d39aab85115cd37b076a5e23c6afef716fb4577ae885f632,4,0,1,1,1
4,PRIME_RANDOM_61,2305843009213693967,stress-4-PRIME_RANDOM_61-t2,forced_01,sha256:21f6e7c971444b91d39aab85115cd37b076a5e23c6afef716fb4577ae885f632,4,1,4,4,1
4,PRIME_RANDOM_61,2305843009213693967,stress-4-PRIME_RANDOM_61-t2,forced_01,sha256:21f6e7c971444b91d39aab85115cd37b076a5e23c6afef716fb4577ae885f632,4,2,7,7,1
4,PRIME_RANDOM_61,2305843009213693967,stress-4-PRIME_RANDOM_61-t2,forced_01,sha256:21f6e7c971444b91d39aab85115cd37b076a5e23c6afef716fb4577ae885f632,4,3,10,10,1
4,PRIME_RANDOM_61,2305843009213693967,stress-4-PRIME_RANDOM_61-t2,forced_01,sha256:21f6e7c971444b91d39aab85115cd37b076a5e23c6afef716fb4577ae885f632,4,4,15,15,1
4,PRIME_RANDOM_61,2305843009213693967,stress-4-PRIME_RANDOM_61-t3,forced_01,sha256:c91e779cda3b534efca7abd4c6dcc00dfefa319b314b3662e855ed6a405c14ae,4,0,1,1,1
4,PRIME_RANDOM_61,2305843009213693967,stress-4-PRIME_RANDOM_61-t3,forced_01,sha256:c91e779cda3b534efca7abd4c6dcc00dfefa319b314b3662e855ed6a405c14ae,4,1,4,4,1
4,PRIME_RANDOM_61,2305843009213693967,stress-4-PRIME_RANDOM_61-t3,forced_01,sha256:c91e779cda3b534efca7abd4c6dcc00dfefa319b314b3662e855ed6a405c14ae,4,2,7,7,1
4,PRIME_RANDOM_61,2305843009213693967,stress-4-PRIME_RANDOM_61-t3,forced_01,sha256:c91e779cda3b534efca7abd4c6dcc00dfefa319b314b3662e855ed6a405c14ae,4,3,10,10,1
4,PRIME_RANDOM_61,2305843009213693967,stress-4-PRIME_RANDOM_61-t3,forced_01,sha256:c91e779cda3b534efca7abd4c6dcc00dfefa319b314b3662e855ed6a405c14ae,4,4,15,15,1
4,PRIME_RANDOM_61,2305843009213693967,stress-4-PRIME_RANDOM_61-t4,forced_01,sha256:15cf8157b32fdaf193186c88d0f62ddf3c866e3fbb3b2f06b5427e32b2e88eaf,4,0,1,1,1
4,PRIME_RANDOM_61,2305843009213693967,stress-4-PRIME_RANDOM_61-t4,forced_01,sha256:15cf8157b32fdaf193186c88d0f62ddf3c866e3fbb3b2f06b5427e32b2e88eaf,4,1,4,4,1
4,PRIME_RANDOM_61,2305843009213693967,stress-4-PRIME_RANDOM_61-t4,forced_01,sha256:15cf8157b32fdaf193186c88d0f62ddf3c866e3fbb3b2f06b5427e32b2e88eaf,4,2,7,7,1
4,PRIME_RANDOM_61,2305843009213693967,stress-4-PRIME_RANDOM_61-t4,forced_01,sha256:15cf8157b32fdaf193186c88d0f62ddf3c866e3fbb3b2f06b5427e32b2e88eaf,4,3,10,10,1
4,PRIME_RANDOM_61,2305843009213693967,stress-4-PRIME_RANDOM_61-t4,forced_01,sha256:15cf8157b32fdaf193186c88d0f62ddf3c866e3fbb3b2f06b5427e32b2e88eaf,4,4,15,15,1
5,PRIME_TINY,3,stress-5-PRIME_TINY-t0,forced_01,sha256:3ace15772184458c535ec679fc57a4dd4db96f975bc7f23c1b8ad27ed7a3cc99,5,0,1,1,1
5,PRIME_TINY,3,stress-5-PRIME_TINY-t0,forced_01,sha256:3ace15772184458c535ec679fc57a4dd4db96f975bc7f23c1b8ad27ed7a3cc99,5,1,4,4,1
5,PRIME_TINY,3,stress-5-PRIME_TINY-t0,forced_01,sha256:3ace15772184458c535ec679fc57a4dd4db96f975bc7f23c1b8ad27ed7a3cc99,5,2,7,7,1
5,PRIME_TINY,3,stress-5-PRIME_TINY-t0,forced_01,sha256:3ace15772184458c535ec679fc57a4dd4db96f975bc7f23c1b8ad27ed7a3cc99,5,3,10,10,1
5,PRIME_TINY,3,stress-5-PRIME_TINY-t0,forced_01,sha256:3ace15772184458c535ec679fc57a4dd4db96f975bc7f23c1b8ad27ed7a3cc99,5,4,13,13,1
5,PRIME_TINY,3,stress-5-PRIME_TINY-t0,forced_01,sha256:3ace15772184458c535ec679fc57a4dd4db96f975bc7f23c1b8ad27ed7a3cc99,5,5,18,18,1
5,PRIME_TINY,3,stress-5-PRIME_TINY-t1,forced_01,sha256:ec86c47b75ed186bfa23da160f00163e48750cbf756c1c313c129c5af662ab3d,5,0,1,1,1
5,PRIME_TINY,3,stress-5-PRIME_TINY-t1,forced_01,sha256:ec86c47b75ed186bfa23da160f00163e48750cbf756c1c313c129c5af662ab3d,5,1,4,4,1
5,PRIME_TINY,3,stress-5-PRIME_TINY-t1,forced_01,sha256:ec86c47b75ed186bfa23da160f00163e48750cbf756c1c313c129c5af662ab3d,5,2,7,7,1
5,PRIME_TINY,3,stress-5-PRIME_TINY-t1,forced_01,sha256:ec86c47b75ed186bfa23da160f00163e48750cbf756c1c313c129c5af662ab3d,5,3,10,10,1
5,PRIME_TINY,3,stress-5-PRIME_TINY-t1,forced_01,sha256:ec86c47b75ed186bfa23da160f00163e48750cbf756c1c313c129c5af662ab3d,5,4,13,13,1
5,PRIME_TINY,3,stress-5-PRIME_TINY-t1,forced_01,sha256:ec86c47b75ed186bfa23da160f00163e48750cbf756c1c313c129c5af662ab3d,5,5,18,18,1
5,PRIME_TINY,3,stress-5-PRIME_TINY-t2,forced_01,sha256:a2fde3a16ed567ae3d7452c33f9111a75df6be6cadf73f1003b40d3b9d659ef6,5,0,1,1,1
5,PRIME_TINY,3,stress-5-PRIME_TINY-t2,forced_01,sha256:a2fde3a16ed567ae3d7452c33f9111a75df6be6cadf73f1003b40d3b9d659ef6,5,1,4,4,1
5,PRIME_TINY,3,stress-5-PRIME_TINY-t2,forced_01,sha256:a2fde3a16ed567ae3d7452c33f9111a75df6be6cadf73f1003b40d3b9d659ef6,5,2,7,7,1
5,PRIME_TINY,3,stress-5-PRIME_TINY-t2,forced_01,sha256:a2fde3a16ed567ae3d7452c33f9111a75df6be6cadf73f1003b40d3b9d659ef6,5,3,10,10,1
5,PRIME_TINY,3,stress-5-PRIME_TINY-t2,forced_01,sha256:a2fde3a16ed567ae3d7452c33f9111a75df6be6cadf73f1003b40d3b9d659ef6,5,4,13,13,1
5,PRIME_TINY,3,stress-5-PRIME_TINY-t2,forced_01,sha256:a2fde3a16ed567ae3d7452c33f9111a75df6be6cadf73f1003b40d3b9d659ef6,5,5,18,18,1
5,PRIME_TINY,3,stress-5-PRIME_TINY-t3,forced_01,sha256:048fbc3991152c6acf222a1a512df4b2f0403aebecba20a65508ba178c99eebc,5,0,1,1,1
5,PRIME_TINY,3,stress-5-PRIME_TINY-t3,forced_01,sha256:048fbc3991152c6acf222a1a512df4b2f0403aebecba20a65508ba178c99eebc,5,1,4,4,1
5,PRIME_TINY,3,stress-5-PRIME_TINY-t3,forced_01,sha256:048fbc3991152c6acf222a1a512df4b2f0403aebecba20a65508ba178c99eebc,5,2,7,7,1
5,PRIME_TINY,3,stress-5-PRIME_TINY-t3,forced_01,sha256:048fbc3991152c6acf222a1a512df4b2f0403aebecba20a65508ba178c99eebc,5,3,10,10,1
5,PRIME_TINY,3,stress-5-PRIME_TINY-t3,forced_01,sha256:048fbc3991152c6acf222a1a512df4b2f0403aebecba20a65508ba178c99eebc,5,4,13,13,1
5,PRIME_TINY,3,stress-5-PRIME_TINY-t3,forced_01,sha256:048fbc3991152c6acf222a1a512df4b2f0403aebecba20a65508ba178c99eebc,5,5,18,18,1
5,PRIME_TINY,3,stress-5-PRIME_TINY-t4,forced_01,sha256:3f9ce51739c657e7889cda6d83fed85e2d59b6517e24afccb30e6e2ee8ebfead,5,0,1,1,1
5,PRIME_TINY,3,stress-5-PRIME_TINY-t4,forced_01,sha256:3f9ce51739c657e7889cda6d83fed85e2d59b6517e24afccb30e6e2ee8ebfead,5,1,4,4,1
5,PRIME_TINY,3,stress-5-PRIME_TINY-t4,forced_01,sha256:3f9ce51739c657e7889cda6d83fed85e2d59b6517e24afccb30e6e2ee8ebfead,5,2,7,7,1
5,PRIME_TINY,3,stress-5-PRIME_TINY-t4,forced_01,sha256:3f9ce51739c657e7889cda6d83fed85e2d59b6517e24afccb30e6e2ee8ebfead,5,3,10,10,1
5,PRIME_TINY,3,stress-5-PRIME_TINY-t4,forced_01,sha256:3f9ce51739c657e7889cda6d83fed85e2d59b6517e24afccb30e6e2ee8ebfead,5,4,13,13,1
5,PRIME_TINY,3,stress-5-PRIME_TINY-t4,forced_01,sha256:3f9ce51739c657e7889cda6d83fed85e2d59b6517e24afccb30e6e2ee8ebfead,5,5,18,18,1
5,PRIME_MERSENNE_61,2305843009213693951,stress-5-PRIME_MERSENNE_61-t0,forced_01,sha256:a001bed5734800bb51c4c50339c685030e4ddcf68179cca46c33ab8583aa257b,5,0,1,1,1
5,PRIME_MERSENNE_61,2305843009213693951,stress-5-PRIME_MERSENNE_61-t0,forced_01,sha256:a001bed5734800bb51c4c50339c685030e4ddcf68179cca46c33ab8583aa257b,5,1,4,4,1
5,PRIME_MERSENNE_61,2305843009213693951,stress-5-PRIME_MERSENNE_61-t0,forced_01,sha256:a001bed5734800bb51c4c50339c685030e4ddcf68179cca46c33ab8583aa257b,5,2,7,7,1
5,PRIME_MERSENNE_61,2305843009213693951,stress-5-PRIME_MERSENNE_61-t0,forced_01,sha256:a001bed5734800bb51c4c50339c685030e4ddcf68179cca46c33ab8583aa257b,5,3,10,10,1
5,PRIME_MERSENNE_61,2305843009213693951,stress-5-PRIME_MERSENNE_61-t0,forced_01,sha256:a001bed5734800bb51c4c50339c685030e4ddcf68179cca46c33ab8583aa257b,5,4,13,13,1
5,PRIME_MERSENNE_61,2305843009213693951,stress-5-PRIME_MERSENNE_61-t0,forced_01,sha256:a001bed5734800bb51c4c50339c685030e4ddcf68179cca46c33ab8583aa257b,5,5,18,18,1
5,PRIME_MERSENNE_61,2305843009213693951,stress-5-PRIME_MERSENNE_61-t1,forced_01,sha256:ff42c4e7c140d218923c3ad9f4d30b3a825964d66d8c21ec0a16d1433c2f84dd,5,0,1,1,1
5,PRIME_MERSENNE_61,2305843009213693951,stress-5-PRIME_MERSENNE_61-t1,forced_01,sha256:ff42c4e7c140d218923c3ad9f4d30b3a825964d66d8c21ec0a16d1433c2f84dd,5,1,4,4,1
5,PRIME_MERSENNE_61,2305843009213693951,stress-5-PRIME_MERSENNE_61-t1,forced_01,sha256:ff42c4e7c140d218923c3ad9f4d30b3a825964d66d8c21ec0a16d1433c2f84dd,5,2,7,7,1
5,PRIME_MERSENNE_61,2305843009213693951,stress-5-PRIME_MERSENNE_61-t1,forced_01,sha256:ff42c4e7c140d218923c3ad9f4d30b3a825964d66d8c21ec0a16d1433c2f84dd,5,3,10,10,1
5,PRIME_MERSENNE_61,2305843009213693951,stress-5-PRIME_MERSENNE_61-t1,forced_01,sha256:ff42c4e7c140d218923c3ad9f4d30b3a825964d66d8c21ec0a16d1433c2f84dd,5,4,13,13,1
5,PRIME_MERSENNE_61,2305843009213693951,stress-5-PRIME_MERSENNE_61-t1,forced_01,sha256:ff42c4e7c140d218923c3ad9f4d30b3a825964d66d8c21ec0a16d1433c2f84dd,5,5,18,18,1
5,PRIME_MERSENNE_61,2305843009213693951,stress-5-PRIME_MERSENNE_61-t2,forced_01,sha256:870c9da06b05df9ac5a0def247a33b25ffa4b05f8434a25ebea1ead94fc4f6ba,5,0,1,1,1
5,PRIME_MERSENNE_61,2305843009213693951,stress-5-PRIME_MERSENNE_61-t2,forced_01,sha256:870c9da06b05df9ac5a0def247a33b25ffa4b05f8434a25ebea1ead94fc4f6ba,5,1,4,4,1
5,PRIME_MERSENNE_61,2305843009213693951,stress-5-PRIME_MERSENNE_61-t2,forced_01,sha256:870c9da06b05df9ac5a0def247a33b25ffa4b05f8434a25ebea1ead94fc4f6ba,5,2,7,7,1
5,PRIME_MERSENNE_61,2305843009213693951,stress-5-PRIME_MERSENNE_61-t2,forced_01,sha256:870c9da06b05df9ac5a0def247a33b25ffa4b05f8434a25ebea1ead94fc4f6ba,5,3,10,10,1
5,PRIME_MERSENNE_61,2305843009213693951,stress-5-PRIME_MERSENNE_61-t2,forced_01,sha256:870c9da06b05df9ac5a0def247a33b25ffa4b05f8434a25ebea1ead94fc4f6ba,5,4,13,13,1
5,PRIME_MERSENNE_61,2305843009213693951,stress-5-PRIME_MERSENNE_61-t2,forced_01,sha256:870c9da06b05df9ac5a0def247a33b25ffa4b05f8434a25ebea1ead94fc4f6ba,5,5,18,18,1
5,PRIME_MERSENNE_61,2305843009213693951,stress-5-PRIME_MERSENNE_61-t3,forced_01,sha256:342ae388636f2a154d672734ddf2dd6b3d250a86dc6ac8e15ab3c7f59c5a6a98,5,0,1,1,1
5,PRIME_MERSENNE_61,2305843009213693951,stress-5-PRIME_MERSENNE_61-t3,forced_01,sha256:342ae388636f2a154d672734ddf2dd6b3d250a86dc6ac8e15ab3c7f59c5a6a98,5,1,4,4,1
5,PRIME_MERSENNE_61,2305843009213693951,stress-5-PRIME_MERSENNE_61-t3,forced_01,sha256:342ae388636f2a154d672734ddf2dd6b3d250a86dc6ac8e15ab3c7f59c5a6a98,5,2,7,7,1
5,PRIME_MERSENNE_61,2305843009213693951,stress-5-PRIME_MERSENNE_61-t3,forced_01,sha256:342ae388636f2a154d672734ddf2dd6b3d250a86dc6ac8e15ab3c7f59c5a6a98,5,3,10,10,1
5,PRIME_MERSENNE_61,2305843009213693951,stress-5-PRIME_MERSENNE_61-t3,forced_01,sha256:342ae388636f2a154d672734ddf2dd6b3d250a86dc6ac8e15ab3c7f59c5a6a98,5,4,13,13,1
5,PRIME_MERSENNE_61,2305843009213693951,stress-5-PRIME_MERSENNE_61-t3,forced_01,sha256:342ae388636f2a154d672734ddf2dd6b3d250a86dc6ac8e15ab3c7f59c5a6a98,5,5,18,18,1
5,PRIME_MERSENNE_61,2305843009213693951,stress-5-PRIME_MERSENNE_61-t4,forced_01,sha256:ed73760ed5c09a169ca3d039465c8d5d4e55f3c8bd6d3005189143159834d4af,5,0,1,1,1
5,PRIME_MERSENNE_61,2305843009213693951,stress-5-PRIME_MERSENNE_61-t4,forced_01,sha256:ed73760ed5c09a169ca3d039465c8d5d4e55f3c8bd6d3005189143159834d4af,5,1,4,4,1
5,PRIME_MERSENNE_61,2305843009213693951,stress-5-PRIME_MERSENNE_61-t4,forced_01,sha256:ed73760ed5c09a169ca3d039465c8d5d4e55f3c8bd6d3005189143159834d4af,5,2,7,7,1
5,PRIME_MERSENNE_61,2305843009213693951,stress-5-PRIME_MERSENNE_61-t4,forced_01,sha256:ed73760ed5c09a169ca3d039465c8d5d4e55f3c8bd6d3005189143159834d4af,5,3,10,10,1
5,PRIME_MERSENNE_61,2305843009213693951,stress-5-PRIME_MERSENNE_61-t4,forced_01,sha256:ed73760ed5c09a169ca3d039465c8d5d4e55f3c8bd6d3005189143159834d4af,5,4,13,13,1
5,PRIME_MERSENNE_61,2305843009213693951,stress-5-PRIME_MERSENNE_61-t4,forced_01,sha256:ed73760ed5c09a169ca3d039465c8d5d4e55f3c8bd6d3005189143159834d4af,5,5,18,18,1
5,PRIME_RANDOM_61,2305843009213693967,stress-5-PRIME_RANDOM_61-t0,forced_01,sha256:776491eee7ca67b1ff0785a30002ab0e66f0a2467f0f16a8f62f9312d7cd0d5e,5,0,1,1,1
5,PRIME_RANDOM_61,2305843009213693967,stress-5-PRIME_RANDOM_61-t0,forced_01,sha256:776491eee7ca67b1ff0785a30002ab0e66f0a2467f0f16a8f62f9312d7cd0d5e,5,1,4,4,1
5,PRIME_RANDOM_61,2305843009213693967,stress-5-PRIME_RANDOM_61-t0,forced_01,sha256:776491eee7ca67b1ff0785a30002ab0e66f0a2467f0f16a8f62f9312d7cd0d5e,5,2,7,7,1
5,PRIME_RANDOM_61,2305843009213693967,stress-5-PRIME_RANDOM_61-t0,forced_01,sha256:776491eee7ca67b1ff0785a30002ab0e66f0a2467f0f16a8f62f9312d7cd0d5e,5,3,10,10,1
5,PRIME_RANDOM_61,2305843009213693967,stress-5-PRIME_RANDOM_61-t0,forced_01,sha256:776491eee7ca67b1ff0785a30002ab0e66f0a2467f0f16a8f62f9312d7cd0d5e,5,4,13,13,1
5,PRIME_RANDOM_61,2305843009213693967,stress-5-PRIME_RANDOM_61-t0,forced_01,sha256:776491eee7ca67b1ff0785a30002ab0e66f0a2467f0f16a8f62f9312d7cd0d5e,5,5,18,18,1
5,PRIME_RANDOM_61,2305843009213693967,stress-5-PRIME_RANDOM_61-t1,forced_01,sha256:26b1abe2fb14273149ed3889fd86c19f0afe095198fe50bba3f88dafd4a2d3fc,5,0,1,1,1
5,PRIME_RANDOM_61,2305843009213693967,stress-5-PRIME_RANDOM_61-t1,forced_01,sha256:26b1abe2fb14273149ed3889fd86c19f0afe095198fe50bba3f88dafd4a2d3fc,5,1,4,4,1
5,PRIME_RANDOM_61,2305843009213693967,stress-5-PRIME_RANDOM_61-t1,forced_01,sha256:26b1abe2fb14273149ed3889fd86c19f0afe095198fe50bba3f88dafd4a2d3fc,5,2,7,7,1
5,PRIME_RANDOM_61,2305843009213693967,stress-5-PRIME_RANDOM_61-t1,forced_01,sha256:26b1abe2fb14273149ed3889fd86c19f0afe095198fe50bba3f88dafd4a2d3fc,5,3,10,10,1
5,PRIME_RANDOM_61,2305843009213693967,stress-5-PRIME_RANDOM_61-t1,forced_01,sha256:26b1abe2fb14273149ed3889fd86c19f0afe095198fe50bba3f88dafd4a2d3fc,5,4,13,13,1
5,PRIME_RANDOM_61,2305843009213693967,stress-5-PRIME_RANDOM_61-t1,forced_01,sha256:26b1abe2fb14273149ed3889fd86c19f0afe095198fe50bba3f88dafd4a2d3fc,5,5,18,18,1
5,PRIME_RANDOM_61,2305843009213693967,stress-5-PRIME_RANDOM_61-t2,forced_01,sha256:6e6a80ded97313352b0ba7ccd991fee0a8027417205cd9200d61eff6822b7328,5,0,1,1,1
5,PRIME_RANDOM_61,2305843009213693967,stress-5-PRIME_RANDOM_61-t2,forced_01,sha256:6e6a80ded97313352b0ba7ccd991fee0a8027417205cd9200d61eff6822b7328,5,1,4,4,1
5,PRIME_RANDOM_61,2305843009213693967,stress-5-PRIME_RANDOM_61-t2,forced_01,sha256:6e6a80ded97313352b0ba7ccd991fee0a8027417205cd9200d61eff6822b7328,5,2,7,7,1
5,PRIME_RANDOM_61,2305843009213693967,stress-5-PRIME_RANDOM_61-t2,forced_01,sha256:6e6a80ded97313352b0ba7ccd991fee0a8027417205cd9200d61eff6822b7328,5,3,10,10,1
5,PRIME_RANDOM_61,2305843009213693967,stress-5-PRIME_RANDOM_61-t2,forced_01,sha256:6e6a80ded97313352b0ba7ccd991fee0a8027417205cd9200d61eff6822b7328,5,4,13,13,1
5,PRIME_RANDOM_61,2305843009213693967,stress-5-PRIME_RANDOM_61-t2,forced_01,sha256:6e6a80ded97313352b0ba7ccd991fee0a8027417205cd9200d61eff6822b7328,5,5,18,18,1
5,PRIME_RANDOM_61,2305843009213693967,stress-5-PRIME_RANDOM_61-t3,forced_01,sha256:cf22397eb9ee557d2457a6db5c831d994d1b5e449fcb47544650303815d6a8fc,5,0,1,1,1
5,PRIME_RANDOM_61,2305843009213693967,stress-5-PRIME_RANDOM_61-t3,forced_01,sha256:cf22397eb9ee557d2457a6db5c831d994d1b5e449fcb47544650303815d6a8fc,5,1,4,4,1
5,PRIME_RANDOM_61,2305843009213693967,stress-5-PRIME_RANDOM_61-t3,forced_01,sha256:cf22397eb9ee557d2457a6db5c831d994d1b5e449fcb47544650303815d6a8fc,5,2,7,7,1
5,PRIME_RANDOM_61,2305843009213693967,stress-5-PRIME_RANDOM_61-t3,forced_01,sha256:cf22397eb9ee557d2457a6db5c831d994d1b5e449fcb47544650303815d6a8fc,5,3,10,10,1
5,PRIME_RANDOM_61,2305843009213693967,stress-5-PRIME_RANDOM_61-t3,forced_01,sha256:cf22397eb9ee557d2457a6db5c831d994d1b5e449fcb47544650303815d6a8fc,5,4,13,13,1
5,PRIME_RANDOM_61,2305843009213693967,stress-5-PRIME_RANDOM_61-t3,forced_01,sha256:cf22397eb9ee557d2457a6db5c831d994d1b5e449fcb47544650303815d6a8fc,5,5,18,18,1
5,PRIME_RANDOM_61,2305843009213693967,stress-5-PRIME_RANDOM_61-t4,forced_01,sha256:e514cc4d260e6787c8a7a6182f4a0633a9aea437b2367bdf9ee7b66a49ba3c62,5,0,1,1,1
5,PRIME_RANDOM_61,2305843009213693967,stress-5-PRIME_RANDOM_61-t4,forced_01,sha256:e514cc4d260e6787c8a7a6182f4a0633a9aea437b2367bdf9ee7b66a49ba3c62,5,1,4,4,1
5,PRIME_RANDOM_61,2305843009213693967,stress-5-PRIME_RANDOM_61-t4,forced_01,sha256:e514cc4d260e6787c8a7a6182f4a0633a9aea437b2367bdf9ee7b66a49ba3c62,5,2,7,7,1
5,PRIME_RANDOM_61,2305843009213693967,stress-5-PRIME_RANDOM_61-t4,forced_01,sha256:e514cc4d260e6787c8a7a6182f4a0633a9aea437b2367bdf9ee7b66a49ba3c62,5,3,10,10,1
5,PRIME_RANDOM_61,2305843009213693967,stress-5-PRIME_RANDOM_61-t4,forced_01,sha256:e514cc4d260e6787c8a7a6182f4a0633a9aea437b2367bdf9ee7b66a49ba3c62,5,4,13,13,1
5,PRIME_RANDOM_61,2305843009213693967,stress-5-PRIME_RANDOM_61-t4,forced_01,sha256:e514cc4d260e6787c8a7a6182f4a0633a9aea437b2367bdf9ee7b66a49ba3c62,5,5,18,18,1
6,PRIME_TINY,3,stress-6-PRIME_TINY-t0,forced_01,sha256:e1ca1b5e7ec9f4bbfd8da038711e3c3a52df3fdc06becb4d0880e0f9cbf00971,6,0,1,1,1
6,PRIME_TINY,3,stress-6-PRIME_TINY-t0,forced_01,sha256:e1ca1b5e7ec9f4bbfd8da038711e3c3a52df3fdc06becb4d0880e0f9cbf00971,6,1,4,4,1
6,PRIME_TINY,3,stress-6-PRIME_TINY-t0,forced_01,sha256:e1ca1b5e7ec9f4bbfd8da038711e3c3a52df3fdc06becb4d0880e0f9cbf00971,6,2,7,7,1
6,PRIME_TINY,3,stress-6-PRIME_TINY-t0,forced_01,sha256:e1ca1b5e7ec9f4bbfd8da038711e3c3a52df3fdc06becb4d0880e0f9cbf00971,6,3,10,10,1
6,PRIME_TINY,3,stress-6-PRIME_TINY-t0,forced_01,sha256:e1ca1b5e7ec9f4bbfd8da038711e3c3a52df3fdc06becb4d0880e0f9cbf00971,6,4,13,13,1
6,PRIME_TINY,3,stress-6-PRIME_TINY-t0,forced_01,sha256:e1ca1b5e7ec9f4bbfd8da038711e3c3a52df3fdc06becb4d0880e0f9cbf00971,6,5,16,16,1
6,PRIME_TINY,3,stress-6-PRIME_TINY-t0,forced_01,sha256:e1ca1b5e7ec9f4bbfd8da038711e3c3a52df3fdc06becb4d0880e0f9cbf00971,6,6,21,21,1
6,PRIME_TINY,3,stress-6-PRIME_TINY-t1,forced_01,sha256:93de9ce77821a4dddac2a7c397147e2943d332ec5d2c771b081078671663752f,6,0,1,1,1
6,PRIME_TINY,3,stress-6-PRIME_TINY-t1,forced_01,sha256:93de9ce77821a4dddac2a7c397147e2943d332ec5d2c771b081078671663752f,6,1,4,4,1
6,PRIME_TINY,3,stress-6-PRIME_TINY-t1,forced_01,sha256:93de9ce77821a4dddac2a7c397147e2943d332ec5d2c771b081078671663752f,6,2,7,7,1
6,PRIME_TINY,3,stress-6-PRIME_TINY-t1,forced_01,sha256:93de9ce77821a4dddac2a7c397147e2943d332ec5d2c771b081078671663752f,6,3,10,10,1
6,PRIME_TINY,3,stress-6-PRIME_TINY-t1,forced_01,sha256:93de9ce77821a4dddac2a7c397147e2943d332ec5d2c771b081078671663752f,6,4,13,13,1
6,PRIME_TINY,3,stress-6-PRIME_TINY-t1,forced_01,sha256:93de9ce77821a4dddac2a7c397147e2943d332ec5d2c771b081078671663752f,6,5,16,16,1
6,PRIME_TINY,3,stress-6-PRIME_TINY-t1,forced_01,sha256:93de9ce77821a4dddac2a7c397147e2943d332ec5d2c771b081078671663752f,6,6,21,21,1
6,PRIME_TINY,3,stress-6-PRIME_TINY-t2,forced_01,sha256:b38419d3d903524213ea0c0fc8ef2ffd85682e17113397ce5c2bad200defab64,6,0,1,1,1
6,PRIME_TINY,3,stress-6-PRIME_TINY-t2,forced_01,sha256:b38419d3d903524213ea0c0fc8ef2ffd85682e17113397ce5c2bad200defab64,6,1,4,4,1
6,PRIME_TINY,3,stress-6-PRIME_TINY-t2,forced_01,sha256:b38419d3d903524213ea0c0fc8ef2ffd85682e17113397ce5c2bad200defab64,6,2,7,7,1
6,PRIME_TINY,3,stress-6-PRIME_TINY-t2,forced_01,sha256:b38419d3d903524213ea0c0fc8ef2ffd85682e17113397ce5c2bad200defab64,6,3,10,10,1
6,PRIME_TINY,3,stress-6-PRIME_TINY-t2,forced_01,sha256:b38419d3d903524213ea0c0fc8ef2ffd85682e17113397ce5c2bad200defab64,6,4,13,13,1
6,PRIME_TINY,3,stress-6-PRIME_TINY-t2,forced_01,sha256:b38419d3d903524213ea0c0fc8ef2ffd85682e17113397ce5c2bad200defab64,6,5,16,16,1
6,PRIME_TINY,3,stress-6-PRIME_TINY-t2,forced_01,sha256:b38419d3d903524213ea0c0fc8ef2ffd85682e17113397ce5c2bad200defab64,6,6,21,21,1
6,PRIME_TINY,3,stress-6-PRIME_TINY-t3,forced_01,sha256:a3eb52097480018f59e02828a7d1397dd8a928ca122b26239f589f2af1296b1a,6,0,1,1,1
6,PRIME_TINY,3,stress-6-PRIME_TINY-t3,forced_01,sha256:a3eb52097480018f59e02828a7d1397dd8a928ca122b26239f589f2af1296b1a,6,1,4,4,1
6,PRIME_TINY,3,stress-6-PRIME_TINY-t3,forced_01,sha256:a3eb52097480018f59e02828a7d1397dd8a928ca122b26239f589f2af1296b1a,6,2,7,7,1
6,PRIME_TINY,3,stress-6-PRIME_TINY-t3,forced_01,sha256:a3eb52097480018f59e02828a7d1397dd8a928ca122b26239f589f2af1296b1a,6,3,10,10,1
6,PRIME_TINY,3,stress-6-PRIME_TINY-t3,forced_01,sha256:a3eb52097480018f59e02828a7d1397dd8a928ca122b26239f589f2af1296b1a,6,4,13,13,1
6,PRIME_TINY,3,stress-6-PRIME_TINY-t3,forced_01,sha256:a3eb52097480018f59e02828a7d1397dd8a928ca122b26239f589f2af1296b1a,6,5,16,16,1
6,PRIME_TINY,3,stress-6-PRIME_TINY-t3,forced_01,sha256:a3eb52097480018f59e02828a7d1397dd8a928ca122b26239f589f2af1296b1a,6,6,21,21,1
6,PRIME_TINY,3,stress-6-PRIME_TINY-t4,forced_01,sha256:85fc45853db4670cbaa82c565d29abed937b8849d9c8abc99dad557d6906d07e,6,0,1,1,1
6,PRIME_TINY,3,stress-6-PRIME_TINY-t4,forced_01,sha256:85fc45853db4670cbaa82c565d29abed937b8849d9c8abc99dad557d6906d07e,6,1,4,4,1
6,PRIME_TINY,3,stress-6-PRIME_TINY-t4,forced_01,sha256:85fc45853db4670cbaa82c565d29abed937b8849d9c8abc99dad557d6906d07e,6,2,7,7,1
6,PRIME_TINY,3,stress-6-PRIME_TINY-t4,forced_01,sha256:85fc45853db4670cbaa82c565d29abed937b8849d9c8abc99dad557d6906d07e,6,3,10,10,1
6,PRIME_TINY,3,stress-6-PRIME_TINY-t4,forced_01,sha256:85fc45853db4670cbaa82c565d29abed937b8849d9c8abc99dad557d6906d07e,6,4,13,13,1
6,PRIME_TINY,3,stress-6-PRIME_TINY-t4,forced_01,sha256:85fc45853db4670cbaa82c565d29abed937b8849d9c8abc99dad557d6906d07e,6,5,16,16,1
6,PRIME_TINY,3,stress-6-PRIME_TINY-t4,forced_01,sha256:85fc45853db4670cbaa82c565d29abed937b8849d9c8abc99dad557d6906d07e,6,6,21,21,1
6,PRIME_MERSENNE_61,2305843009213693951,stress-6-PRIME_MERSENNE_61-t0,forced_01,sha256:f67103a8429d77179b41f0ea0f9d983668f0e9a5950e39c4849ade2fb7361d1b,6,0,1,1,1
6,PRIME_MERSENNE_61,2305843009213693951,stress-6-PRIME_MERSENNE_61-t0,forced_01,sha256:f67103a8429d77179b41f0ea0f9d983668f0e9a5950e39c4849ade2fb7361d1b,6,1,4,4,1
6,PRIME_MERSENNE_61,2305843009213693951,stress-6-PRIME_MERSENNE_61-t0,forced_01,sha256:f67103a8429d77179b41f0ea0f9d983668f0e9a5950e39c4849ade2fb7361d1b,6,2,7,7,1
6,PRIME_MERSENNE_61,2305843009213693951,stress-6-PRIME_MERSENNE_61-t0,forced_01,sha256:f67103a8429d77179b41f0ea0f9d983668f0e9a5950e39c4849ade2fb7361d1b,6,3,10,10,1
6,PRIME_MERSENNE_61,2305843009213693951,stress-6-PRIME_MERSENNE_61-t0,forced_01,sha256:f67103a8429d77179b41f0ea0f9d983668f0e9a5950e39c4849ade2fb7361d1b,6,4,13,13,1
6,PRIME_MERSENNE_61,2305843009213693951,stress-6-PRIME_MERSENNE_61-t0,forced_01,sha256:f67103a8429d77179b41f0ea0f9d983668f0e9a5950e39c4849ade2fb7361d1b,6,5,16,16,1
6,PRIME_MERSENNE_61,2305843009213693951,stress-6-PRIME_MERSENNE_61-t0,forced_01,sha256:f67103a8429d77179b41f0ea0f9d983668f0e9a5950e39c4849ade2fb7361d1b,6,6,21,21,1
6,PRIME_MERSENNE_61,2305843009213693951,stress-6-PRIME_MERSENNE_61-t1,forced_01,sha256:6750328f5760dd79b945798479f06e7d6ae2402c96ca9b35fd4873eb7b6ca2bb,6,0,1,1,1
6,PRIME_MERSENNE_61,2305843009213693951,stress-6-PRIME_MERSENNE_61-t1,forced_01,sha256:6750328f5760dd79b945798479f06e7d6ae2402c96ca9b35fd4873eb7b6ca2bb,6,1,4,4,1
6,PRIME_MERSENNE_61,2305843009213693951,stress-6-PRIME_MERSENNE_61-t1,forced_01,sha256:6750328f5760dd79b945798479f06e7d6ae2402c96ca9b35fd4873eb7b6ca2bb,6,2,7,7,1
6,PRIME_MERSENNE_61,2305843009213693951,stress-6-PRIME_MERSENNE_61-t1,forced_01,sha256:6750328f5760dd79b945798479f06e7d6ae2402c96ca9b35fd4873eb7b6ca2bb,6,3,10,10,1
6,PRIME_MERSENNE_61,2305843009213693951,stress-6-PRIME_MERSENNE_61-t1,forced_01,sha256:6750328f5760dd79b945798479f06e7d6ae2402c96ca9b35fd4873eb7b6ca2bb,6,4,13,13,1
6,PRIME_MERSENNE_61,2305843009213693951,stress-6-PRIME_MERSENNE_61-t1,forced_01,sha256:6750328f5760dd79b945798479f06e7d6ae2402c96ca9b35fd4873eb7b6ca2bb,6,5,16,16,1
6,PRIME_MERSENNE_61,2305843009213693951,stress-6-PRIME_MERSENNE_61-t1,forced_01,sha256:6750328f5760dd79b945798479f06e7d6ae2402c96ca9b35fd4873eb7b6ca2bb,6,6,21,21,1
6,PRIME_MERSENNE_61,2305843009213693951,stress-6-PRIME_MERSENNE_61-t2,forced_01,sha256:d8475b12c64d079e8eff92bc28a0e5d5b3470e6480f83df953fd2fdf63cdcca4,6,0,1,1,1
6,PRIME_MERSENNE_61,2305843009213693951,stress-6-PRIME_MERSENNE_61-t2,forced_01,sha256:d8475b12c64d079e8eff92bc28a0e5d5b3470e6480f83df953fd2fdf63cdcca4,6,1,4,4,1
6,PRIME_MERSENNE_61,2305843009213693951,stress-6-PRIME_MERSENNE_61-t2,forced_01,sha256:d8475b12c64d079e8eff92bc28a0e5d5b3470e6480f83df953fd2fdf63cdcca4,6,2,7,7,1
6,PRIME_MERSENNE_61,2305843009213693951,stress-6-PRIME_MERSENNE_61-t2,forced_01,sha256:d8475b12c64d079e8eff92bc28a0e5d5b3470e6480f83df953fd2fdf63cdcca4,6,3,10,10,1
6,PRIME_MERSENNE_61,2305843009213693951,stress-6-PRIME_MERSENNE_61-t2,forced_01,sha256:d8475b12c64d079e8eff92bc28a0e5d5b3470e6480f83df953fd2fdf63cdcca4,6,4,13,13,1
6,PRIME_MERSENNE_61,2305843009213693951,stress-6-PRIME_MERSENNE_61-t2,forced_01,sha256:d8475b12c64d079e8eff92bc28a0e5d5b3470e6480f83df953fd2fdf63cdcca4,6,5,16,16,1
6,PRIME_MERSENNE_61,2305843009213693951,stress-6-PRIME_MERSENNE_61-t2,forced_01,sha256:d8475b12c64d079e8eff92bc28a0e5d5b3470e6480f83df953fd2fdf63cdcca4,6,6,21,21,1
6,PRIME_MERSENNE_61,2305843009213693951,stress-6-PRIME_MERSENNE_61-t3,forced_01,sha256:960d0a7d14cd6c251f8d6f3ed4c5ec6f5c928c92c858967767b1dd7e49aabc36,6,0,1,1,1
6,PRIME_MERSENNE_61,2305843009213693951,stress-6-PRIME_MERSENNE_61-t3,forced_01,sha256:960d0a7d14cd6c251f8d6f3ed4c5ec6f5c928c92c858967767b1dd7e49aabc36,6,1,4,4,1
6,PRIME_MERSENNE_61,2305843009213693951,stress-6-PRIME_MERSENNE_61-t3,forced_01,sha256:960d0a7d14cd6c251f8d6f3ed4c5ec6f5c928c92c858967767b1dd7e49aabc36,6,2,7,7,1
6,PRIME_MERSENNE_61,2305843009213693951,stress-6-PRIME_MERSENNE_61-t3,forced_01,sha256:960d0a7d14cd6c251f8d6f3ed4c5ec6f5c928c92c858967767b1dd7e49aabc36,6,3,10,10,1
6,PRIME_MERSENNE_61,2305843009213693951,stress-6-PRIME_MERSENNE_61-t3,forced_01,sha256:960d0a7d14cd6c251f8d6f3ed4c5ec6f5c928c92c858967767b1dd7e49aabc36,6,4,13,13,1
6,PRIME_MERSENNE_61,2305843009213693951,stress-6-PRIME_MERSENNE_61-t3,forced_01,sha256:960d0a7d14cd6c251f8d6f3ed4c5ec6f5c928c92c858967767b1dd7e49aabc36,6,5,16,16,1
6,PRIME_MERSENNE_61,2305843009213693951,stress-6-PRIME_MERSENNE_61-t3,forced_01,sha256:960d0a7d14cd6c251f8d6f3ed4c5ec6f5c928c92c858967767b1dd7e49aabc36,6,6,21,21,1
6,PRIME_MERSENNE_61,2305843009213693951,stress-6-PRIME_MERSENNE_61-t4,forced_01,sha256:3b32a87170a0d3d691ea184d77675a06baeea1991091dd60ad68d007128d202c,6,0,1,1,1
6,PRIME_MERSENNE_61,2305843009213693951,stress-6-PRIME_MERSENNE_61-t4,forced_01,sha256:3b32a87170a0d3d691ea184d77675a06baeea1991091dd60ad68d007128d202c,6,1,4,4,1
6,PRIME_MERSENNE_61,2305843009213693951,stress-6-PRIME_MERSENNE_61-t4,forced_01,sha256:3b32a87170a0d3d691ea184d77675a06baeea1991091dd60ad68d007128d202c,6,2,7,7,1
6,PRIME_MERSENNE_61,2305843009213693951,stress-6-PRIME_MERSENNE_61-t4,forced_01,sha256:3b32a87170a0d3d691ea184d77675a06baeea1991091dd60ad68d007128d202c,6,3,10,10,1
6,PRIME_MERSENNE_61,2305843009213693951,stress-6-PRIME_MERSENNE_61-t4,forced_01,sha256:3b32a87170a0d3d691ea184d77675a06baeea1991091dd60ad68d007128d202c,6,4,13,13,1
6,PRIME_MERSENNE_61,2305843009213693951,stress-6-PRIME_MERSENNE_61-t4,forced_01,sha256:3b32a87170a0d3d691ea184d77675a06baeea1991091dd60ad68d007128d202c,6,5,16,16,1
6,PRIME_MERSENNE_61,2305843009213693951,stress-6-PRIME_MERSENNE_61-t4,forced_01,sha256:3b32a87170a0d3d691ea184d77675a06baeea1991091dd60ad68d007128d202c,6,6,21,21,1
6,PRIME_RANDOM_61,2305843009213693967,stress-6-PRIME_RANDOM_61-t0,forced_01,sha256:db8046a840c74548e4d60d957e4ece6df9f3095ac9f0ae287a2373a3e070a786,6,0,1,1,1
6,PRIME_RANDOM_61,2305843009213693967,stress-6-PRIME_RANDOM_61-t0,forced_01,sha256:db8046a840c74548e4d60d957e4ece6df9f3095ac9f0ae287a2373a3e070a786,6,1,4,4,1
6,PRIME_RANDOM_61,2305843009213693967,stress-6-PRIME_RANDOM_61-t0,forced_01,sha256:db8046a840c74548e4d60d957e4ece6df9f3095ac9f0ae287a2373a3e070a786,6,2,7,7,1
6,PRIME_RANDOM_61,2305843009213693967,stress-6-PRIME_RANDOM_61-t0,forced_01,sha256:db8046a840c74548e4d60d957e4ece6df9f3095ac9f0ae287a2373a3e070a786,6,3,10,10,1
6,PRIME_RANDOM_61,2305843009213693967,stress-6-PRIME_RANDOM_61-t0,forced_01,sha256:db8046a840c74548e4d60d957e4ece6df9f3095ac9f0ae287a2373a3e070a786,6,4,13,13,1
6,PRIME_RANDOM_61,2305843009213693967,stress-6-PRIME_RANDOM_61-t0,forced_01,sha256:db8046a840c74548e4d60d957e4ece6df9f3095ac9f0ae287a2373a3e070a786,6,5,16,16,1
6,PRIME_RANDOM_61,2305843009213693967,stress-6-PRIME_RANDOM_61-t0,forced_01,sha256:db8046a840c74548e4d60d957e4ece6df9f3095ac9f0ae287a2373a3e070a786,6,6,21,21,1
6,PRIME_RANDOM_61,2305843009213693967,stress-6-PRIME_RANDOM_61-t1,forced_01,sha256:62462492c82e073e87a97d8c46984f6ba99c3bae152f13f9aed0a093de3b6bd1,6,0,1,1,1
6,PRIME_RANDOM_61,2305843009213693967,stress-6-PRIME_RANDOM_61-t1,forced_01,sha256:62462492c82e073e87a97d8c46984f6ba99c3bae152f13f9aed0a093de3b6bd1,6,1,4,4,1
6,PRIME_RANDOM_61,2305843009213693967,stress-6-PRIME_RANDOM_61-t1,forced_01,sha256:62462492c82e073e87a97d8c46984f6ba99c3bae152f13f9aed0a093de3b6bd1,6,2,7,7,1
6,PRIME_RANDOM_61,2305843009213693967,stress-6-PRIME_RANDOM_61-t1,forced_01,sha256:62462492c82e073e87a97d8c46984f6ba99c3bae152f13f9aed0a093de3b6bd1,6,3,10,10,1
6,PRIME_RANDOM_61,2305843009213693967,stress-6-PRIME_RANDOM_61-t1,forced_01,sha256:62462492c82e073e87a97d8c46984f6ba99c3bae152f13f9aed0a093de3b6bd1,6,4,13,13,1
6,PRIME_RANDOM_61,2305843009213693967,stress-6-PRIME_RANDOM_61-t1,forced_01,sha256:62462492c82e073e87a97d8c46984f6ba99c3bae152f13f9aed0a093de3b6bd1,6,5,16,16,1
6,PRIME_RANDOM_61,2305843009213693967,stress-6-PRIME_RANDOM_61-t1,forced_01,sha256:62462492c82e073e87a97d8c46984f6ba99c3bae152f13f9aed0a093de3b6bd1,6,6,21,21,1
6,PRIME_RANDOM_61,2305843009213693967,stress-6-PRIME_RANDOM_61-t2,forced_01,sha256:be3ccc9633fe6ab0da258ed9401c9bb4cc9e63d2fec5bd9a3819ce6a6cb16e5b,6,0,1,1,1
6,PRIME_RANDOM_61,2305843009213693967,stress-6-PRIME_RANDOM_61-t2,forced_01,sha256:be3ccc9633fe6ab0da258ed9401c9bb4cc9e63d2fec5bd9a3819ce6a6cb16e5b,6,1,4,4,1
6,PRIME_RANDOM_61,2305843009213693967,stress-6-PRIME_RANDOM_61-t2,forced_01,sha256:be3ccc9633fe6ab0da258ed9401c9bb4cc9e63d2fec5bd9a3819ce6a6cb16e5b,6,2,7,7,1
6,PRIME_RANDOM_61,2305843009213693967,stress-6-PRIME_RANDOM_61-t2,forced_01,sha256:be3ccc9633fe6ab0da258ed9401c9bb4cc9e63d2fec5bd9a3819ce6a6cb16e5b,6,3,10,10,1
6,PRIME_RANDOM_61,2305843009213693967,stress-6-PRIME_RANDOM_61-t2,forced_01,sha256:be3ccc9633fe6ab0da258ed9401c9bb4cc9e63d2fec5bd9a3819ce6a6cb16e5b,6,4,13,13,1
6,PRIME_RANDOM_61,2305843009213693967,stress-6-PRIME_RANDOM_61-t2,forced_01,sha256:be3ccc9633fe6ab0da258ed9401c9bb4cc9e63d2fec5bd9a3819ce6a6cb16e5b,6,5,16,16,1
6,PRIME_RANDOM_61,2305843009213693967,stress-6-PRIME_RANDOM_61-t2,forced_01,sha256:be3ccc9633fe6ab0da258ed9401c9bb4cc9e63d2fec5bd9a3819ce6a6cb16e5b,6,6,21,21,1
6,PRIME_RANDOM_61,2305843009213693967,stress-6-PRIME_RANDOM_61-t3,forced_01,sha256:f62865650eeca5a9ef9ecadf6211d51b9864031e77e984748588cc60a77f397c,6,0,1,1,1
6,PRIME_RANDOM_61,2305843009213693967,stress-6-PRIME_RANDOM_61-t3,forced_01,sha256:f62865650eeca5a9ef9ecadf6211d51b9864031e77e984748588cc60a77f397c,6,1,4,4,1
6,PRIME_RANDOM_61,2305843009213693967,stress-6-PRIME_RANDOM_61-t3,forced_01,sha256:f62865650eeca5a9ef9ecadf6211d51b9864031e77e984748588cc60a77f397c,6,2,7,7,1
6,PRIME_RANDOM_61,2305843009213693967,stress-6-PRIME_RANDOM_61-t3,forced_01,sha256:f62865650eeca5a9ef9ecadf6211d51b9864031e77e984748588cc60a77f397c,6,3,10,10,1
6,PRIME_RANDOM_61,2305843009213693967,stress-6-PRIME_RANDOM_61-t3,forced_01,sha256:f62865650eeca5a9ef9ecadf6211d51b9864031e77e984748588cc60a77f397c,6,4,13,13,1
6,PRIME_RANDOM_61,2305843009213693967,stress-6-PRIME_RANDOM_61-t3,forced_01,sha256:f62865650eeca5a9ef9ecadf6211d51b9864031e77e984748588cc60a77f397c,6,5,16,16,1
6,PRIME_RANDOM_61,2305843009213693967,stress-6-PRIME_RANDOM_61-t3,forced_01,sha256:f62865650eeca5a9ef9ecadf6211d51b9864031e77e984748588cc60a77f397c,6,6,21,21,1
6,PRIME_RANDOM_61,2305843009213693967,stress-6-PRIME_RANDOM_61-t4,forced_01,sha256:a4432915cd03b97fabbbe0b6d32255f962fc83c25f3626c9dc922feeb976f947,6,0,1,1,1
6,PRIME_RANDOM_61,2305843009213693967,stress-6-PRIME_RANDOM_61-t4,forced_01,sha256:a4432915cd03b97fabbbe0b6d32255f962fc83c25f3626c9dc922feeb976f947,6,1,4,4,1
6,PRIME_RANDOM_61,2305843009213693967,stress-6-PRIME_RANDOM_61-t4,forced_01,sha256:a4432915cd03b97fabbbe0b6d32255f962fc83c25f3626c9dc922feeb976f947,6,2,7,7,1
6,PRIME_RANDOM_61,2305843009213693967,stress-6-PRIME_RANDOM_61-t4,forced_01,sha256:a4432915cd03b97fabbbe0b6d32255f962fc83c25f3626c9dc922feeb976f947,6,3,10,10,1
6,PRIME_RANDOM_61,2305843009213693967,stress-6-PRIME_RANDOM_61-t4,forced_01,sha256:a4432915cd03b97fabbbe0b6d32255f962fc83c25f3626c9dc922feeb976f947,6,4,13,13,1
6,PRIME_RANDOM_61,2305843009213693967,stress-6-PRIME_RANDOM_61-t4,forced_01,sha256:a4432915cd03b97fabbbe0b6d32255f962fc83c25f3626c9dc922feeb976f947,6,5,16,16,1
6,PRIME_RANDOM_61,2305843009213693967,stress-6-PRIME_RANDOM_61-t4,forced_01,sha256:a4432915cd03b97fabbbe0b6d32255f962fc83c25f3626c9dc922feeb976f947,6,6,21,21,1
8,PRIME_TINY,3,stress-8-PRIME_TINY-t0,forced_01,sha256:3126437b20db88f7bc7348b9edf6534986e4350d4e38be3fd8480593984581a9,8,0,1,1,1
8,PRIME_TINY,3,stress-8-PRIME_TINY-t0,forced_01,sha256:3126437b20db88f7bc7348b9edf6534986e4350d4e38be3fd8480593984581a9,8,1,4,4,1
8,PRIME_TINY,3,stress-8-PRIME_TINY-t0,forced_01,sha256:3126437b20db88f7bc7348b9edf6534986e4350d4e38be3fd8480593984581a9,8,2,7,7,1
8,PRIME_TINY,3,stress-8-PRIME_TINY-t0,forced_01,sha256:3126437b20db88f7bc7348b9edf6534986e4350d4e38be3fd8480593984581a9,8,3,10,10,1
8,PRIME_TINY,3,stress-8-PRIME_TINY-t0,forced_01,sha256:3126437b20db88f7bc7348b9edf6534986e4350d4e38be3fd8480593984581a9,8,4,13,13,1
8,PRIME_TINY,3,stress-8-PRIME_TINY-t0,forced_01,sha256:3126437b20db88f7bc7348b9edf6534986e4350d4e38be3fd8480593984581a9,8,5,16,16,1
8,PRIME_TINY,3,stress-8-PRIME_TINY-t0,forced_01,sha256:3126437b20db88f7bc7348b9edf6534986e4350d4e38be3fd8480593984581a9,8,6,19,19,1
8,PRIME_TINY,3,stress-8-PRIME_TINY-t0,forced_01,sha256:3126437b20db88f7bc7348b9edf6534986e4350d4e38be3fd8480593984581a9,8,7,22,22,1
8,PRIME_TINY,3,stress-8-PRIME_TINY-t0,forced_01,sha256:3126437b20db88f7bc7348b9edf6534986e4350d4e38be3fd8480593984581a9,8,8,27,27,1
8,PRIME_TINY,3,stress-8-PRIME_TINY-t1,forced_01,sha256:0e245b24af886cf4eb156eddf6c1b6e876d012c9d199b31e249f8d67fc4275d4,8,0,1,1,1
8,PRIME_TINY,3,stress-8-PRIME_TINY-t1,forced_01,sha256:0e245b24af886cf4eb156eddf6c1b6e876d012c9d199b31e249f8d67fc4275d4,8,1,4,4,1
8,PRIME_TINY,3,stress-8-PRIME_TINY-t1,forced_01,sha256:0e245b24af886cf4eb156eddf6c1b6e876d012c9d199b31e249f8d67fc4275d4,8,2,7,7,1
8,PRIME_TINY,3,stress-8-PRIME_TINY-t1,forced_01,sha256:0e245b24af886cf4eb156eddf6c1b6e876d012c9d199b31e249f8d67fc4275d4,8,3,10,10,1
8,PRIME_TINY,3,stress-8-PRIME_TINY-t1,forced_01,sha256:0e245b24af886cf4eb156eddf6c1b6e876d012c9d199b31e249f8d67fc4275d4,8,4,13,13,1
8,PRIME_TINY,3,stress-8-PRIME_TINY-t1,forced_01,sha256:0e245b24af886cf4eb156eddf6c1b6e876d012c9d199b31e249f8d67fc4275d4,8,5,16,16,1
8,PRIME_TINY,3,stress-8-PRIME_TINY-t1,forced_01,sha256:0e245b24af886cf4eb156eddf6c1b6e876d012c9d199b31e249f8d67fc4275d4,8,6,19,19,1
8,PRIME_TINY,3,stress-8-PRIME_TINY-t1,forced_01,sha256:0e245b24af886cf4eb156eddf6c1b6e876d012c9d199b31e249f8d67fc4275d4,8,7,22,22,1
8,PRIME_TINY,3,stress-8-PRIME_TINY-t1,forced_01,sha256:0e245b24af886cf4eb156eddf6c1b6e876d012c9d199b31e249f8d67fc4275d4,8,8,27,27,1
8,PRIME_TINY,3,stress-8-PRIME_TINY-t2,forced_01,sha256:7ae0c33116ecc36ae7463c541655013dcc302b723b905c4a09a85b61404959d8,8,0,1,1,1
8,PRIME_TINY,3,stress-8-PRIME_TINY-t2,forced_01,sha256:7ae0c33116ecc36ae7463c541655013dcc302b723b905c4a09a85b61404959d8,8,1,4,4,1
8,PRIME_TINY,3,stress-8-PRIME_TINY-t2,forced_01,sha256:7ae0c33116ecc36ae7463c541655013dcc302b723b905c4a09a85b61404959d8,8,2,7,7,1
8,PRIME_TINY,3,stress-8-PRIME_TINY-t2,forced_01,sha256:7ae0c33116ecc36ae7463c541655013dcc302b723b905c4a09a85b61404959d8,8,3,10,10,1
8,PRIME_TINY,3,stress-8-PRIME_TINY-t2,forced_01,sha256:7ae0c33116ecc36ae7463c541655013dcc302b723b905c4a09a85b61404959d8,8,4,13,13,1
8,PRIME_TINY,3,stress-8-PRIME_TINY-t2,forced_01,sha256:7ae0c33116ecc36ae7463c541655013dcc302b723b905c4a09a85b61404959d8,8,5,16,16,1
8,PRIME_TINY,3,stress-8-PRIME_TINY-t2,forced_01,sha256:7ae0c33116ecc36ae7463c541655013dcc302b723b905c4a09a85b61404959d8,8,6,19,19,1
8,PRIME_TINY,3,stress-8-PRIME_TINY-t2,forced_01,sha256:7ae0c33116ecc36ae7463c541655013dcc302b723b905c4a09a85b61404959d8,8,7,22,22,1
8,PRIME_TINY,3,stress-8-PRIME_TINY-t2,forced_01,sha256:7ae0c33116ecc36ae7463c541655013dcc302b723b905c4a09a85b61404959d8,8,8,27,27,1
8,PRIME_TINY,3,stress-8-PRIME_TINY-t3,forced_01,sha256:82ac6ad8043a903f1cc2974a5273262bc9a232d58a77cae54ed2291221c1994f,8,0,1,1,1
8,PRIME_TINY,3,stress-8-PRIME_TINY-t3,forced_01,sha256:82ac6ad8043a903f1cc2974a5273262bc9a232d58a77cae54ed2291221c1994f,8,1,4,4,1
8,PRIME_TINY,3,stress-8-PRIME_TINY-t3,forced_01,sha256:82ac6ad8043a903f1cc2974a5273262bc9a232d58a77cae54ed2291221c1994f,8,2,7,7,1
8,PRIME_TINY,3,stress-8-PRIME_TINY-t3,forced_01,sha256:82ac6ad8043a903f1cc2974a5273262bc9a232d58a77cae54ed2291221c1994f,8,3,10,10,1
8,PRIME_TINY,3,stress-8-PRIME_TINY-t3,forced_01,sha256:82ac6ad8043a903f1cc2974a5273262bc9a232d58a77cae54ed2291221c1994f,8,4,13,13,1
8,PRIME_TINY,3,stress-8-PRIME_TINY-t3,forced_01,sha256:82ac6ad8043a903f1cc2974a5273262bc9a232d58a77cae54ed2291221c1994f,8,5,16,16,1
8,PRIME_TINY,3,stress-8-PRIME_TINY-t3,forced_01,sha256:82ac6ad8043a903f1cc2974a5273262bc9a232d58a77cae54ed2291221c1994f,8,6,19,19,1
8,PRIME_TINY,3,stress-8-PRIME_TINY-t3,forced_01,sha256:82ac6ad8043a903f1cc2974a5273262bc9a232d58a77cae54ed2291221c1994f,8,7,22,22,1
8,PRIME_TINY,3,stress-8-PRIME_TINY-t3,forced_01,sha256:82ac6ad8043a903f1cc2974a5273262bc9a232d58a77cae54ed2291221c1994f,8,8,27,27,1
8,PRIME_TINY,3,stress-8-PRIME_TINY-t4,forced_01,sha256:bff115f7a5fa96ddc0f0ea9a1839b373615e66c58f1f97a939aa2fe1b85af50d,8,0,1,1,1
8,PRIME_TINY,3,stress-8-PRIME_TINY-t4,forced_01,sha256:bff115f7a5fa96ddc0f0ea9a1839b373615e66c58f1f97a939aa2fe1b85af50d,8,1,4,4,1
8,PRIME_TINY,3,stress-8-PRIME_TINY-t4,forced_01,sha256:bff115f7a5fa96ddc0f0ea9a1839b373615e66c58f1f97a939aa2fe1b85af50d,8,2,7,7,1
8,PRIME_TINY,3,stress-8-PRIME_TINY-t4,forced_01,sha256:bff115f7a5fa96ddc0f0ea9a1839b373615e66c58f1f97a939aa2fe1b85af50d,8,3,10,10,1
8,PRIME_TINY,3,stress-8-PRIME_TINY-t4,forced_01,sha256:bff115f7a5fa96ddc0f0ea9a1839b373615e66c58f1f97a939aa2fe1b85af50d,8,4,13,13,1
8,PRIME_TINY,3,stress-8-PRIME_TINY-t4,forced_01,sha256:bff115f7a5fa96ddc0f0ea9a1839b373615e66c58f1f97a939aa2fe1b85af50d,8,5,16,16,1
8,PRIME_TINY,3,stress-8-PRIME_TINY-t4,forced_01,sha256:bff115f7a5fa96ddc0f0ea9a1839b373615e66c58f1f97a939aa2fe1b85af50d,8,6,19,19,1
8,PRIME_TINY,3,stress-8-PRIME_TINY-t4,forced_01,sha256:bff115f7a5fa96ddc0f0ea9a1839b373615e66c58f1f97a939aa2fe1b85af50d,8,7,22,22,1
8,PRIME_TINY,3,stress-8-PRIME_TINY-t4,forced_01,sha256:bff115f7a5fa96ddc0f0ea9a1839b373615e66c58f1f97a939aa2fe1b85af50d,8,8,27,27,1
8,PRIME_MERSENNE_61,2305843009213693951,stress-8-PRIME_MERSENNE_61-t0,forced_01,sha256:5de3199cf93fe4e06ba64d6ddcaedb2b9400da5a16c57e17af9fabed74284801,8,0,1,1,1
8,PRIME_MERSENNE_61,2305843009213693951,stress-8-PRIME_MERSENNE_61-t0,forced_01,sha256:5de3199cf93fe4e06ba64d6ddcaedb2b9400da5a16c57e17af9fabed74284801,8,1,4,4,1
8,PRIME_MERSENNE_61,2305843009213693951,stress-8-PRIME_MERSENNE_61-t0,forced_01,sha256:5de3199cf93fe4e06ba64d6ddcaedb2b9400da5a16c57e17af9fabed74284801,8,2,7,7,1
8,PRIME_MERSENNE_61,2305843009213693951,stress-8-PRIME_MERSENNE_61-t0,forced_01,sha256:5de3199cf93fe4e06ba64d6ddcaedb2b9400da5a16c57e17af9fabed74284801,8,3,10,10,1
8,PRIME_MERSENNE_61,2305843009213693951,stress-8-PRIME_MERSENNE_61-t0,forced_01,sha256:5de3199cf93fe4e06ba64d6ddcaedb2b9400da5a16c57e17af9fabed74284801,8,4,13,13,1
8,PRIME_MERSENNE_61,2305843009213693951,stress-8-PRIME_MERSENNE_61-t0,forced_01,sha256:5de3199cf93fe4e06ba64d6ddcaedb2b9400da5a16c57e17af9fabed74284801,8,5,16,16,1
8,PRIME_MERSENNE_61,2305843009213693951,stress-8-PRIME_MERSENNE_61-t0,forced_01,sha256:5de3199cf93fe4e06ba64d6ddcaedb2b9400da5a16c57e17af9fabed74284801,8,6,19,19,1
8,PRIME_MERSENNE_61,2305843009213693951,stress-8-PRIME_MERSENNE_61-t0,forced_01,sha256:5de3199cf93fe4e06ba64d6ddcaedb2b9400da5a16c57e17af9fabed74284801,8,7,22,22,1
8,PRIME_MERSENNE_61,2305843009213693951,stress-8-PRIME_MERSENNE_61-t0,forced_01,sha256:5de3199cf93fe4e06ba64d6ddcaedb2b9400da5a16c57e17af9fabed74284801,8,8,27,27,1
8,PRIME_MERSENNE_61,2305843009213693951,stress-8-PRIME_MERSENNE_61-t1,forced_01,sha256:d7e8600f76d491414a172c6dd76cd5609f912de531eddcd1866dfbfaad1ea973,8,0,1,1,1
8,PRIME_MERSENNE_61,2305843009213693951,stress-8-PRIME_MERSENNE_61-t1,forced_01,sha256:d7e8600f76d491414a172c6dd76cd5609f912de531eddcd1866dfbfaad1ea973,8,1,4,4,1
8,PRIME_MERSENNE_61,2305843009213693951,stress-8-PRIME_MERSENNE_61-t1,forced_01,sha256:d7e8600f76d491414a172c6dd76cd5609f912de531eddcd1866dfbfaad1ea973,8,2,7,7,1
8,PRIME_MERSENNE_61,2305843009213693951,stress-8-PRIME_MERSENNE_61-t1,forced_01,sha256:d7e8600f76d491414a172c6dd76cd5609f912de531eddcd1866dfbfaad1ea973,8,3,10,10,1
8,PRIME_MERSENNE_61,2305843009213693951,stress-8-PRIME_MERSENNE_61-t1,forced_01,sha256:d7e8600f76d491414a172c6dd76cd5609f912de531eddcd1866dfbfaad1ea973,8,4,13,13,1
8,PRIME_MERSENNE_61,2305843009213693951,stress-8-PRIME_MERSENNE_61-t1,forced_01,sha256:d7e8600f76d491414a172c6dd76cd5609f912de531eddcd1866dfbfaad1ea973,8,5,16,16,1
8,PRIME_MERSENNE_61,2305843009213693951,stress-8-PRIME_MERSENNE_61-t1,forced_01,sha256:d7e8600f76d491414a172c6dd76cd5609f912de531eddcd1866dfbfaad1ea973,8,6,19,19,1
8,PRIME_MERSENNE_61,2305843009213693951,stress-8-PRIME_MERSENNE_61-t1,forced_01,sha256:d7e8600f76d491414a172c6dd76cd5609f912de531eddcd1866dfbfaad1ea973,8,7,22,22,1
8,PRIME_MERSENNE_61,2305843009213693951,stress-8-PRIME_MERSENNE_61-t1,forced_01,sha256:d7e8600f76d491414a172c6dd76cd5609f912de531eddcd1866dfbfaad1ea973,8,8,27,27,1
8,PRIME_MERSENNE_61,2305843009213693951,stress-8-PRIME_MERSENNE_61-t2,forced_01,sha256:5d30ec591321f1062a44066e4d041cf4c479b4787a26283e5ffbd45cfa820285,8,0,1,1,1
8,PRIME_MERSENNE_61,2305843009213693951,stress-8-PRIME_MERSENNE_61-t2,forced_01,sha256:5d30ec591321f1062a44066e4d041cf4c479b4787a26283e5ffbd45cfa820285,8,1,4,4,1
8,PRIME_MERSENNE_61,2305843009213693951,stress-8-PRIME_MERSENNE_61-t2,forced_01,sha256:5d30ec591321f1062a44066e4d041cf4c479b4787a26283e5ffbd45cfa820285,8,2,7,7,1
8,PRIME_MERSENNE_61,2305843009213693951,stress-8-PRIME_MERSENNE_61-t2,forced_01,sha256:5d30ec591321f1062a44066e4d041cf4c479b4787a26283e5ffbd45cfa820285,8,3,10,10,1
8,PRIME_MERSENNE_61,2305843009213693951,stress-8-PRIME_MERSENNE_61-t2,forced_01,sha256:5d30ec591321f1062a44066e4d041cf4c479b4787a26283e5ffbd45cfa820285,8,4,13,13,1
8,PRIME_MERSENNE_61,2305843009213693951,stress-8-PRIME_MERSENNE_61-t2,forced_01,sha256:5d30ec591321f1062a44066e4d041cf4c479b4787a26283e5ffbd45cfa820285,8,5,16,16,1
8,PRIME_MERSENNE_61,2305843009213693951,stress-8-PRIME_MERSENNE_61-t2,forced_01,sha256:5d30ec591321f1062a44066e4d041cf4c479b4787a26283e5ffbd45cfa820285,8,6,19,19,1
8,PRIME_MERSENNE_61,2305843009213693951,stress-8-PRIME_MERSENNE_61-t2,forced_01,sha256:5d30ec591321f1062a44066e4d041cf4c479b4787a26283e5ffbd45cfa820285,8,7,22,22,1
8,PRIME_MERSENNE_61,2305843009213693951,stress-8-PRIME_MERSENNE_61-t2,forced_01,sha256:5d30ec591321f1062a44066e4d041cf4c479b4787a26283e5ffbd45cfa820285,8,8,27,27,1
8,PRIME_MERSENNE_61,2305843009213693951,stress-8-PRIME_MERSENNE_61-t3,forced_01,sha256:2f0b63360fbc640bf51abc4d03d831b8b6cb457911b79dfbd5c8fb115c07b17f,8,0,1,1,1
8,PRIME_MERSENNE_61,2305843009213693951,stress-8-PRIME_MERSENNE_61-t3,forced_01,sha256:2f0b63360fbc640bf51abc4d03d831b8b6cb457911b79dfbd5c8fb115c07b17f,8,1,4,4,1
8,PRIME_MERSENNE_61,2305843009213693951,stress-8-PRIME_MERSENNE_61-t3,forced_01,sha256:2f0b63360fbc640bf51abc4d03d831b8b6cb457911b79dfbd5c8fb115c07b17f,8,2,7,7,1
8,PRIME_MERSENNE_61,2305843009213693951,stress-8-PRIME_MERSENNE_61-t3,forced_01,sha256:2f0b63360fbc640bf51abc4d03d831b8b6cb457911b79dfbd5c8fb115c07b17f,8,3,10,10,1
8,PRIME_MERSENNE_61,2305843009213693951,stress-8-PRIME_MERSENNE_61-t3,forced_01,sha256:2f0b63360fbc640bf51abc4d03d831b8b6cb457911b79dfbd5c8fb115c07b17f,8,4,13,13,1
8,PRIME_MERSENNE_61,2305843009213693951,stress-8-PRIME_MERSENNE_61-t3,forced_01,sha256:2f0b63360fbc640bf51abc4d03d831b8b6cb457911b79dfbd5c8fb115c07b17f,8,5,16,16,1
8,PRIME_MERSENNE_61,2305843009213693951,stress-8-PRIME_MERSENNE_61-t3,forced_01,sha256:2f0b63360fbc640bf51abc4d03d831b8b6cb457911b79dfbd5c8fb115c07b17f,8,6,19,19,1
8,PRIME_MERSENNE_61,2305843009213693951,stress-8-PRIME_MERSENNE_61-t3,forced_01,sha256:2f0b63360fbc640bf51abc4d03d831b8b6cb457911b79dfbd5c8fb115c07b17f,8,7,22,22,1
8,PRIME_MERSENNE_61,2305843009213693951,stress-8-PRIME_MERSENNE_61-t3,forced_01,sha256:2f0b63360fbc640bf51abc4d03d831b8b6cb457911b79dfbd5c8fb115c07b17f,8,8,27,27,1
8,PRIME_MERSENNE_61,2305843009213693951,stress-8-PRIME_MERSENNE_61-t4,forced_01,sha256:951c55c911a8fceb62ff9e748f3ccec822d0186f8052741e607ddbaa21a1a680,8,0,1,1,1
8,PRIME_MERSENNE_61,2305843009213693951,stress-8-PRIME_MERSENNE_61-t4,forced_01,sha256:951c55c911a8fceb62ff9e748f3ccec822d0186f8052741e607ddbaa21a1a680,8,1,4,4,1
8,PRIME_MERSENNE_61,2305843009213693951,stress-8-PRIME_MERSENNE_61-t4,forced_01,sha256:951c55c911a8fceb62ff9e748f3ccec822d0186f8052741e607ddbaa21a1a680,8,2,7,7,1
8,PRIME_MERSENNE_61,2305843009213693951,stress-8-PRIME_MERSENNE_61-t4,forced_01,sha256:951c55c911a8fceb62ff9e748f3ccec822d0186f8052741e607ddbaa21a1a680,8,3,10,10,1
8,PRIME_MERSENNE_61,2305843009213693951,stress-8-PRIME_MERSENNE_61-t4,forced_01,sha256:951c55c911a8fceb62ff9e748f3ccec822d0186f8052741e607ddbaa21a1a680,8,4,13,13,1
8,PRIME_MERSENNE_61,2305843009213693951,stress-8-PRIME_MERSENNE_61-t4,forced_01,sha256:951c55c911a8fceb62ff9e748f3ccec822d0186f8052741e607ddbaa21a1a680,8,5,16,16,1
8,PRIME_MERSENNE_61,2305843009213693951,stress-8-PRIME_MERSENNE_61-t4,forced_01,sha256:951c55c911a8fceb62ff9e748f3ccec822d0186f8052741e607ddbaa21a1a680,8,6,19,19,1
8,PRIME_MERSENNE_61,2305843009213693951,stress-8-PRIME_MERSENNE_61-t4,forced_01,sha256:951c55c911a8fceb62ff9e748f3ccec822d0186f8052741e607ddbaa21a1a680,8,7,22,22,1
8,PRIME_MERSENNE_61,2305843009213693951,stress-8-PRIME_MERSENNE_61-t4,forced_01,sha256:951c55c911a8fceb62ff9e748f3ccec822d0186f8052741e607ddbaa21a1a680,8,8,27,27,1
8,PRIME_RANDOM_61,2305843009213693967,stress-8-PRIME_RANDOM_61-t0,forced_01,sha256:775a55d07dbadc9e8f4d2ed965edab06f3360da36f36faa12fbe884f27529bf4,8,0,1,1,1
8,PRIME_RANDOM_61,2305843009213693967,stress-8-PRIME_RANDOM_61-t0,forced_01,sha256:775a55d07dbadc9e8f4d2ed965edab06f3360da36f36faa12fbe884f27529bf4,8,1,4,4,1
8,PRIME_RANDOM_61,2305843009213693967,stress-8-PRIME_RANDOM_61-t0,forced_01,sha256:775a55d07dbadc9e8f4d2ed965edab06f3360da36f36faa12fbe884f27529bf4,8,2,7,7,1
8,PRIME_RANDOM_61,2305843009213693967,stress-8-PRIME_RANDOM_61-t0,forced_01,sha256:775a55d07dbadc9e8f4d2ed965edab06f3360da36f36faa12fbe884f27529bf4,8,3,10,10,1
8,PRIME_RANDOM_61,2305843009213693967,stress-8-PRIME_RANDOM_61-t0,forced_01,sha256:775a55d07dbadc9e8f4d2ed965edab06f3360da36f36faa12fbe884f27529bf4,8,4,13,13,1
8,PRIME_RANDOM_61,2305843009213693967,stress-8-PRIME_RANDOM_61-t0,forced_01,sha256:775a55d07dbadc9e8f4d2ed965edab06f3360da36f36faa12fbe884f27529bf4,8,5,16,16,1
8,PRIME_RANDOM_61,2305843009213693967,stress-8-PRIME_RANDOM_61-t0,forced_01,sha256:775a55d07dbadc9e8f4d2ed965edab06f3360da36f36faa12fbe884f27529bf4,8,6,19,19,1
8,PRIME_RANDOM_61,2305843009213693967,stress-8-PRIME_RANDOM_61-t0,forced_01,sha256:775a55d07dbadc9e8f4d2ed965edab06f3360da36f36faa12fbe884f27529bf4,8,7,22,22,1
8,PRIME_RANDOM_61,2305843009213693967,stress-8-PRIME_RANDOM_61-t0,forced_01,sha256:775a55d07dbadc9e8f4d2ed965edab06f3360da36f36faa12fbe884f27529bf4,8,8,27,27,1
8,PRIME_RANDOM_61,2305843009213693967,stress-8-PRIME_RANDOM_61-t1,forced_01,sha256:a6b69d4a582dcaa94dcd5fecc64fe2e3bbc1b5afdf9a25e6e029947c0f2aca1b,8,0,1,1,1
8,PRIME_RANDOM_61,2305843009213693967,stress-8-PRIME_RANDOM_61-t1,forced_01,sha256:a6b69d4a582dcaa94dcd5fecc64fe2e3bbc1b5afdf9a25e6e029947c0f2aca1b,8,1,4,4,1
8,PRIME_RANDOM_61,2305843009213693967,stress-8-PRIME_RANDOM_61-t1,forced_01,sha256:a6b69d4a582dcaa94dcd5fecc64fe2e3bbc1b5afdf9a25e6e029947c0f2aca1b,8,2,7,7,1
8,PRIME_RANDOM_61,2305843009213693967,stress-8-PRIME_RANDOM_61-t1,forced_01,sha256:a6b69d4a582dcaa94dcd5fecc64fe2e3bbc1b5afdf9a25e6e029947c0f2aca1b,8,3,10,10,1
8,PRIME_RANDOM_61,2305843009213693967,stress-8-PRIME_RANDOM_61-t1,forced_01,sha256:a6b69d4a582dcaa94dcd5fecc64fe2e3bbc1b5afdf9a25e6e029947c0f2aca1b,8,4,13,13,1
8,PRIME_RANDOM_61,2305843009213693967,stress-8-PRIME_RANDOM_61-t1,forced_01,sha256:a6b69d4a582dcaa94dcd5fecc64fe2e3bbc1b5afdf9a25e6e029947c0f2aca1b,8,5,16,16,1
8,PRIME_RANDOM_61,2305843009213693967,stress-8-PRIME_RANDOM_61-t1,forced_01,sha256:a6b69d4a582dcaa94dcd5fecc64fe2e3bbc1b5afdf9a25e6e029947c0f2aca1b,8,6,19,19,1
8,PRIME_RANDOM_61,2305843009213693967,stress-8-PRIME_RANDOM_61-t1,forced_01,sha256:a6b69d4a582dcaa94dcd5fecc64fe2e3bbc1b5afdf9a25e6e029947c0f2aca1b,8,7,22,22,1
8,PRIME_RANDOM_61,2305843009213693967,stress-8-PRIME_RANDOM_61-t1,forced_01,sha256:a6b69d4a582dcaa94dcd5fecc64fe2e3bbc1b5afdf9a25e6e029947c0f2aca1b,8,8,27,27,1
8,PRIME_RANDOM_61,2305843009213693967,stress-8-PRIME_RANDOM_61-t2,forced_01,sha256:a981b1661fcbb8b0e3f2133647c5c90c54d2b93e1e7fa73cfde26fa4e9fa05b9,8,0,1,1,1
8,PRIME_RANDOM_61,2305843009213693967,stress-8-PRIME_RANDOM_61-t2,forced_01,sha256:a981b1661fcbb8b0e3f2133647c5c90c54d2b93e1e7fa73cfde26fa4e9fa05b9,8,1,4,4,1
8,PRIME_RANDOM_61,2305843009213693967,stress-8-PRIME_RANDOM_61-t2,forced_01,sha256:a981b1661fcbb8b0e3f2133647c5c90c54d2b93e1e7fa73cfde26fa4e9fa05b9,8,2,7,7,1
8,PRIME_RANDOM_61,2305843009213693967,stress-8-PRIME_RANDOM_61-t2,forced_01,sha256:a981b1661fcbb8b0e3f2133647c5c90c54d2b93e1e7fa73cfde26fa4e9fa05b9,8,3,10,10,1
8,PRIME_RANDOM_61,2305843009213693967,stress-8-PRIME_RANDOM_61-t2,forced_01,sha256:a981b1661fcbb8b0e3f2133647c5c90c54d2b93e1e7fa73cfde26fa4e9fa05b9,8,4,13,13,1
8,PRIME_RANDOM_61,2305843009213693967,stress-8-PRIME_RANDOM_61-t2,forced_01,sha256:a981b1661fcbb8b0e3f2133647c5c90c54d2b93e1e7fa73cfde26fa4e9fa05b9,8,5,16,16,1
8,PRIME_RANDOM_61,2305843009213693967,stress-8-PRIME_RANDOM_61-t2,forced_01,sha256:a981b1661fcbb8b0e3f2133647c5c90c54d2b93e1e7fa73cfde26fa4e9fa05b9,8,6,19,19,1
8,PRIME_RANDOM_61,2305843009213693967,stress-8-PRIME_RANDOM_61-t2,forced_01,sha256:a981b1661fcbb8b0e3f2133647c5c90c54d2b93e1e7fa73cfde26fa4e9fa05b9,8,7,22,22,1
8,PRIME_RANDOM_61,2305843009213693967,stress-8-PRIME_RANDOM_61-t2,forced_01,sha256:a981b1661fcbb8b0e3f2133647c5c90c54d2b93e1e7fa73cfde26fa4e9fa05b9,8,8,27,27,1
8,PRIME_RANDOM_61,2305843009213693967,stress-8-PRIME_RANDOM_61-t3,forced_01,sha256:a7c03bcc423ace69d3715b6f60125ffe2a180f2d8d010c7a03972f0c2294db83,8,0,1,1,1
8,PRIME_RANDOM_61,2305843009213693967,stress-8-PRIME_RANDOM_61-t3,forced_01,sha256:a7c03bcc423ace69d3715b6f60125ffe2a180f2d8d010c7a03972f0c2294db83,8,1,4,4,1
8,PRIME_RANDOM_61,2305843009213693967,stress-8-PRIME_RANDOM_61-t3,forced_01,sha256:a7c03bcc423ace69d3715b6f60125ffe2a180f2d8d010c7a03972f0c2294db83,8,2,7,7,1
8,PRIME_RANDOM_61,2305843009213693967,stress-8-PRIME_RANDOM_61-t3,forced_01,sha256:a7c03bcc423ace69d3715b6f60125ffe2a180f2d8d010c7a03972f0c2294db83,8,3,10,10,1
8,PRIME_RANDOM_61,2305843009213693967,stress-8-PRIME_RANDOM_61-t3,forced_01,sha256:a7c03bcc423ace69d3715b6f60125ffe2a180f2d8d010c7a03972f0c2294db83,8,4,13,13,1
8,PRIME_RANDOM_61,2305843009213693967,stress-8-PRIME_RANDOM_61-t3,forced_01,sha256:a7c03bcc423ace69d3715b6f60125ffe2a180f2d8d010c7a03972f0c2294db83,8,5,16,16,1
8,PRIME_RANDOM_61,2305843009213693967,stress-8-PRIME_RANDOM_61-t3,forced_01,sha256:a7c03bcc423ace69d3715b6f60125ffe2a180f2d8d010c7a03972f0c2294db83,8,6,19,19,1
8,PRIME_RANDOM_61,2305843009213693967,stress-8-PRIME_RANDOM_61-t3,forced_01,sha256:a7c03bcc423ace69d3715b6f60125ffe2a180f2d8d010c7a03972f0c2294db83,8,7,22,22,1
8,PRIME_RANDOM_61,2305843009213693967,stress-8-PRIME_RANDOM_61-t3,forced_01,sha256:a7c03bcc423ace69d3715b6f60125ffe2a180f2d8d010c7a03972f0c2294db83,8,8,27,27,1
8,PRIME_RANDOM_61,2305843009213693967,stress-8-PRIME_RANDOM_61-t4,forced_01,sha256:0590dcf9a12916090a73b5de3141eeb17a4cecb3b3cb5eff9ce570da06fedbf3,8,0,1,1,1
8,PRIME_RANDOM_61,2305843009213693967,stress-8-PRIME_RANDOM_61-t4,forced_01,sha256:0590dcf9a12916090a73b5de3141eeb17a4cecb3b3cb5eff9ce570da06fedbf3,8,1,4,4,1
8,PRIME_RANDOM_61,2305843009213693967,stress-8-PRIME_RANDOM_61-t4,forced_01,sha256:0590dcf9a12916090a73b5de3141eeb17a4cecb3b3cb5eff9ce570da06fedbf3,8,2,7,7,1
8,PRIME_RANDOM_61,2305843009213693967,stress-8-PRIME_RANDOM_61-t4,forced_01,sha256:0590dcf9a12916090a73b5de3141eeb17a4cecb3b3cb5eff9ce570da06fedbf3,8,3,10,10,1
8,PRIME_RANDOM_61,2305843009213693967,stress-8-PRIME_RANDOM_61-t4,forced_01,sha256:0590dcf9a12916090a73b5de3141eeb17a4cecb3b3cb5eff9ce570da06fedbf3,8,4,13,13,1
8,PRIME_RANDOM_61,2305843009213693967,stress-8-PRIME_RANDOM_61-t4,forced_01,sha256:0590dcf9a12916090a73b5de3141eeb17a4cecb3b3cb5eff9ce570da06fedbf3,8,5,16,16,1
8,PRIME_RANDOM_61,2305843009213693967,stress-8-PRIME_RANDOM_61-t4,forced_01,sha256:0590dcf9a12916090a73b5de3141eeb17a4cecb3b3cb5eff9ce570da06fedbf3,8,6,19,19,1
8,PRIME_RANDOM_61,2305843009213693967,stress-8-PRIME_RANDOM_61-t4,forced_01,sha256:0590dcf9a12916090a73b5de3141eeb17a4cecb3b3cb5eff9ce570da06fedbf3,8,7,22,22,1
8,PRIME_RANDOM_61,2305843009213693967,stress-8-PRIME_RANDOM_61-t4,forced_01,sha256:0590dcf9a12916090a73b5de3141eeb17a4cecb3b3cb5eff9ce570da06fedbf3,8,8,27,27,1
10,PRIME_TINY,3,stress-10-PRIME_TINY-t0,forced_01,sha256:6a365511a07cb61775f55c59316877c0f9df5471b12cce99d843fc637dbf3334,10,0,1,1,1
10,PRIME_TINY,3,stress-10-PRIME_TINY-t0,forced_01,sha256:6a365511a07cb61775f55c59316877c0f9df5471b12cce99d843fc637dbf3334,10,1,4,4,1
10,PRIME_TINY,3,stress-10-PRIME_TINY-t0,forced_01,sha256:6a365511a07cb61775f55c59316877c0f9df5471b12cce99d843fc637dbf3334,10,2,7,7,1
10,PRIME_TINY,3,stress-10-PRIME_TINY-t0,forced_01,sha256:6a365511a07cb61775f55c59316877c0f9df5471b12cce99d843fc637dbf3334,10,3,10,10,1
10,PRIME_TINY,3,stress-10-PRIME_TINY-t0,forced_01,sha256:6a365511a07cb61775f55c59316877c0f9df5471b12cce99d843fc637dbf3334,10,4,13,13,1
10,PRIME_TINY,3,stress-10-PRIME_TINY-t0,forced_01,sha256:6a365511a07cb61775f55c59316877c0f9df5471b12cce99d843fc637dbf3334,10,5,16,16,1
10,PRIME_TINY,3,stress-10-PRIME_TINY-t0,forced_01,sha256:6a365511a07cb61775f55c59316877c0f9df5471b12cce99d843fc637dbf3334,10,6,19,19,1
10,PRIME_TINY,3,stress-10-PRIME_TINY-t0,forced_01,sha256:6a365511a07cb61775f55c59316877c0f9df5471b12cce99d843fc637dbf3334,10,7,22,22,1
10,PRIME_TINY,3,stress-10-PRIME_TINY-t0,forced_01,sha256:6a365511a07cb61775f55c59316877c0f9df5471b12cce99d843fc637dbf3334,10,8,25,25,1
10,PRIME_TINY,3,stress-10-PRIME_TINY-t0,forced_01,sha256:6a365511a07cb61775f55c59316877c0f9df5471b12cce99d843fc637dbf3334,10,9,28,28,1
10,PRIME_TINY,3,stress-10-PRIME_TINY-t0,forced_01,sha256:6a365511a07cb61775f55c59316877c0f9df5471b12cce99d843fc637dbf3334,10,10,33,33,1
10,PRIME_TINY,3,stress-10-PRIME_TINY-t1,forced_01,sha256:e87511eba01b7cd4ee1392c3e71189a8f3b77d802d5f6c54f24807277bf013bd,10,0,1,1,1
10,PRIME_TINY,3,stress-10-PRIME_TINY-t1,forced_01,sha256:e87511eba01b7cd4ee1392c3e71189a8f3b77d802d5f6c54f24807277bf013bd,10,1,4,4,1
10,PRIME_TINY,3,stress-10-PRIME_TINY-t1,forced_01,sha256:e87511eba01b7cd4ee1392c3e71189a8f3b77d802d5f6c54f24807277bf013bd,10,2,7,7,1
10,PRIME_TINY,3,stress-10-PRIME_TINY-t1,forced_01,sha256:e87511eba01b7cd4ee1392c3e71189a8f3b77d802d5f6c54f24807277bf013bd,10,3,10,10,1
10,PRIME_TINY,3,stress-10-PRIME_TINY-t1,forced_01,sha256:e87511eba01b7cd4ee1392c3e71189a8f3b77d802d5f6c54f24807277bf013bd,10,4,13,13,1
10,PRIME_TINY,3,stress-10-PRIME_TINY-t1,forced_01,sha256:e87511eba01b7cd4ee1392c3e71189a8f3b77d802d5f6c54f24807277bf013bd,10,5,16,16,1
10,PRIME_TINY,3,stress-10-PRIME_TINY-t1,forced_01,sha256:e87511eba01b7cd4ee1392c3e71189a8f3b77d802d5f6c54f24807277bf013bd,10,6,19,19,1
10,PRIME_TINY,3,stress-10-PRIME_TINY-t1,forced_01,sha256:e87511eba01b7cd4ee1392c3e71189a8f3b77d802d5f6c54f24807277bf013bd,10,7,22,22,1
10,PRIME_TINY,3,stress-10-PRIME_TINY-t1,forced_01,sha256:e87511eba01b7cd4ee1392c3e71189a8f3b77d802d5f6c54f24807277bf013bd,10,8,25,25,1
10,PRIME_TINY,3,stress-10-PRIME_TINY-t1,forced_01,sha256:e87511eba01b7cd4ee1392c3e71189a8f3b77d802d5f6c54f24807277bf013bd,10,9,28,28,1
10,PRIME_TINY,3,stress-10-PRIME_TINY-t1,forced_01,sha256:e87511eba01b7cd4ee1392c3e71189a8f3b77d802d5f6c54f24807277bf013bd,10,10,33,33,1
10,PRIME_TINY,3,stress-10-PRIME_TINY-t2,forced_01,sha256:b8464fed775083d2bca94db21b71f9c203f12045697f7fd2db097d2c6205d175,10,0,1,1,1
10,PRIME_TINY,3,stress-10-PRIME_TINY-t2,forced_01,sha256:b8464fed775083d2bca94db21b71f9c203f12045697f7fd2db097d2c6205d175,10,1,4,4,1
10,PRIME_TINY,3,stress-10-PRIME_TINY-t2,forced_01,sha256:b8464fed775083d2bca94db21b71f9c203f12045697f7fd2db097d2c6205d175,10,2,7,7,1
10,PRIME_TINY,3,stress-10-PRIME_TINY-t2,forced_01,sha256:b8464fed775083d2bca94db21b71f9c203f12045697f7fd2db097d2c6205d175,10,3,10,10,1
10,PRIME_TINY,3,stress-10-PRIME_TINY-t2,forced_01,sha256:b8464fed775083d2bca94db21b71f9c203f12045697f7fd2db097d2c6205d175,10,4,13,13,1
10,PRIME_TINY,3,stress-10-PRIME_TINY-t2,forced_01,sha256:b8464fed775083d2bca94db21b71f9c203f12045697f7fd2db097d2c6205d175,10,5,16,16,1
10,PRIME_TINY,3,stress-10-PRIME_TINY-t2,forced_01,sha256:b8464fed775083d2bca94db21b71f9c203f12045697f7fd2db097d2c6205d175,10,6,19,19,1
10,PRIME_TINY,3,stress-10-PRIME_TINY-t2,forced_01,sha256:b8464fed775083d2bca94db21b71f9c203f12045697f7fd2db097d2c6205d175,10,7,22,22,1
10,PRIME_TINY,3,stress-10-PRIME_TINY-t2,forced_01,sha256:b8464fed775083d2bca94db21b71f9c203f12045697f7fd2db097d2c6205d175,10,8,25,25,1
10,PRIME_TINY,3,stress-10-PRIME_TINY-t2,forced_01,sha256:b8464fed775083d2bca94db21b71f9c203f12045697f7fd2db097d2c6205d175,10,9,28,28,1
10,PRIME_TINY,3,stress-10-PRIME_TINY-t2,forced_01,sha256:b8464fed775083d2bca94db21b71f9c203f12045697f7fd2db097d2c6205d175,10,10,33,33,1
10,PRIME_TINY,3,stress-10-PRIME_TINY-t3,forced_01,sha256:51cdf8965d4d00145265b383bc7941a83db50782016366eac76e8eb9132c011a,10,0,1,1,1
10,PRIME_TINY,3,stress-10-PRIME_TINY-t3,forced_01,sha256:51cdf8965d4d00145265b383bc7941a83db50782016366eac76e8eb9132c011a,10,1,4,4,1
10,PRIME_TINY,3,stress-10-PRIME_TINY-t3,forced_01,sha256:51cdf8965d4d00145265b383bc7941a83db50782016366eac76e8eb9132c011a,10,2,7,7,1
10,PRIME_TINY,3,stress-10-PRIME_TINY-t3,forced_01,sha256:51cdf8965d4d00145265b383bc7941a83db50782016366eac76e8eb9132c011a,10,3,10,10,1
10,PRIME_TINY,3,stress-10-PRIME_TINY-t3,forced_01,sha256:51cdf8965d4d00145265b383bc7941a83db50782016366eac76e8eb9132c011a,10,4,13,13,1
10,PRIME_TINY,3,stress-10-PRIME_TINY-t3,forced_01,sha256:51cdf8965d4d00145265b383bc7941a83db50782016366eac76e8eb9132c011a,10,5,16,16,1
10,PRIME_TINY,3,stress-10-PRIME_TINY-t3,forced_01,sha256:51cdf8965d4d00145265b383bc7941a83db50782016366eac76e8eb9132c011a,10,6,19,19,1
10,PRIME_TINY,3,stress-10-PRIME_TINY-t3,forced_01,sha256:51cdf8965d4d00145265b383bc7941a83db50782016366eac76e8eb9132c011a,10,7,22,22,1
10,PRIME_TINY,3,stress-10-PRIME_TINY-t3,forced_01,sha256:51cdf8965d4d00145265b383bc7941a83db50782016366eac76e8eb9132c011a,10,8,25,25,1
10,PRIME_TINY,3,stress-10-PRIME_TINY-t3,forced_01,sha256:51cdf8965d4d00145265b383bc7941a83db50782016366eac76e8eb9132c011a,10,9,28,28,1
10,PRIME_TINY,3,stress-10-PRIME_TINY-t3,forced_01,sha256:51cdf8965d4d00145265b383bc7941a83db50782016366eac76e8eb9132c011a,10,10,33,33,1
10,PRIME_TINY,3,stress-10-PRIME_TINY-t4,forced_01,sha256:dc5ae623bb69395cc844dba0d6f1078c80edd472082dc4e1cd1f261594bc2a77,10,0,1,1,1
10,PRIME_TINY,3,stress-10-PRIME_TINY-t4,forced_01,sha256:dc5ae623bb69395cc844dba0d6f1078c80edd472082dc4e1cd1f261594bc2a77,10,1,4,4,1
10,PRIME_TINY,3,stress-10-PRIME_TINY-t4,forced_01,sha256:dc5ae623bb69395cc844dba0d6f1078c80edd472082dc4e1cd1f261594bc2a77,10,2,7,7,1
10,PRIME_TINY,3,stress-10-PRIME_TINY-t4,forced_01,sha256:dc5ae623bb69395cc844dba0d6f1078c80edd472082dc4e1cd1f261594bc2a77,10,3,10,10,1
10,PRIME_TINY,3,stress-10-PRIME_TINY-t4,forced_01,sha256:dc5ae623bb69395cc844dba0d6f1078c80edd472082dc4e1cd1f261594bc2a77,10,4,13,13,1
10,PRIME_TINY,3,stress-10-PRIME_TINY-t4,forced_01,sha256:dc5ae623bb69395cc844dba0d6f1078c80edd472082dc4e1cd1f261594bc2a77,10,5,16,16,1
10,PRIME_TINY,3,stress-10-PRIME_TINY-t4,forced_01,sha256:dc5ae623bb69395cc844dba0d6f1078c80edd472082dc4e1cd1f261594bc2a77,10,6,19,19,1
10,PRIME_TINY,3,stress-10-PRIME_TINY-t4,forced_01,sha256:dc5ae623bb69395cc844dba0d6f1078c80edd472082dc4e1cd1f261594bc2a77,10,7,22,22,1
10,PRIME_TINY,3,stress-10-PRIME_TINY-t4,forced_01,sha256:dc5ae623bb69395cc844dba0d6f1078c80edd472082dc4e1cd1f261594bc2a77,10,8,25,25,1
10,PRIME_TINY,3,stress-10-PRIME_TINY-t4,forced_01,sha256:dc5ae623bb69395cc844dba0d6f1078c80edd472082dc4e1cd1f261594bc2a77,10,9,28,28,1
10,PRIME_TINY,3,stress-10-PRIME_TINY-t4,forced_01,sha256:dc5ae623bb69395cc844dba0d6f1078c80edd472082dc4e1cd1f261594bc2a77,10,10,33,33,1
10,PRIME_MERSENNE_61,2305843009213693951,stress-10-PRIME_MERSENNE_61-t0,forced_01,sha256:aa2228bb0325f6c6d6d070bacfa1e90d5165e93b2a60a61999fa03617804743b,10,0,1,1,1
10,PRIME_MERSENNE_61,2305843009213693951,stress-10-PRIME_MERSENNE_61-t0,forced_01,sha256:aa2228bb0325f6c6d6d070bacfa1e90d5165e93b2a60a61999fa03617804743b,10,1,4,4,1
10,PRIME_MERSENNE_61,2305843009213693951,stress-10-PRIME_MERSENNE_61-t0,forced_01,sha256:aa2228bb0325f6c6d6d070bacfa1e90d5165e93b2a60a61999fa03617804743b,10,2,7,7,1
10,PRIME_MERSENNE_61,2305843009213693951,stress-10-PRIME_MERSENNE_61-t0,forced_01,sha256:aa2228bb0325f6c6d6d070bacfa1e90d5165e93b2a60a61999fa03617804743b,10,3,10,10,1
10,PRIME_MERSENNE_61,2305843009213693951,stress-10-PRIME_MERSENNE_61-t0,forced_01,sha256:aa2228bb0325f6c6d6d070bacfa1e90d5165e93b2a60a61999fa03617804743b,10,4,13,13,1
10,PRIME_MERSENNE_61,2305843009213693951,stress-10-PRIME_MERSENNE_61-t0,forced_01,sha256:aa2228bb0325f6c6d6d070bacfa1e90d5165e93b2a60a61999fa03617804743b,10,5,16,16,1
10,PRIME_MERSENNE_61,2305843009213693951,stress-10-PRIME_MERSENNE_61-t0,forced_01,sha256:aa2228bb0325f6c6d6d070bacfa1e90d5165e93b2a60a61999fa03617804743b,10,6,19,19,1
10,PRIME_MERSENNE_61,2305843009213693951,stress-10-PRIME_MERSENNE_61-t0,forced_01,sha256:aa2228bb0325f6c6d6d070bacfa1e90d5165e93b2a60a61999fa03617804743b,10,7,22,22,1
10,PRIME_MERSENNE_61,2305843009213693951,stress-10-PRIME_MERSENNE_61-t0,forced_01,sha256:aa2228bb0325f6c6d6d070bacfa1e90d5165e93b2a60a61999fa03617804743b,10,8,25,25,1
10,PRIME_MERSENNE_61,2305843009213693951,stress-10-PRIME_MERSENNE_61-t0,forced_01,sha256:aa2228bb0325f6c6d6d070bacfa1e90d5165e93b2a60a61999fa03617804743b,10,9,28,28,1
10,PRIME_MERSENNE_61,2305843009213693951,stress-10-PRIME_MERSENNE_61-t0,forced_01,sha256:aa2228bb0325f6c6d6d070bacfa1e90d5165e93b2a60a61999fa03617804743b,10,10,33,33,1
10,PRIME_MERSENNE_61,2305843009213693951,stress-10-PRIME_MERSENNE_61-t1,forced_01,sha256:c3a769e192fc57230717f26aeb3996bd433b2b5e53ddf9766418e2ab4311a6ef,10,0,1,1,1
10,PRIME_MERSENNE_61,2305843009213693951,stress-10-PRIME_MERSENNE_61-t1,forced_01,sha256:c3a769e192fc57230717f26aeb3996bd433b2b5e53ddf9766418e2ab4311a6ef,10,1,4,4,1
10,PRIME_MERSENNE_61,2305843009213693951,stress-10-PRIME_MERSENNE_61-t1,forced_01,sha256:c3a769e192fc57230717f26aeb3996bd433b2b5e53ddf9766418e2ab4311a6ef,10,2,7,7,1
10,PRIME_MERSENNE_61,2305843009213693951,stress-10-PRIME_MERSENNE_61-t1,forced_01,sha256:c3a769e192fc57230717f26aeb3996bd433b2b5e53ddf9766418e2ab4311a6ef,10,3,10,10,1
10,PRIME_MERSENNE_61,2305843009213693951,stress-10-PRIME_MERSENNE_61-t1,forced_01,sha256:c3a769e192fc57230717f26aeb3996bd433b2b5e53ddf9766418e2ab4311a6ef,10,4,13,13,1
10,PRIME_MERSENNE_61,2305843009213693951,stress-10-PRIME_MERSENNE_61-t1,forced_01,sha256:c3a769e192fc57230717f26aeb3996bd433b2b5e53ddf9766418e2ab4311a6ef,10,5,16,16,1
10,PRIME_MERSENNE_61,2305843009213693951,stress-10-PRIME_MERSENNE_61-t1,forced_01,sha256:c3a769e192fc57230717f26aeb3996bd433b2b5e53ddf9766418e2ab4311a6ef,10,6,19,19,1
10,PRIME_MERSENNE_61,2305843009213693951,stress-10-PRIME_MERSENNE_61-t1,forced_01,sha256:c3a769e192fc57230717f26aeb3996bd433b2b5e53ddf9766418e2ab4311a6ef,10,7,22,22,1
10,PRIME_MERSENNE_61,2305843009213693951,stress-10-PRIME_MERSENNE_61-t1,forced_01,sha256:c3a769e192fc57230717f26aeb3996bd433b2b5e53ddf9766418e2ab4311a6ef,10,8,25,25,1
10,PRIME_MERSENNE_61,2305843009213693951,stress-10-PRIME_MERSENNE_61-t1,forced_01,sha256:c3a769e192fc57230717f26aeb3996bd433b2b5e53ddf9766418e2ab4311a6ef,10,9,28,28,1
10,PRIME_MERSENNE_61,2305843009213693951,stress-10-PRIME_MERSENNE_61-t1,forced_01,sha256:c3a769e192fc57230717f26aeb3996bd433b2b5e53ddf9766418e2ab4311a6ef,10,10,33,33,1
10,PRIME_MERSENNE_61,2305843009213693951,stress-10-PRIME_MERSENNE_61-t2,forced_01,sha256:8f686b7bec3a320b956cd61718ea83de8744b4bba61611be9db08ae91e013bdc,10,0,1,1,1
10,PRIME_MERSENNE_61,2305843009213693951,stress-10-PRIME_MERSENNE_61-t2,forced_01,sha256:8f686b7bec3a320b956cd61718ea83de8744b4bba61611be9db08ae91e013bdc,10,1,4,4,1
10,PRIME_MERSENNE_61,2305843009213693951,stress-10-PRIME_MERSENNE_61-t2,forced_01,sha256:8f686b7bec3a320b956cd61718ea83de8744b4bba61611be9db08ae91e013bdc,10,2,7,7,1
10,PRIME_MERSENNE_61,2305843009213693951,stress-10-PRIME_MERSENNE_61-t2,forced_01,sha256:8f686b7bec3a320b956cd61718ea83de8744b4bba61611be9db08ae91e013bdc,10,3,10,10,1
10,PRIME_MERSENNE_61,2305843009213693951,stress-10-PRIME_MERSENNE_61-t2,forced_01,sha256:8f686b7bec3a320b956cd61718ea83de8744b4bba61611be9db08ae91e013bdc,10,4,13,13,1
10,PRIME_MERSENNE_61,2305843009213693951,stress-10-PRIME_MERSENNE_61-t2,forced_01,sha256:8f686b7bec3a320b956cd61718ea83de8744b4bba61611be9db08ae91e013bdc,10,5,16,16,1
10,PRIME_MERSENNE_61,2305843009213693951,stress-10-PRIME_MERSENNE_61-t2,forced_01,sha256:8f686b7bec3a320b956cd61718ea83de8744b4bba61611be9db08ae91e013bdc,10,6,19,19,1
10,PRIME_MERSENNE_61,2305843009213693951,stress-10-PRIME_MERSENNE_61-t2,forced_01,sha256:8f686b7bec3a320b956cd61718ea83de8744b4bba61611be9db08ae91e013bdc,10,7,22,22,1
10,PRIME_MERSENNE_61,2305843009213693951,stress-10-PRIME_MERSENNE_61-t2,forced_01,sha256:8f686b7bec3a320b956cd61718ea83de8744b4bba61611be9db08ae91e013bdc,10,8,25,25,1
10,PRIME_MERSENNE_61,2305843009213693951,stress-10-PRIME_MERSENNE_61-t2,forced_01,sha256:8f686b7bec3a320b956cd61718ea83de8744b4bba61611be9db08ae91e013bdc,10,9,28,28,1
10,PRIME_MERSENNE_61,2305843009213693951,stress-10-PRIME_MERSENNE_61-t2,forced_01,sha256:8f686b7bec3a320b956cd61718ea83de8744b4bba61611be9db08ae91e013bdc,10,10,33,33,1
10,PRIME_MERSENNE_61,2305843009213693951,stress-10-PRIME_MERSENNE_61-t3,forced_01,sha256:83023337281b20c934972a8387f190b9cd3555380151429949529eaf2382c7b5,10,0,1,1,1
10,PRIME_MERSENNE_61,2305843009213693951,stress-10-PRIME_MERSENNE_61-t3,forced_01,sha256:83023337281b20c934972a8387f190b9cd3555380151429949529eaf2382c7b5,10,1,4,4,1
10,PRIME_MERSENNE_61,2305843009213693951,stress-10-PRIME_MERSENNE_61-t3,forced_01,sha256:83023337281b20c934972a8387f190b9cd3555380151429949529eaf2382c7b5,10,2,7,7,1
10,PRIME_MERSENNE_61,2305843009213693951,stress-10-PRIME_MERSENNE_61-t3,forced_01,sha256:83023337281b20c934972a8387f190b9cd3555380151429949529eaf2382c7b5,10,3,10,10,1
10,PRIME_MERSENNE_61,2305843009213693951,stress-10-PRIME_MERSENNE_61-t3,forced_01,sha256:83023337281b20c934972a8387f190b9cd3555380151429949529eaf2382c7b5,10,4,13,13,1
10,PRIME_MERSENNE_61,2305843009213693951,stress-10-PRIME_MERSENNE_61-t3,forced_01,sha256:83023337281b20c934972a8387f190b9cd3555380151429949529eaf2382c7b5,10,5,16,16,1
10,PRIME_MERSENNE_61,2305843009213693951,stress-10-PRIME_MERSENNE_61-t3,forced_01,sha256:83023337281b20c934972a8387f190b9cd3555380151429949529eaf2382c7b5,10,6,19,19,1
10,PRIME_MERSENNE_61,2305843009213693951,stress-10-PRIME_MERSENNE_61-t3,forced_01,sha256:83023337281b20c934972a8387f190b9cd3555380151429949529eaf2382c7b5,10,7,22,22,1
10,PRIME_MERSENNE_61,2305843009213693951,stress-10-PRIME_MERSENNE_61-t3,forced_01,sha256:83023337281b20c934972a8387f190b9cd3555380151429949529eaf2382c7b5,10,8,25,25,1
10,PRIME_MERSENNE_61,2305843009213693951,stress-10-PRIME_MERSENNE_61-t3,forced_01,sha256:83023337281b20c934972a8387f190b9cd3555380151429949529eaf2382c7b5,10,9,28,28,1
10,PRIME_MERSENNE_61,2305843009213693951,stress-10-PRIME_MERSENNE_61-t3,forced_01,sha256:83023337281b20c934972a8387f190b9cd3555380151429949529eaf2382c7b5,10,10,33,33,1
10,PRIME_MERSENNE_61,2305843009213693951,stress-10-PRIME_MERSENNE_61-t4,forced_01,sha256:1a4c57a22dfe0998420c3af9c157540e5f4eade92fe585dcadbf33daca92b46c,10,0,1,1,1
10,PRIME_MERSENNE_61,2305843009213693951,stress-10-PRIME_MERSENNE_61-t4,forced_01,sha256:1a4c57a22dfe0998420c3af9c157540e5f4eade92fe585dcadbf33daca92b46c,10,1,4,4,1
10,PRIME_MERSENNE_61,2305843009213693951,stress-10-PRIME_MERSENNE_61-t4,forced_01,sha256:1a4c57a22dfe0998420c3af9c157540e5f4eade92fe585dcadbf33daca92b46c,10,2,7,7,1
10,PRIME_MERSENNE_61,2305843009213693951,stress-10-PRIME_MERSENNE_61-t4,forced_01,sha256:1a4c57a22dfe0998420c3af9c157540e5f4eade92fe585dcadbf33daca92b46c,10,3,10,10,1
10,PRIME_MERSENNE_61,2305843009213693951,stress-10-PRIME_MERSENNE_61-t4,forced_01,sha256:1a4c57a22dfe0998420c3af9c157540e5f4eade92fe585dcadbf33daca92b46c,10,4,13,13,1
10,PRIME_MERSENNE_61,2305843009213693951,stress-10-PRIME_MERSENNE_61-t4,forced_01,sha256:1a4c57a22dfe0998420c3af9c157540e5f4eade92fe585dcadbf33daca92b46c,10,5,16,16,1
10,PRIME_MERSENNE_61,2305843009213693951,stress-10-PRIME_MERSENNE_61-t4,forced_01,sha256:1a4c57a22dfe0998420c3af9c157540e5f4eade92fe585dcadbf33daca92b46c,10,6,19,19,1
10,PRIME_MERSENNE_61,2305843009213693951,stress-10-PRIME_MERSENNE_61-t4,forced_01,sha256:1a4c57a22dfe0998420c3af9c157540e5f4eade92fe585dcadbf33daca92b46c,10,7,22,22,1
10,PRIME_MERSENNE_61,2305843009213693951,stress-10-PRIME_MERSENNE_61-t4,forced_01,sha256:1a4c57a22dfe0998420c3af9c157540e5f4eade92fe585dcadbf33daca92b46c,10,8,25,25,1
10,PRIME_MERSENNE_61,2305843009213693951,stress-10-PRIME_MERSENNE_61-t4,forced_01,sha256:1a4c57a22dfe0998420c3af9c157540e5f4eade92fe585dcadbf33daca92b46c,10,9,28,28,1
10,PRIME_MERSENNE_61,2305843009213693951,stress-10-PRIME_MERSENNE_61-t4,forced_01,sha256:1a4c57a22dfe0998420c3af9c157540e5f4eade92fe585dcadbf33daca92b46c,10,10,33,33,1
10,PRIME_RANDOM_61,2305843009213693967,stress-10-PRIME_RANDOM_61-t0,forced_01,sha256:23055356d0db315827e71547b8113bd602121fc8cd7dd54145e621e69770045a,10,0,1,1,1
10,PRIME_RANDOM_61,2305843009213693967,stress-10-PRIME_RANDOM_61-t0,forced_01,sha256:23055356d0db315827e71547b8113bd602121fc8cd7dd54145e621e69770045a,10,1,4,4,1
10,PRIME_RANDOM_61,2305843009213693967,stress-10-PRIME_RANDOM_61-t0,forced_01,sha256:23055356d0db315827e71547b8113bd602121fc8cd7dd54145e621e69770045a,10,2,7,7,1
10,PRIME_RANDOM_61,2305843009213693967,stress-10-PRIME_RANDOM_61-t0,forced_01,sha256:23055356d0db315827e71547b8113bd602121fc8cd7dd54145e621e69770045a,10,3,10,10,1
10,PRIME_RANDOM_61,2305843009213693967,stress-10-PRIME_RANDOM_61-t0,forced_01,sha256:23055356d0db315827e71547b8113bd602121fc8cd7dd54145e621e69770045a,10,4,13,13,1
10,PRIME_RANDOM_61,2305843009213693967,stress-10-PRIME_RANDOM_61-t0,forced_01,sha256:23055356d0db315827e71547b8113bd602121fc8cd7dd54145e621e69770045a,10,5,16,16,1
10,PRIME_RANDOM_61,2305843009213693967,stress-10-PRIME_RANDOM_61-t0,forced_01,sha256:23055356d0db315827e71547b8113bd602121fc8cd7dd54145e621e69770045a,10,6,19,19,1
10,PRIME_RANDOM_61,2305843009213693967,stress-10-PRIME_RANDOM_61-t0,forced_01,sha256:23055356d0db315827e71547b8113bd602121fc8cd7dd54145e621e69770045a,10,7,22,22,1
10,PRIME_RANDOM_61,2305843009213693967,stress-10-PRIME_RANDOM_61-t0,forced_01,sha256:23055356d0db315827e71547b8113bd602121fc8cd7dd54145e621e69770045a,10,8,25,25,1
10,PRIME_RANDOM_61,2305843009213693967,stress-10-PRIME_RANDOM_61-t0,forced_01,sha256:23055356d0db315827e71547b8113bd602121fc8cd7dd54145e621e69770045a,10,9,28,28,1
10,PRIME_RANDOM_61,2305843009213693967,stress-10-PRIME_RANDOM_61-t0,forced_01,sha256:23055356d0db315827e71547b8113bd602121fc8cd7dd54145e621e69770045a,10,10,33,33,1
10,PRIME_RANDOM_61,2305843009213693967,stress-10-PRIME_RANDOM_61-t1,forced_01,sha256:bdb51989215c2ca03f8f2b1292712919790ee2f0d20ee3ca1a1913f9f27df3af,10,0,1,1,1
10,PRIME_RANDOM_61,2305843009213693967,stress-10-PRIME_RANDOM_61-t1,forced_01,sha256:bdb51989215c2ca03f8f2b1292712919790ee2f0d20ee3ca1a1913f9f27df3af,10,1,4,4,1
10,PRIME_RANDOM_61,2305843009213693967,stress-10-PRIME_RANDOM_61-t1,forced_01,sha256:bdb51989215c2ca03f8f2b1292712919790ee2f0d20ee3ca1a1913f9f27df3af,10,2,7,7,1
10,PRIME_RANDOM_61,2305843009213693967,stress-10-PRIME_RANDOM_61-t1,forced_01,sha256:bdb51989215c2ca03f8f2b1292712919790ee2f0d20ee3ca1a1913f9f27df3af,10,3,10,10,1
10,PRIME_RANDOM_61,2305843009213693967,stress-10-PRIME_RANDOM_61-t1,forced_01,sha256:bdb51989215c2ca03f8f2b1292712919790ee2f0d20ee3ca1a1913f9f27df3af,10,4,13,13,1
10,PRIME_RANDOM_61,2305843009213693967,stress-10-PRIME_RANDOM_61-t1,forced_01,sha256:bdb51989215c2ca03f8f2b1292712919790ee2f0d20ee3ca1a1913f9f27df3af,10,5,16,16,1
10,PRIME_RANDOM_61,2305843009213693967,stress-10-PRIME_RANDOM_61-t1,forced_01,sha256:bdb51989215c2ca03f8f2b1292712919790ee2f0d20ee3ca1a1913f9f27df3af,10,6,19,19,1
10,PRIME_RANDOM_61,2305843009213693967,stress-10-PRIME_RANDOM_61-t1,forced_01,sha256:bdb51989215c2ca03f8f2b1292712919790ee2f0d20ee3ca1a1913f9f27df3af,10,7,22,22,1
10,PRIME_RANDOM_61,2305843009213693967,stress-10-PRIME_RANDOM_61-t1,forced_01,sha256:bdb51989215c2ca03f8f2b1292712919790ee2f0d20ee3ca1a1913f9f27df3af,10,8,25,25,1
10,PRIME_RANDOM_61,2305843009213693967,stress-10-PRIME_RANDOM_61-t1,forced_01,sha256:bdb51989215c2ca03f8f2b1292712919790ee2f0d20ee3ca1a1913f9f27df3af,10,9,28,28,1
10,PRIME_RANDOM_61,2305843009213693967,stress-10-PRIME_RANDOM_61-t1,forced_01,sha256:bdb51989215c2ca03f8f2b1292712919790ee2f0d20ee3ca1a1913f9f27df3af,10,10,33,33,1
10,PRIME_RANDOM_61,2305843009213693967,stress-10-PRIME_RANDOM_61-t2,forced_01,sha256:f3ed2f7d03431c97dde148175a3ab9d0ddbfacab11a7e0b8debb574458742e69,10,0,1,1,1
10,PRIME_RANDOM_61,2305843009213693967,stress-10-PRIME_RANDOM_61-t2,forced_01,sha256:f3ed2f7d03431c97dde148175a3ab9d0ddbfacab11a7e0b8debb574458742e69,10,1,4,4,1
10,PRIME_RANDOM_61,2305843009213693967,stress-10-PRIME_RANDOM_61-t2,forced_01,sha256:f3ed2f7d03431c97dde148175a3ab9d0ddbfacab11a7e0b8debb574458742e69,10,2,7,7,1
10,PRIME_RANDOM_61,2305843009213693967,stress-10-PRIME_RANDOM_61-t2,forced_01,sha256:f3ed2f7d03431c97dde148175a3ab9d0ddbfacab11a7e0b8debb574458742e69,10,3,10,10,1
10,PRIME_RANDOM_61,2305843009213693967,stress-10-PRIME_RANDOM_61-t2,forced_01,sha256:f3ed2f7d03431c97dde148175a3ab9d0ddbfacab11a7e0b8debb574458742e69,10,4,13,13,1
10,PRIME_RANDOM_61,2305843009213693967,stress-10-PRIME_RANDOM_61-t2,forced_01,sha256:f3ed2f7d03431c97dde148175a3ab9d0ddbfacab11a7e0b8debb574458742e69,10,5,16,16,1
10,PRIME_RANDOM_61,2305843009213693967,stress-10-PRIME_RANDOM_61-t2,forced_01,sha256:f3ed2f7d03431c97dde148175a3ab9d0ddbfacab11a7e0b8debb574458742e69,10,6,19,19,1
10,PRIME_RANDOM_61,2305843009213693967,stress-10-PRIME_RANDOM_61-t2,forced_01,sha256:f3ed2f7d03431c97dde148175a3ab9d0ddbfacab11a7e0b8debb574458742e69,10,7,22,22,1
10,PRIME_RANDOM_61,2305843009213693967,stress-10-PRIME_RANDOM_61-t2,forced_01,sha256:f3ed2f7d03431c97dde148175a3ab9d0ddbfacab11a7e0b8debb574458742e69,10,8,25,25,1
10,PRIME_RANDOM_61,2305843009213693967,stress-10-PRIME_RANDOM_61-t2,forced_01,sha256:f3ed2f7d03431c97dde148175a3ab9d0ddbfacab11a7e0b8debb574458742e69,10,9,28,28,1
10,PRIME_RANDOM_61,2305843009213693967,stress-10-PRIME_RANDOM_61-t2,forced_01,sha256:f3ed2f7d03431c97dde148175a3ab9d0ddbfacab11a7e0b8debb574458742e69,10,10,33,33,1
10,PRIME_RANDOM_61,2305843009213693967,stress-10-PRIME_RANDOM_61-t3,forced_01,sha256:7fd14959325b42a6f181473277e2c4452c1c4e6849448dd83bb7d7f7914e13c6,10,0,1,1,1
10,PRIME_RANDOM_61,2305843009213693967,stress-10-PRIME_RANDOM_61-t3,forced_01,sha256:7fd14959325b42a6f181473277e2c4452c1c4e6849448dd83bb7d7f7914e13c6,10,1,4,4,1
10,PRIME_RANDOM_61,2305843009213693967,stress-10-PRIME_RANDOM_61-t3,forced_01,sha256:7fd14959325b42a6f181473277e2c4452c1c4e6849448dd83bb7d7f7914e13c6,10,2,7,7,1
10,PRIME_RANDOM_61,2305843009213693967,stress-10-PRIME_RANDOM_61-t3,forced_01,sha256:7fd14959325b42a6f181473277e2c4452c1c4e6849448dd83bb7d7f7914e13c6,10,3,10,10,1
10,PRIME_RANDOM_61,2305843009213693967,stress-10-PRIME_RANDOM_61-t3,forced_01,sha256:7fd14959325b42a6f181473277e2c4452c1c4e6849448dd83bb7d7f7914e13c6,10,4,13,13,1
10,PRIME_RANDOM_61,2305843009213693967,stress-10-PRIME_RANDOM_61-t3,forced_01,sha256:7fd14959325b42a6f181473277e2c4452c1c4e6849448dd83bb7d7f7914e13c6,10,5,16,16,1
10,PRIME_RANDOM_61,2305843009213693967,stress-10-PRIME_RANDOM_61-t3,forced_01,sha256:7fd14959325b42a6f181473277e2c4452c1c4e6849448dd83bb7d7f7914e13c6,10,6,19,19,1
10,PRIME_RANDOM_61,2305843009213693967,stress-10-PRIME_RANDOM_61-t3,forced_01,sha256:7fd14959325b42a6f181473277e2c4452c1c4e6849448dd83bb7d7f7914e13c6,10,7,22,22,1
10,PRIME_RANDOM_61,2305843009213693967,stress-10-PRIME_RANDOM_61-t3,forced_01,sha256:7fd14959325b42a6f181473277e2c4452c1c4e6849448dd83bb7d7f7914e13c6,10,8,25,25,1
10,PRIME_RANDOM_61,2305843009213693967,stress-10-PRIME_RANDOM_61-t3,forced_01,sha256:7fd14959325b42a6f181473277e2c4452c1c4e6849448dd83bb7d7f7914e13c6,10,9,28,28,1
10,PRIME_RANDOM_61,2305843009213693967,stress-10-PRIME_RANDOM_61-t3,forced_01,sha256:7fd14959325b42a6f181473277e2c4452c1c4e6849448dd83bb7d7f7914e13c6,10,10,33,33,1
10,PRIME_RANDOM_61,2305843009213693967,stress-10-PRIME_RANDOM_61-t4,forced_01,sha256:543c28f955d2867b7d3c95adfff42587a0139cd8270d6c6fc551c3a0613148c2,10,0,1,1,1
10,PRIME_RANDOM_61,2305843009213693967,stress-10-PRIME_RANDOM_61-t4,forced_01,sha256:543c28f955d2867b7d3c95adfff42587a0139cd8270d6c6fc551c3a0613148c2,10,1,4,4,1
10,PRIME_RANDOM_61,2305843009213693967,stress-10-PRIME_RANDOM_61-t4,forced_01,sha256:543c28f955d2867b7d3c95adfff42587a0139cd8270d6c6fc551c3a0613148c2,10,2,7,7,1
10,PRIME_RANDOM_61,2305843009213693967,stress-10-PRIME_RANDOM_61-t4,forced_01,sha256:543c28f955d2867b7d3c95adfff42587a0139cd8270d6c6fc551c3a0613148c2,10,3,10,10,1
10,PRIME_RANDOM_61,2305843009213693967,stress-10-PRIME_RANDOM_61-t4,forced_01,sha256:543c28f955d2867b7d3c95adfff42587a0139cd8270d6c6fc551c3a0613148c2,10,4,13,13,1
10,PRIME_RANDOM_61,2305843009213693967,stress-10-PRIME_RANDOM_61-t4,forced_01,sha256:543c28f955d2867b7d3c95adfff42587a0139cd8270d6c6fc551c3a0613148c2,10,5,16,16,1
10,PRIME_RANDOM_61,2305843009213693967,stress-10-PRIME_RANDOM_61-t4,forced_01,sha256:543c28f955d2867b7d3c95adfff42587a0139cd8270d6c6fc551c3a0613148c2,10,6,19,19,1
10,PRIME_RANDOM_61,2305843009213693967,stress-10-PRIME_RANDOM_61-t4,forced_01,sha256:543c28f955d2867b7d3c95adfff42587a0139cd8270d6c6fc551c3a0613148c2,10,7,22,22,1
10,PRIME_RANDOM_61,2305843009213693967,stress-10-PRIME_RANDOM_61-t4,forced_01,sha256:543c28f955d2867b7d3c95adfff42587a0139cd8270d6c6fc551c3a0613148c2,10,8,25,25,1
10,PRIME_RANDOM_61,2305843009213693967,stress-10-PRIME_RANDOM_61-t4,forced_01,sha256:543c28f955d2867b7d3c95adfff42587a0139cd8270d6c6fc551c3a0613148c2,10,9,28,28,1
10,PRIME_RANDOM_61,2305843009213693967,stress-10-PRIME_RANDOM_61-t4,forced_01,sha256:543c28f955d2867b7d3c95adfff42587a0139cd8270d6c6fc551c3a0613148c2,10,10,33,33,1
12,PRIME_TINY,3,stress-12-PRIME_TINY-t0,forced_01,sha256:85a0e24d972ebaea64bde67a53e92885beb5017756015f724588d8619795dbc7,12,0,1,1,1
12,PRIME_TINY,3,stress-12-PRIME_TINY-t0,forced_01,sha256:85a0e24d972ebaea64bde67a53e92885beb5017756015f724588d8619795dbc7,12,1,4,4,1
12,PRIME_TINY,3,stress-12-PRIME_TINY-t0,forced_01,sha256:85a0e24d972ebaea64bde67a53e92885beb5017756015f724588d8619795dbc7,12,2,7,7,1
12,PRIME_TINY,3,stress-12-PRIME_TINY-t0,forced_01,sha256:85a0e24d972ebaea64bde67a53e92885beb5017756015f724588d8619795dbc7,12,3,10,10,1
12,PRIME_TINY,3,stress-12-PRIME_TINY-t0,forced_01,sha256:85a0e24d972ebaea64bde67a53e92885beb5017756015f724588d8619795dbc7,12,4,13,13,1
12,PRIME_TINY,3,stress-12-PRIME_TINY-t0,forced_01,sha256:85a0e24d972ebaea64bde67a53e92885beb5017756015f724588d8619795dbc7,12,5,16,16,1
12,PRIME_TINY,3,stress-12-PRIME_TINY-t0,forced_01,sha256:85a0e24d972ebaea64bde67a53e92885beb5017756015f724588d8619795dbc7,12,6,19,19,1
12,PRIME_TINY,3,stress-12-PRIME_TINY-t0,forced_01,sha256:85a0e24d972ebaea64bde67a53e92885beb5017756015f724588d8619795dbc7,12,7,22,22,1
12,PRIME_TINY,3,stress-12-PRIME_TINY-t0,forced_01,sha256:85a0e24d972ebaea64bde67a53e92885beb5017756015f724588d8619795dbc7,12,8,25,25,1
12,PRIME_TINY,3,stress-12-PRIME_TINY-t0,forced_01,sha256:85a0e24d972ebaea64bde67a53e92885beb5017756015f724588d8619795dbc7,12,9,28,28,1
12,PRIME_TINY,3,stress-12-PRIME_TINY-t0,forced_01,sha256:85a0e24d972ebaea64bde67a53e92885beb5017756015f724588d8619795dbc7,12,10,31,31,1
12,PRIME_TINY,3,stress-12-PRIME_TINY-t0,forced_01,sha256:85a0e24d972ebaea64bde67a53e92885beb5017756015f724588d8619795dbc7,12,11,34,34,1
12,PRIME_TINY,3,stress-12-PRIME_TINY-t0,forced_01,sha256:85a0e24d972ebaea64bde67a53e92885beb5017756015f724588d8619795dbc7,12,12,39,39,1
12,PRIME_TINY,3,stress-12-PRIME_TINY-t1,forced_01,sha256:9c374eda16c1b30550575f289a85f0a17da572cdccf395ee17394c1202728e1b,12,0,1,1,1
12,PRIME_TINY,3,stress-12-PRIME_TINY-t1,forced_01,sha256:9c374eda16c1b30550575f289a85f0a17da572cdccf395ee17394c1202728e1b,12,1,4,4,1
12,PRIME_TINY,3,stress-12-PRIME_TINY-t1,forced_01,sha256:9c374eda16c1b30550575f289a85f0a17da572cdccf395ee17394c1202728e1b,12,2,7,7,1
12,PRIME_TINY,3,stress-12-PRIME_TINY-t1,forced_01,sha256:9c374eda16c1b30550575f289a85f0a17da572cdccf395ee17394c1202728e1b,12,3,10,10,1
12,PRIME_TINY,3,stress-12-PRIME_TINY-t1,forced_01,sha256:9c374eda16c1b30550575f289a85f0a17da572cdccf395ee17394c1202728e1b,12,4,13,13,1
12,PRIME_TINY,3,stress-12-PRIME_TINY-t1,forced_01,sha256:9c374eda16c1b30550575f289a85f0a17da572cdccf395ee17394c1202728e1b,12,5,16,16,1
12,PRIME_TINY,3,stress-12-PRIME_TINY-t1,forced_01,sha256:9c374eda16c1b30550575f289a85f0a17da572cdccf395ee17394c1202728e1b,12,6,19,19,1
12,PRIME_TINY,3,stress-12-PRIME_TINY-t1,forced_01,sha256:9c374eda16c1b30550575f289a85f0a17da572cdccf395ee17394c1202728e1b,12,7,22,22,1
12,PRIME_TINY,3,stress-12-PRIME_TINY-t1,forced_01,sha256:9c374eda16c1b30550575f289a85f0a17da572cdccf395ee17394c1202728e1b,12,8,25,25,1
12,PRIME_TINY,3,stress-12-PRIME_TINY-t1,forced_01,sha256:9c374eda16c1b30550575f289a85f0a17da572cdccf395ee17394c1202728e1b,12,9,28,28,1
12,PRIME_TINY,3,stress-12-PRIME_TINY-t1,forced_01,sha256:9c374eda16c1b30550575f289a85f0a17da572cdccf395ee17394c1202728e1b,12,10,31,31,1
12,PRIME_TINY,3,stress-12-PRIME_TINY-t1,forced_01,sha256:9c374eda16c1b30550575f289a85f0a17da572cdccf395ee17394c1202728e1b,12,11,34,34,1
12,PRIME_TINY,3,stress-12-PRIME_TINY-t1,forced_01,sha256:9c374eda16c1b30550575f289a85f0a17da572cdccf395ee17394c1202728e1b,12,12,39,39,1
12,PRIME_TINY,3,stress-12-PRIME_TINY-t2,forced_01,sha256:c12d5bb04deeae7268f7b1ff6c552f9721e6afab527cec6e2918a1a1fcd3b6d4,12,0,1,1,1
12,PRIME_TINY,3,stress-12-PRIME_TINY-t2,forced_01,sha256:c12d5bb04deeae7268f7b1ff6c552f9721e6afab527cec6e2918a1a1fcd3b6d4,12,1,4,4,1
12,PRIME_TINY,3,stress-12-PRIME_TINY-t2,forced_01,sha256:c12d5bb04deeae7268f7b1ff6c552f9721e6afab527cec6e2918a1a1fcd3b6d4,12,2,7,7,1
12,PRIME_TINY,3,stress-12-PRIME_TINY-t2,forced_01,sha256:c12d5bb04deeae7268f7b1ff6c552f9721e6afab527cec6e2918a1a1fcd3b6d4,12,3,10,10,1
12,PRIME_TINY,3,stress-12-PRIME_TINY-t2,forced_01,sha256:c12d5bb04deeae7268f7b1ff6c552f9721e6afab527cec6e2918a1a1fcd3b6d4,12,4,13,13,1
12,PRIME_TINY,3,stress-12-PRIME_TINY-t2,forced_01,sha256:c12d5bb04deeae7268f7b1ff6c552f9721e6afab527cec6e2918a1a1fcd3b6d4,12,5,16,16,1
12,PRIME_TINY,3,stress-12-PRIME_TINY-t2,forced_01,sha256:c12d5bb04deeae7268f7b1ff6c552f9721e6afab527cec6e2918a1a1fcd3b6d4,12,6,19,19,1
12,PRIME_TINY,3,stress-12-PRIME_TINY-t2,forced_01,sha256:c12d5bb04deeae7268f7b1ff6c552f9721e6afab527cec6e2918a1a1fcd3b6d4,12,7,22,22,1
12,PRIME_TINY,3,stress-12-PRIME_TINY-t2,forced_01,sha256:c12d5bb04deeae7268f7b1ff6c552f9721e6afab527cec6e2918a1a1fcd3b6d4,12,8,25,25,1
12,PRIME_TINY,3,stress-12-PRIME_TINY-t2,forced_01,sha256:c12d5bb04deeae7268f7b1ff6c552f9721e6afab527cec6e2918a1a1fcd3b6d4,12,9,28,28,1
12,PRIME_TINY,3,stress-12-PRIME_TINY-t2,forced_01,sha256:c12d5bb04deeae7268f7b1ff6c552f9721e6afab527cec6e2918a1a1fcd3b6d4,12,10,31,31,1
12,PRIME_TINY,3,stress-12-PRIME_TINY-t2,forced_01,sha256:c12d5bb04deeae7268f7b1ff6c552f9721e6afab527cec6e2918a1a1fcd3b6d4,12,11,34,34,1
12,PRIME_TINY,3,stress-12-PRIME_TINY-t2,forced_01,sha256:c12d5bb04deeae7268f7b1ff6c552f9721e6afab527cec6e2918a1a1fcd3b6d4,12,12,39,39,1
12,PRIME_TINY,3,stress-12-PRIME_TINY-t3,forced_01,sha256:95a62545576643ab46464fa6d969dbbb9e99d317cd7ccc049223bf2de3cf01b3,12,0,1,1,1
12,PRIME_TINY,3,stress-12-PRIME_TINY-t3,forced_01,sha256:95a62545576643ab46464fa6d969dbbb9e99d317cd7ccc049223bf2de3cf01b3,12,1,4,4,1
12,PRIME_TINY,3,stress-12-PRIME_TINY-t3,forced_01,sha256:95a62545576643ab46464fa6d969dbbb9e99d317cd7ccc049223bf2de3cf01b3,12,2,7,7,1
12,PRIME_TINY,3,stress-12-PRIME_TINY-t3,forced_01,sha256:95a62545576643ab46464fa6d969dbbb9e99d317cd7ccc049223bf2de3cf01b3,12,3,10,10,1
12,PRIME_TINY,3,stress-12-PRIME_TINY-t3,forced_01,sha256:95a62545576643ab46464fa6d969dbbb9e99d317cd7ccc049223bf2de3cf01b3,12,4,13,13,1
12,PRIME_TINY,3,stress-12-PRIME_TINY-t3,forced_01,sha256:95a62545576643ab46464fa6d969dbbb9e99d317cd7ccc049223bf2de3cf01b3,12,5,16,16,1
12,PRIME_TINY,3,stress-12-PRIME_TINY-t3,forced_01,sha256:95a62545576643ab46464fa6d969dbbb9e99d317cd7ccc049223bf2de3cf01b3,12,6,19,19,1
12,PRIME_TINY,3,stress-12-PRIME_TINY-t3,forced_01,sha256:95a62545576643ab46464fa6d969dbbb9e99d317cd7ccc049223bf2de3cf01b3,12,7,22,22,1
12,PRIME_TINY,3,stress-12-PRIME_TINY-t3,forced_01,sha256:95a62545576643ab46464fa6d969dbbb9e99d317cd7ccc049223bf2de3cf01b3,12,8,25,25,1
12,PRIME_TINY,3,stress-12-PRIME_TINY-t3,forced_01,sha256:95a62545576643ab46464fa6d969dbbb9e99d317cd7ccc049223bf2de3cf01b3,12,9,28,28,1
12,PRIME_TINY,3,stress-12-PRIME_TINY-t3,forced_01,sha256:95a62545576643ab46464fa6d969dbbb9e99d317cd7ccc049223bf2de3cf01b3,12,10,31,31,1
12,PRIME_TINY,3,stress-12-PRIME_TINY-t3,forced_01,sha256:95a62545576643ab46464fa6d969dbbb9e99d317cd7ccc049223bf2de3cf01b3,12,11,34,34,1
12,PRIME_TINY,3,stress-12-PRIME_TINY-t3,forced_01,sha256:95a62545576643ab46464fa6d969dbbb9e99d317cd7ccc049223bf2de3cf01b3,12,12,39,39,1
12,PRIME_TINY,3,stress-12-PRIME_TINY-t4,forced_01,sha256:12858b9365fc6e288adcbac385cf1458e74580843d75d1e7c619da854607f979,12,0,1,1,1
12,PRIME_TINY,3,stress-12-PRIME_TINY-t4,forced_01,sha256:12858b9365fc6e288adcbac385cf1458e74580843d75d1e7c619da854607f979,12,1,4,4,1
12,PRIME_TINY,3,stress-12-PRIME_TINY-t4,forced_01,sha256:12858b9365fc6e288adcbac385cf1458e74580843d75d1e7c619da854607f979,12,2,7,7,1
12,PRIME_TINY,3,stress-12-PRIME_TINY-t4,forced_01,sha256:12858b9365fc6e288adcbac385cf1458e74580843d75d1e7c619da854607f979,12,3,10,10,1
12,PRIME_TINY,3,stress-12-PRIME_TINY-t4,forced_01,sha256:12858b9365fc6e288adcbac385cf1458e74580843d75d1e7c619da854607f979,12,4,13,13,1
12,PRIME_TINY,3,stress-12-PRIME_TINY-t4,forced_01,sha256:12858b9365fc6e288adcbac385cf1458e74580843d75d1e7c619da854607f979,12,5,16,16,1
12,PRIME_TINY,3,stress-12-PRIME_TINY-t4,forced_01,sha256:12858b9365fc6e288adcbac385cf1458e74580843d75d1e7c619da854607f979,12,6,19,19,1
12,PRIME_TINY,3,stress-12-PRIME_TINY-t4,forced_01,sha256:12858b9365fc6e288adcbac385cf1458e74580843d75d1e7c619da854607f979,12,7,22,22,1
12,PRIME_TINY,3,stress-12-PRIME_TINY-t4,forced_01,sha256:12858b9365fc6e288adcbac385cf1458e74580843d75d1e7c619da854607f979,12,8,25,25,1
12,PRIME_TINY,3,stress-12-PRIME_TINY-t4,forced_01,sha256:12858b9365fc6e288adcbac385cf1458e74580843d75d1e7c619da854607f979,12,9,28,28,1
12,PRIME_TINY,3,stress-12-PRIME_TINY-t4,forced_01,sha256:12858b9365fc6e288adcbac385cf1458e74580843d75d1e7c619da854607f979,12,10,31,31,1
12,PRIME_TINY,3,stress-12-PRIME_TINY-t4,forced_01,sha256:12858b9365fc6e288adcbac385cf1458e74580843d75d1e7c619da854607f979,12,11,34,34,1
12,PRIME_TINY,3,stress-12-PRIME_TINY-t4,forced_01,sha256:12858b9365fc6e288adcbac385cf1458e74580843d75d1e7c619da854607f979,12,12,39,39,1
12,PRIME_MERSENNE_61,2305843009213693951,stress-12-PRIME_MERSENNE_61-t0,forced_01,sha256:68f6b72e7360055b092a7f62a1fb27825ba9817be7a2f41d19b73c6f007d1346,12,0,1,1,1
12,PRIME_MERSENNE_61,2305843009213693951,stress-12-PRIME_MERSENNE_61-t0,forced_01,sha256:68f6b72e7360055b092a7f62a1fb27825ba9817be7a2f41d19b73c6f007d1346,12,1,4,4,1
12,PRIME_MERSENNE_61,2305843009213693951,stress-12-PRIME_MERSENNE_61-t0,forced_01,sha256:68f6b72e7360055b092a7f62a1fb27825ba9817be7a2f41d19b73c6f007d1346,12,2,7,7,1
12,PRIME_MERSENNE_61,2305843009213693951,stress-12-PRIME_MERSENNE_61-t0,forced_01,sha256:68f6b72e7360055b092a7f62a1fb27825ba9817be7a2f41d19b73c6f007d1346,12,3,10,10,1
12,PRIME_MERSENNE_61,2305843009213693951,stress-12-PRIME_MERSENNE_61-t0,forced_01,sha256:68f6b72e7360055b092a7f62a1fb27825ba9817be7a2f41d19b73c6f007d1346,12,4,13,13,1
12,PRIME_MERSENNE_61,2305843009213693951,stress-12-PRIME_MERSENNE_61-t0,forced_01,sha256:68f6b72e7360055b092a7f62a1fb27825ba9817be7a2f41d19b73c6f007d1346,12,5,16,16,1
12,PRIME_MERSENNE_61,2305843009213693951,stress-12-PRIME_MERSENNE_61-t0,forced_01,sha256:68f6b72e7360055b092a7f62a1fb27825ba9817be7a2f41d19b73c6f007d1346,12,6,19,19,1
12,PRIME_MERSENNE_61,2305843009213693951,stress-12-PRIME_MERSENNE_61-t0,forced_01,sha256:68f6b72e7360055b092a7f62a1fb27825ba9817be7a2f41d19b73c6f007d1346,12,7,22,22,1
12,PRIME_MERSENNE_61,2305843009213693951,stress-12-PRIME_MERSENNE_61-t0,forced_01,sha256:68f6b72e7360055b092a7f62a1fb27825ba9817be7a2f41d19b73c6f007d1346,12,8,25,25,1
12,PRIME_MERSENNE_61,2305843009213693951,stress-12-PRIME_MERSENNE_61-t0,forced_01,sha256:68f6b72e7360055b092a7f62a1fb27825ba9817be7a2f41d19b73c6f007d1346,12,9,28,28,1
12,PRIME_MERSENNE_61,2305843009213693951,stress-12-PRIME_MERSENNE_61-t0,forced_01,sha256:68f6b72e7360055b092a7f62a1fb27825ba9817be7a2f41d19b73c6f007d1346,12,10,31,31,1
12,PRIME_MERSENNE_61,2305843009213693951,stress-12-PRIME_MERSENNE_61-t0,forced_01,sha256:68f6b72e7360055b092a7f62a1fb27825ba9817be7a2f41d19b73c6f007d1346,12,11,34,34,1
12,PRIME_MERSENNE_61,2305843009213693951,stress-12-PRIME_MERSENNE_61-t0,forced_01,sha256:68f6b72e7360055b092a7f62a1fb27825ba9817be7a2f41d19b73c6f007d1346,12,12,39,39,1
12,PRIME_MERSENNE_61,2305843009213693951,stress-12-PRIME_MERSENNE_61-t1,forced_01,sha256:c94e8de8d2c96123aa95a1ceb7ef9598e40cb7f007ecd484b35fd1d3495fa8c4,12,0,1,1,1
12,PRIME_MERSENNE_61,2305843009213693951,stress-12-PRIME_MERSENNE_61-t1,forced_01,sha256:c94e8de8d2c96123aa95a1ceb7ef9598e40cb7f007ecd484b35fd1d3495fa8c4,12,1,4,4,1
12,PRIME_MERSENNE_61,2305843009213693951,stress-12-PRIME_MERSENNE_61-t1,forced_01,sha256:c94e8de8d2c96123aa95a1ceb7ef9598e40cb7f007ecd484b35fd1d3495fa8c4,12,2,7,7,1
12,PRIME_MERSENNE_61,2305843009213693951,stress-12-PRIME_MERSENNE_61-t1,forced_01,sha256:c94e8de8d2c96123aa95a1ceb7ef9598e40cb7f007ecd484b35fd1d3495fa8c4,12,3,10,10,1
12,PRIME_MERSENNE_61,2305843009213693951,stress-12-PRIME_MERSENNE_61-t1,forced_01,sha256:c94e8de8d2c96123aa95a1ceb7ef9598e40cb7f007ecd484b35fd1d3495fa8c4,12,4,13,13,1
12,PRIME_MERSENNE_61,2305843009213693951,stress-12-PRIME_MERSENNE_61-t1,forced_01,sha256:c94e8de8d2c96123aa95a1ceb7ef9598e40cb7f007ecd484b35fd1d3495fa8c4,12,5,16,16,1
12,PRIME_MERSENNE_61,2305843009213693951,stress-12-PRIME_MERSENNE_61-t1,forced_01,sha256:c94e8de8d2c96123aa95a1ceb7ef9598e40cb7f007ecd484b35fd1d3495fa8c4,12,6,19,19,1
12,PRIME_MERSENNE_61,2305843009213693951,stress-12-PRIME_MERSENNE_61-t1,forced_01,sha256:c94e8de8d2c96123aa95a1ceb7ef9598e40cb7f007ecd484b35fd1d3495fa8c4,12,7,22,22,1
12,PRIME_MERSENNE_61,2305843009213693951,stress-12-PRIME_MERSENNE_61-t1,forced_01,sha256:c94e8de8d2c96123aa95a1ceb7ef9598e40cb7f007ecd484b35fd1d3495fa8c4,12,8,25,25,1
12,PRIME_MERSENNE_61,2305843009213693951,stress-12-PRIME_MERSENNE_61-t1,forced_01,sha256:c94e8de8d2c96123aa95a1ceb7ef9598e40cb7f007ecd484b35fd1d3495fa8c4,12,9,28,28,1
12,PRIME_MERSENNE_61,2305843009213693951,stress-12-PRIME_MERSENNE_61-t1,forced_01,sha256:c94e8de8d2c96123aa95a1ceb7ef9598e40cb7f007ecd484b35fd1d3495fa8c4,12,10,31,31,1
12,PRIME_MERSENNE_61,2305843009213693951,stress-12-PRIME_MERSENNE_61-t1,forced_01,sha256:c94e8de8d2c96123aa95a1ceb7ef9598e40cb7f007ecd484b35fd1d3495fa8c4,12,11,34,34,1
12,PRIME_MERSENNE_61,2305843009213693951,stress-12-PRIME_MERSENNE_61-t1,forced_01,sha256:c94e8de8d2c96123aa95a1ceb7ef9598e40cb7f007ecd484b35fd1d3495fa8c4,12,12,39,39,1
12,PRIME_MERSENNE_61,2305843009213693951,stress-12-PRIME_MERSENNE_61-t2,forced_01,sha256:ecee160742676403edb4fc45718d13882e3bc73cf3a975a0ef5eedd411a572b8,12,0,1,1,1
12,PRIME_MERSENNE_61,2305843009213693951,stress-12-PRIME_MERSENNE_61-t2,forced_01,sha256:ecee160742676403edb4fc45718d13882e3bc73cf3a975a0ef5eedd411a572b8,12,1,4,4,1
12,PRIME_MERSENNE_61,2305843009213693951,stress-12-PRIME_MERSENNE_61-t2,forced_01,sha256:ecee160742676403edb4fc45718d13882e3bc73cf3a975a0ef5eedd411a572b8,12,2,7,7,1
12,PRIME_MERSENNE_61,2305843009213693951,stress-12-PRIME_MERSENNE_61-t2,forced_01,sha256:ecee160742676403edb4fc45718d13882e3bc73cf3a975a0ef5eedd411a572b8,12,3,10,10,1
12,PRIME_MERSENNE_61,2305843009213693951,stress-12-PRIME_MERSENNE_61-t2,forced_01,sha256:ecee160742676403edb4fc45718d13882e3bc73cf3a975a0ef5eedd411a572b8,12,4,13,13,1
12,PRIME_MERSENNE_61,2305843009213693951,stress-12-PRIME_MERSENNE_61-t2,forced_01,sha256:ecee160742676403edb4fc45718d13882e3bc73cf3a975a0ef5eedd411a572b8,12,5,16,16,1
12,PRIME_MERSENNE_61,2305843009213693951,stress-12-PRIME_MERSENNE_61-t2,forced_01,sha256:ecee160742676403edb4fc45718d13882e3bc73cf3a975a0ef5eedd411a572b8,12,6,19,19,1
12,PRIME_MERSENNE_61,2305843009213693951,stress-12-PRIME_MERSENNE_61-t2,forced_01,sha256:ecee160742676403edb4fc45718d13882e3bc73cf3a975a0ef5eedd411a572b8,12,7,22,22,1
12,PRIME_MERSENNE_61,2305843009213693951,stress-12-PRIME_MERSENNE_61-t2,forced_01,sha256:ecee160742676403edb4fc45718d13882e3bc73cf3a975a0ef5eedd411a572b8,12,8,25,25,1
12,PRIME_MERSENNE_61,2305843009213693951,stress-12-PRIME_MERSENNE_61-t2,forced_01,sha256:ecee160742676403edb4fc45718d13882e3bc73cf3a975a0ef5eedd411a572b8,12,9,28,28,1
12,PRIME_MERSENNE_61,2305843009213693951,stress-12-PRIME_MERSENNE_61-t2,forced_01,sha256:ecee160742676403edb4fc45718d13882e3bc73cf3a975a0ef5eedd411a572b8,12,10,31,31,1
12,PRIME_MERSENNE_61,2305843009213693951,stress-12-PRIME_MERSENNE_61-t2,forced_01,sha256:ecee160742676403edb4fc45718d13882e3bc73cf3a975a0ef5eedd411a572b8,12,11,34,34,1
12,PRIME_MERSENNE_61,2305843009213693951,stress-12-PRIME_MERSENNE_61-t2,forced_01,sha256:ecee160742676403edb4fc45718d13882e3bc73cf3a975a0ef5eedd411a572b8,12,12,39,39,1
12,PRIME_MERSENNE_61,2305843009213693951,stress-12-PRIME_MERSENNE_61-t3,forced_01,sha256:f02cb5b8762929a282e9c6d03e7d681639e13b5a706ba2df112c80458f3c1259,12,0,1,1,1
12,PRIME_MERSENNE_61,2305843009213693951,stress-12-PRIME_MERSENNE_61-t3,forced_01,sha256:f02cb5b8762929a282e9c6d03e7d681639e13b5a706ba2df112c80458f3c1259,12,1,4,4,1
12,PRIME_MERSENNE_61,2305843009213693951,stress-12-PRIME_MERSENNE_61-t3,forced_01,sha256:f02cb5b8762929a282e9c6d03e7d681639e13b5a706ba2df112c80458f3c1259,12,2,7,7,1
12,PRIME_MERSENNE_61,2305843009213693951,stress-12-PRIME_MERSENNE_61-t3,forced_01,sha256:f02cb5b8762929a282e9c6d03e7d681639e13b5a706ba2df112c80458f3c1259,12,3,10,10,1
12,PRIME_MERSENNE_61,2305843009213693951,stress-12-PRIME_MERSENNE_61-t3,forced_01,sha256:f02cb5b8762929a282e9c6d03e7d681639e13b5a706ba2df112c80458f3c1259,12,4,13,13,1
12,PRIME_MERSENNE_61,2305843009213693951,stress-12-PRIME_MERSENNE_61-t3,forced_01,sha256:f02cb5b8762929a282e9c6d03e7d681639e13b5a706ba2df112c80458f3c1259,12,5,16,16,1
12,PRIME_MERSENNE_61,2305843009213693951,stress-12-PRIME_MERSENNE_61-t3,forced_01,sha256:f02cb5b8762929a282e9c6d03e7d681639e13b5a706ba2df112c80458f3c1259,12,6,19,19,1
12,PRIME_MERSENNE_61,2305843009213693951,stress-12-PRIME_MERSENNE_61-t3,forced_01,sha256:f02cb5b8762929a282e9c6d03e7d681639e13b5a706ba2df112c80458f3c1259,12,7,22,22,1
12,PRIME_MERSENNE_61,2305843009213693951,stress-12-PRIME_MERSENNE_61-t3,forced_01,sha256:f02cb5b8762929a282e9c6d03e7d681639e13b5a706ba2df112c80458f3c1259,12,8,25,25,1
12,PRIME_MERSENNE_61,2305843009213693951,stress-12-PRIME_MERSENNE_61-t3,forced_01,sha256:f02cb5b8762929a282e9c6d03e7d681639e13b5a706ba2df112c80458f3c1259,12,9,28,28,1
12,PRIME_MERSENNE_61,2305843009213693951,stress-12-PRIME_MERSENNE_61-t3,forced_01,sha256:f02cb5b8762929a282e9c6d03e7d681639e13b5a706ba2df112c80458f3c1259,12,10,31,31,1
12,PRIME_MERSENNE_61,2305843009213693951,stress-12-PRIME_MERSENNE_61-t3,forced_01,sha256:f02cb5b8762929a282e9c6d03e7d681639e13b5a706ba2df112c80458f3c1259,12,11,34,34,1
12,PRIME_MERSENNE_61,2305843009213693951,stress-12-PRIME_MERSENNE_61-t3,forced_01,sha256:f02cb5b8762929a282e9c6d03e7d681639e13b5a706ba2df112c80458f3c1259,12,12,39,39,1
12,PRIME_MERSENNE_61,2305843009213693951,stress-12-PRIME_MERSENNE_61-t4,forced_01,sha256:51af7acebdbde6e2883fe138215cbe4ae11a94aa046f9eb670402ca47501f472,12,0,1,1,1
12,PRIME_MERSENNE_61,2305843009213693951,stress-12-PRIME_MERSENNE_61-t4,forced_01,sha256:51af7acebdbde6e2883fe138215cbe4ae11a94aa046f9eb670402ca47501f472,12,1,4,4,1
12,PRIME_MERSENNE_61,2305843009213693951,stress-12-PRIME_MERSENNE_61-t4,forced_01,sha256:51af7acebdbde6e2883fe138215cbe4ae11a94aa046f9eb670402ca47501f472,12,2,7,7,1
12,PRIME_MERSENNE_61,2305843009213693951,stress-12-PRIME_MERSENNE_61-t4,forced_01,sha256:51af7acebdbde6e2883fe138215cbe4ae11a94aa046f9eb670402ca47501f472,12,3,10,10,1
12,PRIME_MERSENNE_61,2305843009213693951,stress-12-PRIME_MERSENNE_61-t4,forced_01,sha256:51af7acebdbde6e2883fe138215cbe4ae11a94aa046f9eb670402ca47501f472,12,4,13,13,1
12,PRIME_MERSENNE_61,2305843009213693951,stress-12-PRIME_MERSENNE_61-t4,forced_01,sha256:51af7acebdbde6e2883fe138215cbe4ae11a94aa046f9eb670402ca47501f472,12,5,16,16,1
12,PRIME_MERSENNE_61,2305843009213693951,stress-12-PRIME_MERSENNE_61-t4,forced_01,sha256:51af7acebdbde6e2883fe138215cbe4ae11a94aa046f9eb670402ca47501f472,12,6,19,19,1
12,PRIME_MERSENNE_61,2305843009213693951,stress-12-PRIME_MERSENNE_61-t4,forced_01,sha256:51af7acebdbde6e2883fe138215cbe4ae11a94aa046f9eb670402ca47501f472,12,7,22,22,1
12,PRIME_MERSENNE_61,2305843009213693951,stress-12-PRIME_MERSENNE_61-t4,forced_01,sha256:51af7acebdbde6e2883fe138215cbe4ae11a94aa046f9eb670402ca47501f472,12,8,25,25,1
12,PRIME_MERSENNE_61,2305843009213693951,stress-12-PRIME_MERSENNE_61-t4,forced_01,sha256:51af7acebdbde6e2883fe138215cbe4ae11a94aa046f9eb670402ca47501f472,12,9,28,28,1
12,PRIME_MERSENNE_61,2305843009213693951,stress-12-PRIME_MERSENNE_61-t4,forced_01,sha256:51af7acebdbde6e2883fe138215cbe4ae11a94aa046f9eb670402ca47501f472,12,10,31,31,1
12,PRIME_MERSENNE_61,2305843009213693951,stress-12-PRIME_MERSENNE_61-t4,forced_01,sha256:51af7acebdbde6e2883fe138215cbe4ae11a94aa046f9eb670402ca47501f472,12,11,34,34,1
12,PRIME_MERSENNE_61,2305843009213693951,stress-12-PRIME_MERSENNE_61-t4,forced_01,sha256:51af7acebdbde6e2883fe138215cbe4ae11a94aa046f9eb670402ca47501f472,12,12,39,39,1
12,PRIME_RANDOM_61,2305843009213693967,stress-12-PRIME_RANDOM_61-t0,forced_01,sha256:cab25e851a723687a7659d183278fa9d577aa1e294908380a4b27b9dfa1ec387,12,0,1,1,1
12,PRIME_RANDOM_61,2305843009213693967,stress-12-PRIME_RANDOM_61-t0,forced_01,sha256:cab25e851a723687a7659d183278fa9d577aa1e294908380a4b27b9dfa1ec387,12,1,4,4,1
12,PRIME_RANDOM_61,2305843009213693967,stress-12-PRIME_RANDOM_61-t0,forced_01,sha256:cab25e851a723687a7659d183278fa9d577aa1e294908380a4b27b9dfa1ec387,12,2,7,7,1
12,PRIME_RANDOM_61,2305843009213693967,stress-12-PRIME_RANDOM_61-t0,forced_01,sha256:cab25e851a723687a7659d183278fa9d577aa1e294908380a4b27b9dfa1ec387,12,3,10,10,1
12,PRIME_RANDOM_61,2305843009213693967,stress-12-PRIME_RANDOM_61-t0,forced_01,sha256:cab25e851a723687a7659d183278fa9d577aa1e294908380a4b27b9dfa1ec387,12,4,13,13,1
12,PRIME_RANDOM_61,2305843009213693967,stress-12-PRIME_RANDOM_61-t0,forced_01,sha256:cab25e851a723687a7659d183278fa9d577aa1e294908380a4b27b9dfa1ec387,12,5,16,16,1
12,PRIME_RANDOM_61,2305843009213693967,stress-12-PRIME_RANDOM_61-t0,forced_01,sha256:cab25e851a723687a7659d183278fa9d577aa1e294908380a4b27b9dfa1ec387,12,6,19,19,1
12,PRIME_RANDOM_61,2305843009213693967,stress-12-PRIME_RANDOM_61-t0,forced_01,sha256:cab25e851a723687a7659d183278fa9d577aa1e294908380a4b27b9dfa1ec387,12,7,22,22,1
12,PRIME_RANDOM_61,2305843009213693967,stress-12-PRIME_RANDOM_61-t0,forced_01,sha256:cab25e851a723687a7659d183278fa9d577aa1e294908380a4b27b9dfa1ec387,12,8,25,25,1
12,PRIME_RANDOM_61,2305843009213693967,stress-12-PRIME_RANDOM_61-t0,forced_01,sha256:cab25e851a723687a7659d183278fa9d577aa1e294908380a4b27b9dfa1ec387,12,9,28,28,1
12,PRIME_RANDOM_61,2305843009213693967,stress-12-PRIME_RANDOM_61-t0,forced_01,sha256:cab25e851a723687a7659d183278fa9d577aa1e294908380a4b27b9dfa1ec387,12,10,31,31,1
12,PRIME_RANDOM_61,2305843009213693967,stress-12-PRIME_RANDOM_61-t0,forced_01,sha256:cab25e851a723687a7659d183278fa9d577aa1e294908380a4b27b9dfa1ec387,12,11,34,34,1
12,PRIME_RANDOM_61,2305843009213693967,stress-12-PRIME_RANDOM_61-t0,forced_01,sha256:cab25e851a723687a7659d183278fa9d577aa1e294908380a4b27b9dfa1ec387,12,12,39,39,1
12,PRIME_RANDOM_61,2305843009213693967,stress-12-PRIME_RANDOM_61-t1,forced_01,sha256:f8d46bab792897edb344b3d5dee5c05bf6f96af1ba6f97ebf142c5028a6d4c1d,12,0,1,1,1
12,PRIME_RANDOM_61,2305843009213693967,stress-12-PRIME_RANDOM_61-t1,forced_01,sha256:f8d46bab792897edb344b3d5dee5c05bf6f96af1ba6f97ebf142c5028a6d4c1d,12,1,4,4,1
12,PRIME_RANDOM_61,2305843009213693967,stress-12-PRIME_RANDOM_61-t1,forced_01,sha256:f8d46bab792897edb344b3d5dee5c05bf6f96af1ba6f97ebf142c5028a6d4c1d,12,2,7,7,1
12,PRIME_RANDOM_61,2305843009213693967,stress-12-PRIME_RANDOM_61-t1,forced_01,sha256:f8d46bab792897edb344b3d5dee5c05bf6f96af1ba6f97ebf142c5028a6d4c1d,12,3,10,10,1
12,PRIME_RANDOM_61,2305843009213693967,stress-12-PRIME_RANDOM_61-t1,forced_01,sha256:f8d46bab792897edb344b3d5dee5c05bf6f96af1ba6f97ebf142c5028a6d4c1d,12,4,13,13,1
12,PRIME_RANDOM_61,2305843009213693967,stress-12-PRIME_RANDOM_61-t1,forced_01,sha256:f8d46bab792897edb344b3d5dee5c05bf6f96af1ba6f97ebf142c5028a6d4c1d,12,5,16,16,1
12,PRIME_RANDOM_61,2305843009213693967,stress-12-PRIME_RANDOM_61-t1,forced_01,sha256:f8d46bab792897edb344b3d5dee5c05bf6f96af1ba6f97ebf142c5028a6d4c1d,12,6,19,19,1
12,PRIME_RANDOM_61,2305843009213693967,stress-12-PRIME_RANDOM_61-t1,forced_01,sha256:f8d46bab792897edb344b3d5dee5c05bf6f96af1ba6f97ebf142c5028a6d4c1d,12,7,22,22,1
12,PRIME_RANDOM_61,2305843009213693967,stress-12-PRIME_RANDOM_61-t1,forced_01,sha256:f8d46bab792897edb344b3d5dee5c05bf6f96af1ba6f97ebf142c5028a6d4c1d,12,8,25,25,1
12,PRIME_RANDOM_61,2305843009213693967,stress-12-PRIME_RANDOM_61-t1,forced_01,sha256:f8d46bab792897edb344b3d5dee5c05bf6f96af1ba6f97ebf142c5028a6d4c1d,12,9,28,28,1
12,PRIME_RANDOM_61,2305843009213693967,stress-12-PRIME_RANDOM_61-t1,forced_01,sha256:f8d46bab792897edb344b3d5dee5c05bf6f96af1ba6f97ebf142c5028a6d4c1d,12,10,31,31,1
12,PRIME_RANDOM_61,2305843009213693967,stress-12-PRIME_RANDOM_61-t1,forced_01,sha256:f8d46bab792897edb344b3d5dee5c05bf6f96af1ba6f97ebf142c5028a6d4c1d,12,11,34,34,1
12,PRIME_RANDOM_61,2305843009213693967,stress-12-PRIME_RANDOM_61-t1,forced_01,sha256:f8d46bab792897edb344b3d5dee5c05bf6f96af1ba6f97ebf142c5028a6d4c1d,12,12,39,39,1
12,PRIME_RANDOM_61,2305843009213693967,stress-12-PRIME_RANDOM_61-t2,forced_01,sha256:f1dc7d422419cd09f0c32d0d6e82b108ffa3ec9492c52bfdca5df91bc70583f2,12,0,1,1,1
12,PRIME_RANDOM_61,2305843009213693967,stress-12-PRIME_RANDOM_61-t2,forced_01,sha256:f1dc7d422419cd09f0c32d0d6e82b108ffa3ec9492c52bfdca5df91bc70583f2,12,1,4,4,1
12,PRIME_RANDOM_61,2305843009213693967,stress-12-PRIME_RANDOM_61-t2,forced_01,sha256:f1dc7d422419cd09f0c32d0d6e82b108ffa3ec9492c52bfdca5df91bc70583f2,12,2,7,7,1
12,PRIME_RANDOM_61,2305843009213693967,stress-12-PRIME_RANDOM_61-t2,forced_01,sha256:f1dc7d422419cd09f0c32d0d6e82b108ffa3ec9492c52bfdca5df91bc70583f2,12,3,10,10,1
12,PRIME_RANDOM_61,2305843009213693967,stress-12-PRIME_RANDOM_61-t2,forced_01,sha256:f1dc7d422419cd09f0c32d0d6e82b108ffa3ec9492c52bfdca5df91bc70583f2,12,4,13,13,1
12,PRIME_RANDOM_61,2305843009213693967,stress-12-PRIME_RANDOM_61-t2,forced_01,sha256:f1dc7d422419cd09f0c32d0d6e82b108ffa3ec9492c52bfdca5df91bc70583f2,12,5,16,16,1
12,PRIME_RANDOM_61,2305843009213693967,stress-12-PRIME_RANDOM_61-t2,forced_01,sha256:f1dc7d422419cd09f0c32d0d6e82b108ffa3ec9492c52bfdca5df91bc70583f2,12,6,19,19,1
12,PRIME_RANDOM_61,2305843009213693967,stress-12-PRIME_RANDOM_61-t2,forced_01,sha256:f1dc7d422419cd09f0c32d0d6e82b108ffa3ec9492c52bfdca5df91bc70583f2,12,7,22,22,1
12,PRIME_RANDOM_61,2305843009213693967,stress-12-PRIME_RANDOM_61-t2,forced_01,sha256:f1dc7d422419cd09f0c32d0d6e82b108ffa3ec9492c52bfdca5df91bc70583f2,12,8,25,25,1
12,PRIME_RANDOM_61,2305843009213693967,stress-12-PRIME_RANDOM_61-t2,forced_01,sha256:f1dc7d422419cd09f0c32d0d6e82b108ffa3ec9492c52bfdca5df91bc70583f2,12,9,28,28,1
12,PRIME_RANDOM_61,2305843009213693967,stress-12-PRIME_RANDOM_61-t2,forced_01,sha256:f1dc7d422419cd09f0c32d0d6e82b108ffa3ec9492c52bfdca5df91bc70583f2,12,10,31,31,1
12,PRIME_RANDOM_61,2305843009213693967,stress-12-PRIME_RANDOM_61-t2,forced_01,sha256:f1dc7d422419cd09f0c32d0d6e82b108ffa3ec9492c52bfdca5df91bc70583f2,12,11,34,34,1
12,PRIME_RANDOM_61,2305843009213693967,stress-12-PRIME_RANDOM_61-t2,forced_01,sha256:f1dc7d422419cd09f0c32d0d6e82b108ffa3ec9492c52bfdca5df91bc70583f2,12,12,39,39,1
12,PRIME_RANDOM_61,2305843009213693967,stress-12-PRIME_RANDOM_61-t3,forced_01,sha256:c82442c33d31e6ed76ddfd4fbc169bd8903fe2522c234fe89bb89e11b23cc9fc,12,0,1,1,1
12,PRIME_RANDOM_61,2305843009213693967,stress-12-PRIME_RANDOM_61-t3,forced_01,sha256:c82442c33d31e6ed76ddfd4fbc169bd8903fe2522c234fe89bb89e11b23cc9fc,12,1,4,4,1
12,PRIME_RANDOM_61,2305843009213693967,stress-12-PRIME_RANDOM_61-t3,forced_01,sha256:c82442c33d31e6ed76ddfd4fbc169bd8903fe2522c234fe89bb89e11b23cc9fc,12,2,7,7,1
12,PRIME_RANDOM_61,2305843009213693967,stress-12-PRIME_RANDOM_61-t3,forced_01,sha256:c82442c33d31e6ed76ddfd4fbc169bd8903fe2522c234fe89bb89e11b23cc9fc,12,3,10,10,1
12,PRIME_RANDOM_61,2305843009213693967,stress-12-PRIME_RANDOM_61-t3,forced_01,sha256:c82442c33d31e6ed76ddfd4fbc169bd8903fe2522c234fe89bb89e11b23cc9fc,12,4,13,13,1
12,PRIME_RANDOM_61,2305843009213693967,stress-12-PRIME_RANDOM_61-t3,forced_01,sha256:c82442c33d31e6ed76ddfd4fbc169bd8903fe2522c234fe89bb89e11b23cc9fc,12,5,16,16,1
12,PRIME_RANDOM_61,2305843009213693967,stress-12-PRIME_RANDOM_61-t3,forced_01,sha256:c82442c33d31e6ed76ddfd4fbc169bd8903fe2522c234fe89bb89e11b23cc9fc,12,6,19,19,1
12,PRIME_RANDOM_61,2305843009213693967,stress-12-PRIME_RANDOM_61-t3,forced_01,sha256:c82442c33d31e6ed76ddfd4fbc169bd8903fe2522c234fe89bb89e11b23cc9fc,12,7,22,22,1
12,PRIME_RANDOM_61,2305843009213693967,stress-12-PRIME_RANDOM_61-t3,forced_01,sha256:c82442c33d31e6ed76ddfd4fbc169bd8903fe2522c234fe89bb89e11b23cc9fc,12,8,25,25,1
12,PRIME_RANDOM_61,2305843009213693967,stress-12-PRIME_RANDOM_61-t3,forced_01,sha256:c82442c33d31e6ed76ddfd4fbc169bd8903fe2522c234fe89bb89e11b23cc9fc,12,9,28,28,1
12,PRIME_RANDOM_61,2305843009213693967,stress-12-PRIME_RANDOM_61-t3,forced_01,sha256:c82442c33d31e6ed76ddfd4fbc169bd8903fe2522c234fe89bb89e11b23cc9fc,12,10,31,31,1
12,PRIME_RANDOM_61,2305843009213693967,stress-12-PRIME_RANDOM_61-t3,forced_01,sha256:c82442c33d31e6ed76ddfd4fbc169bd8903fe2522c234fe89bb89e11b23cc9fc,12,11,34,34,1
12,PRIME_RANDOM_61,2305843009213693967,stress-12-PRIME_RANDOM_61-t3,forced_01,sha256:c82442c33d31e6ed76ddfd4fbc169bd8903fe2522c234fe89bb89e11b23cc9fc,12,12,39,39,1
12,PRIME_RANDOM_61,2305843009213693967,stress-12-PRIME_RANDOM_61-t4,forced_01,sha256:393f4ad55dc0b36609819ab6d36253d853130891dd06c0becf162eac43c42ab0,12,0,1,1,1
12,PRIME_RANDOM_61,2305843009213693967,stress-12-PRIME_RANDOM_61-t4,forced_01,sha256:393f4ad55dc0b36609819ab6d36253d853130891dd06c0becf162eac43c42ab0,12,1,4,4,1
12,PRIME_RANDOM_61,2305843009213693967,stress-12-PRIME_RANDOM_61-t4,forced_01,sha256:393f4ad55dc0b36609819ab6d36253d853130891dd06c0becf162eac43c42ab0,12,2,7,7,1
12,PRIME_RANDOM_61,2305843009213693967,stress-12-PRIME_RANDOM_61-t4,forced_01,sha256:393f4ad55dc0b36609819ab6d36253d853130891dd06c0becf162eac43c42ab0,12,3,10,10,1
12,PRIME_RANDOM_61,2305843009213693967,stress-12-PRIME_RANDOM_61-t4,forced_01,sha256:393f4ad55dc0b36609819ab6d36253d853130891dd06c0becf162eac43c42ab0,12,4,13,13,1
12,PRIME_RANDOM_61,2305843009213693967,stress-12-PRIME_RANDOM_61-t4,forced_01,sha256:393f4ad55dc0b36609819ab6d36253d853130891dd06c0becf162eac43c42ab0,12,5,16,16,1
12,PRIME_RANDOM_61,2305843009213693967,stress-12-PRIME_RANDOM_61-t4,forced_01,sha256:393f4ad55dc0b36609819ab6d36253d853130891dd06c0becf162eac43c42ab0,12,6,19,19,1
12,PRIME_RANDOM_61,2305843009213693967,stress-12-PRIME_RANDOM_61-t4,forced_01,sha256:393f4ad55dc0b36609819ab6d36253d853130891dd06c0becf162eac43c42ab0,12,7,22,22,1
12,PRIME_RANDOM_61,2305843009213693967,stress-12-PRIME_RANDOM_61-t4,forced_01,sha256:393f4ad55dc0b36609819ab6d36253d853130891dd06c0becf162eac43c42ab0,12,8,25,25,1
12,PRIME_RANDOM_61,2305843009213693967,stress-12-PRIME_RANDOM_61-t4,forced_01,sha256:393f4ad55dc0b36609819ab6d36253d853130891dd06c0becf162eac43c42ab0,12,9,28,28,1
12,PRIME_RANDOM_61,2305843009213693967,stress-12-PRIME_RANDOM_61-t4,forced_01,sha256:393f4ad55dc0b36609819ab6d36253d853130891dd06c0becf162eac43c42ab0,12,10,31,31,1
12,PRIME_RANDOM_61,2305843009213693967,stress-12-PRIME_RANDOM_61-t4,forced_01,sha256:393f4ad55dc0b36609819ab6d36253d853130891dd06c0becf162eac43c42ab0,12,11,34,34,1
12,PRIME_RANDOM_61,2305843009213693967,stress-12-PRIME_RANDOM_61-t4,forced_01,sha256:393f4ad55dc0b36609819ab6d36253d853130891dd06c0becf162eac43c42ab0,12,12,39,39,1
